fecha_url,numero_pdf,descripcion,url
2026-01-01,1414,DEJA SIN EFECTO OFICIO CIRCULAR N°1412 DEL 14 DE ABRIL DEL 2026 Y COMUNICA TASA DE INTERÉS DE ACTUALIZACIÓN – MAYO 2026.,https://www.cmfchile.cl/normativa/ofc_1414_2026.pdf
2026-01-01,1413,INFORMA TASA DE VALORIZACIÓN DE PASIVOS (CIRCULAR N°1512 DE ENERO DE 2001).,https://www.cmfchile.cl/normativa/ofc_1413_2026.pdf
2026-01-01,1412,COMUNICA TASA DE INTERÉS DE ACTUALIZACIÓN - MAYO 2026.,https://www.cmfchile.cl/normativa/ofc_1412_2026.pdf
2026-01-01,1411,COMUNICA NUEVO VALOR UNIDAD DE SEGURO REAJUSTABLE DE MAYO 2026.,https://www.cmfchile.cl/normativa/ofc_1411_2026.pdf
2026-01-01,560,MODIFICA NCG N°275 DE 2010 REFERIDA A LAS NORMAS DE INSCRIPCIÓN Y FUNCIONAMIENTO DEL REGISTRO DE EMPRESAS DE AUDITORÍA EXTERNA,https://www.cmfchile.cl/normativa/ncg_560_2026.pdf
2026-01-01,1410,COMUNICA TASA DE INTERÉS DE ACTUALIZACIÓN - ABRIL 2026.,https://www.cmfchile.cl/normativa/ofc_1410_2026.pdf
2026-01-01,1409,COMUNICA NUEVO VALOR UNIDAD DE SEGURO REAJUSTABLE DE ABRIL 2026.,https://www.cmfchile.cl/normativa/ofc_1409_2026.pdf
2026-01-01,1408,INFORMA TASA DE VALORIZACIÓN DE PASIVOS (CIRCULAR N°1512 DE ENERO DE 2001).,https://www.cmfchile.cl/normativa/ofc_1408_2026.pdf
2026-01-01,1407,INTRODUCE AJUSTES AL CAPÍTULO C-3 DEL COMPENDIO DE NORMAS CONTABLES PARA BANCOS.,https://www.cmfchile.cl/normativa/ofc_1407_2026.pdf
2026-01-01,1406,COMUNICA TASA DE INTERÉS DE ACTUALIZACIÓN - MARZO 2026.,https://www.cmfchile.cl/normativa/ofc_1406_2026.pdf
2026-01-01,1405,INFORMA TASA DE VALORIZACIÓN DE PASIVOS (CIRCULAR N°1512 DE ENERO DE 2001).,https://www.cmfchile.cl/normativa/ofc_1405_2026.pdf
2026-01-01,1404,COMUNICA NUEVO VALOR UNIDAD DE SEGURO REAJUSTABLE DE MARZO 2026.,https://www.cmfchile.cl/normativa/ofc_1404_2026.pdf
2026-01-01,2369,"EJECUTA ACUERDO DEL CONSEJO DE LA COMISIÓN PARA EL MERCADO FINANCIERO QUE APRUEBA EMISIÓN DE CIRCULAR QUE MODIFICA CIRCULAR N°1459, QUE IMPARTE NORMAS SOBRE CERTIFICADO SEGURO OBLIGATORIO LEY Nº18.490 y CIRCULAR N°2121, QUE IMPARTE NORMAS SOBRE EL SEGURO OBLIGATORIO DE ACCIDENTES PERSONALES CAUSADOS POR VEHÍCULOS MOTORIZADOS CON MATRÍCULA EXTRANJERA DEL ARTÍCULO 60 DE LA LEY Nº18.290, Y ESTABLECE FORMATO Y CONTENIDO DEL CERTIFICADO DEL SEGURO.",https://www.cmfchile.cl/normativa/cir_2369_2026.pdf
2026-01-01,559,INSTRUCCIONES PARA LA PRESTACIÓN DE LOS SERVICIOS DE LA LEY FINTEC POR PARTE DE FISCALIZADOS NO SUJETOS A LA INSCRIPCIÓN EN EL REGISTRO DE PRESTADORES DE SERVICIOS FINANCIEROS,https://www.cmfchile.cl/normativa/ncg_559_2026.pdf
2026-01-01,2368,"EJECUTA ACUERDO DEL CONSEJO DE LA COMISIÓN PARA EL MERCADO FINANCIERO QUE APRUEBA LA CIRCULAR QUE ACTUALIZA LA NORMATIVA QUE INDICA, SOBRE PREVENCIÓN DEL LAVADO DE ACTIVOS, FINANCIAMIENTO AL TERRORISMO Y LA NO PROLIFERACIÓN DE ARMAS DE DESTRUCCIÓN MASIVA APLICABLE A BANCOS, COOPERATIVAS Y EMISORES DE TARJETAS DE PAGO NO BANCARIAS EN CONCORDANCIA CON LA CIRCULAR N° 62 DE LA UNIDAD DE ANÁLISIS FINANCIERO, QUE SISTEMATIZA Y ACTUALIZA INSTRUCCIONES A LOS SUJETOS OBLIGADOS.",https://www.cmfchile.cl/normativa/cir_2368_2026.pdf
2026-01-01,1403,INTRODUCE AJUSTES TÉCNICOS A LOS ARCHIVOS DEL MSI REDEC QUE SE INDICAN.,https://www.cmfchile.cl/normativa/ofc_1403_2026.pdf
2026-01-01,1402,"INTRODUCE AJUSTES TÉCNICOS A LAS TABLAS 74, 75 Y 85 DEL MSI PARA BANCOS.",https://www.cmfchile.cl/normativa/ofc_1402_2026.pdf
2026-01-01,1401,COMUNICA TASA DE INTERÉS DE ACTUALIZACIÓN - FEBRERO 2026.,https://www.cmfchile.cl/normativa/ofc_1401_2026.pdf
2026-01-01,1400,COMUNICA NUEVO VALOR UNIDAD DE SEGURO REAJUSTABLE DE FEBRERO 2026.,https://www.cmfchile.cl/normativa/ofc_1400_2026.pdf
2026-01-01,1399,INFORMA TASA DE VALORIZACIÓN DE PASIVOS (CIRCULAR N°1512 DE ENERO DE 2001).,https://www.cmfchile.cl/normativa/ofc_1399_2026.pdf
2026-01-01,558,"EJECUTA ACUERDO DEL CONSEJO DE LA COMISIÓN PARA EL MERCADO FINANCIERO
QUE APRUEBA INFORME NORMATIVO CON FORMULARIO DE OPERACIONES EFECTUADAS MEDIANTE CÁMARAS DE COMPENSACIÓN DE PAGOS DE BAJO VALOR Y ENTIDADES CON PROYECTOS EXPERIMENTALES APROBADOS POR EL BCCH.",https://www.cmfchile.cl/normativa/ncg_558_2026.pdf
2025-01-01,1398,"COLOR CERTIFICADO PREIMPRESO DEL SEGURO OBLIGATORIO, LEY N°18.490.",https://www.cmfchile.cl/normativa/ofc_1398_2025.pdf
2025-01-01,557,"EJECUTA ACUERDO DEL CONSEJO DE LA COMISIÓN PARA EL MERCADO FINANCIERO QUE APRUEBA EMISIÓN DE NORMA DE CARÁCTER GENERAL QUE ESTABLECE NORMAS PARA SEGUROS DE CONDOMINIOS DEL ARTÍCULO 43 DE LA LEY N°21.442 Y DE NORMA QUE MODIFICA NORMA DE CARÁCTER GENERAL N°469, QUE REGULA LA CONTRATACIÓN INDIVIDUAL Y COLECTIVA DE SEGUROS ASOCIADOS A CRÉDITOS HIPOTECARIOS DEL ARTÍCULO 40 DEL D.F.L. N°251.",https://www.cmfchile.cl/normativa/ncg_557_2025.pdf
2025-01-01,556,"EJECUTA ACUERDO DEL CONSEJO DE LA COMISIÓN PARA EL MERCADO FINANCIERO QUE APRUEBA EMISIÓN DE NORMA DE CARÁCTER GENERAL QUE ESTABLECE NORMAS PARA SEGUROS DE CONDOMINIOS DEL ARTÍCULO 43 DE LA LEY N°21.442 Y DE NORMA QUE MODIFICA NORMA DE CARÁCTER GENERAL N°469, QUE REGULA LA CONTRATACIÓN INDIVIDUAL Y COLECTIVA DE SEGUROS ASOCIADOS A CRÉDITOS HIPOTECARIOS DEL ARTÍCULO 40 DEL D.F.L. N°251.",https://www.cmfchile.cl/normativa/ncg_556_2025.pdf
2025-01-01,1397,COMUNICA TASA DE INTERÉS DE ACTUALIZACIÓN - ENERO 2026.,https://www.cmfchile.cl/normativa/ofc_1397_2025.pdf
2025-01-01,1396,COMUNICA NUEVO VALOR UNIDAD DE SEGURO REAJUSTABLE DE ENERO 2026.,https://www.cmfchile.cl/normativa/ofc_1396_2025.pdf
2025-01-01,1395,INFORMA TASA DE VALORIZACIÓN DE PASIVOS (CIRCULAR N°1512 DE ENERO DE 2001).,https://www.cmfchile.cl/normativa/ofc_1395_2025.pdf
2025-01-01,555,EJECUTA ACUERDO DEL CONSEJO DE LA COMISIÓN PARA EL MERCADO FINANCIERO QUE APRUEBA NORMATIVA QUE ESTABLECE MECANISMO DE ENVÍO DE IDENTIFICACIÓN Y SEXO DE LOS DIRECTORES DE LAS SOCIEDADES ANÓNIMAS ABIERTAS Y ESPECIALES.,https://www.cmfchile.cl/normativa/ncg_555_2025.pdf
2025-01-01,1394,INTRODUCE AJUSTES TÉCNICOS A LOS ARCHIVOS NORMATIVOS DE LA NCG N°530 MANUAL DE SISTEMA DE INFORMACIÓN DE FINTEC,https://www.cmfchile.cl/normativa/ofc_1394_2025.pdf
2025-01-01,554,EJECUTA ACUERDO DEL CONSEJO DE LA COMISIÓN PARA EL MERCADO FINANCIERO QUE APRUEBA EMISIÓN DE NORMATIVA QUE INCORPORA MODIFICACIONES A LA NCG N°532 RELATIVAS AL MANUAL DE SISTEMA DE INFORMACIÓN DE FONDOS.,https://www.cmfchile.cl/normativa/ncg_554_2025.pdf
2025-01-01,1393,COMUNICA TASA DE INTERÉS DE ACTUALIZACIÓN - DICIEMBRE 2025.,https://www.cmfchile.cl/normativa/ofc_1393_2025.pdf
2025-01-01,1392,COMUNICA NUEVO VALOR UNIDAD DE SEGURO REAJUSTABLE DE DICIEMBRE 2025.,https://www.cmfchile.cl/normativa/ofc_1392_2025.pdf
2025-01-01,1391,INFORMA TASA DE VALORIZACIÓN DE PASIVOS (CIRCULAR N°1512 DE ENERO DE 2001).,https://www.cmfchile.cl/normativa/ofc_1391_2025.pdf
2025-01-01,552,"EJECUTA ACUERDO DEL CONSEJO DE LA COMISIÓN PARA EL MERCADO FINANCIERO QUE APRUEBA NORMATIVA QUE CREA  ARCHIVOS SOBRE VOLUMEN DE NEGOCIOS Y NÚMERO DE CLIENTES, PATRIMONIO MÍNIMO Y ACTIVOS PONDERADOS POR RIESGOS, REQUERIMIENTO DE PATRIMONIO Y ACTIVOS PONDERADOS POR RIESGO DE CRIPTOACTIVOS, INFORMACIÓN DE ADMINISTRACIÓN DE CARTERAS Y GARANTÍAS CONSTITUIDAS,   PARA OTRAS ENTIDADES INSCRITAS EN EL REGISTRO DE ADMINISTRADORES DE CARTERA DISTINTAS DE ADMINISTRADORAS GENERALES DE FONDOS E INTERMEDIARIOS DE VALORES.",https://www.cmfchile.cl/normativa/ncg_552_2025.pdf
2025-01-01,551,"EJECUTA ACUERDO DEL CONSEJO DE LA COMISIÓN PARA EL MERCADO FINANCIERO QUE APRUEBA NORMA DE CARÁCTER GENERAL QUE INCORPORA AL MANUAL DE SISTEMAS DE INFORMACIÓN DE FONDOS NUEVOS ARCHIVOS DE VOLUMEN DE NEGOCIOS Y NÚMERO DE CLIENTES, PATRIMONIO MÍNIMO Y ACTIVOS PONDERADOS POR RIESGOS, REQUERIMIENTO DE PATRIMONIO Y ACTIVOS PONDERADOS POR RIESGO DE CRIPTOACTIVOS, INFORMACIÓN DE ADMINISTRACIÓN DE CARTERAS Y GARANTÍAS CONSTITUIDAS.",https://www.cmfchile.cl/normativa/ncg_551_2025.pdf
2025-01-01,2367,"EJECUTA ACUERDO DEL CONSEJO DE LA COMISIÓN PARA EL MERCADO FINANCIERO QUE APRUEBA LA PUBLICACIÓN DE LA CIRCULAR QUE AJUSTA EL ALCANCE DE LA INFORMACIÓN REFERIDA A CRÉDITOS OTORGADOS BAJO PROGRAMAS DE GARANTÍAS ESTATALES; ACTUALIZA LAS INSTRUCCIONES GENERALES DEL MANUAL DEL SISTEMA DE INFORMACIÓN Y EL CAPÍTULO C-3 DEL COMPENDIO DE NORMAS CONTABLES, AMBOS PARA BANCOS.",https://www.cmfchile.cl/normativa/cir_2367_2025.pdf
2025-01-01,1390,COMUNICA TASA DE INTERÉS DE ACTUALIZACIÓN - NOVIEMBRE 2025.,https://www.cmfchile.cl/normativa/ofc_1390_2025.pdf
2025-01-01,1389,COMUNICA NUEVO VALOR UNIDAD DE SEGURO REAJUSTABLE DE NOVIEMBRE 2025.,https://www.cmfchile.cl/normativa/ofc_1389_2025.pdf
2025-01-01,1388,INFORMA TASA DE VALORIZACIÓN DE PASIVOS (CIRCULAR N°1512 DE ENERO DE 2001).,https://www.cmfchile.cl/normativa/ofc_1388_2025.pdf
2025-01-01,1387,INTRODUCE AJUSTES TÉCNICOS A LA TABLA 126 DEL MSI PARA BANCOS Y A LOS ARCHIVOS DEL MSI REDEC.,https://www.cmfchile.cl/normativa/ofc_1387_2025.pdf
2025-01-01,1386,COMUNICA TASA DE INTERÉS DE ACTUALIZACIÓN - OCTUBRE 2025.,https://www.cmfchile.cl/normativa/ofc_1386_2025.pdf
2025-01-01,1385,COMUNICA NUEVO VALOR UNIDAD DE SEGURO REAJUSTABLE DE OCTUBRE 2025.,https://www.cmfchile.cl/normativa/ofc_1385_2025.pdf
2025-01-01,1384,INFORMA TASA DE VALORIZACIÓN DE PASIVOS (CIRCULAR N°1512 DE ENERO DE 2001).,https://www.cmfchile.cl/normativa/ofc_1384_2025.pdf
2025-01-01,1383,INFORMA AJUSTES A LA TABLA 123 DE LA SECCIÓN TABLAS DEL SISTEMA DE INFORMACIÓN PARA BANCOS.,https://www.cmfchile.cl/normativa/ofc_1383_2025.pdf
2025-01-01,1382,INTRODUCE AJUSTES A LA TABLA 61 Y A LOS ARCHIVOS P02 Y P36 DEL MANUAL DEL SISTEMA DE INFORMACIÓN PARA BANCOS.,https://www.cmfchile.cl/normativa/ofc_1382_2025.pdf
2025-01-01,1381,"INTRODUCE AJUSTES TÉCNICOS AL ARCHIVO E24 DE LA NCG N°487 RESPECTO LOS CAMPOS 26, 28 Y 34 DEL REGISTRO 1 Y AGREGA CARÁTULAS DE CUADRATURA PARA REGISTROS 1 Y 2",https://www.cmfchile.cl/normativa/ofc_1381_2025.pdf
2025-01-01,547,"EJECUTA ACUERDO DEL CONSEJO DE LA COMISIÓN PARA EL MERCADO FINANCIERO QUE APRUEBA LA EMISIÓN DE NORMA DE CARÁCTER GENERAL QUE ESTABLECE NORMAS SOBRE SEGUROS PARAMÉTRICOS Y MODIFICACIÓN DE NORMA DE CARÁCTER GENERAL N° 306, QUE IMPARTE INSTRUCCIONES SOBRE CONSTITUCIÓN DE RESERVAS TÉCNICAS EN SEGUROS DISTINTOS DE LOS SEGUROS PREVISIONALES DEL DL N° 3.500, DE 1980.",https://www.cmfchile.cl/normativa/ncg_547_2025.pdf
2025-01-01,546,"EJECUTA ACUERDO DEL CONSEJO DE LA COMISIÓN PARA EL MERCADO FINANCIERO QUE APRUEBA LA EMISIÓN DE NORMA DE CARÁCTER GENERAL QUE ESTABLECE NORMAS SOBRE SEGUROS PARAMÉTRICOS Y MODIFICACIÓN DE NORMA DE CARÁCTER GENERAL N° 306, QUE IMPARTE INSTRUCCIONES SOBRE CONSTITUCIÓN DE RESERVAS TÉCNICAS EN SEGUROS DISTINTOS DE LOS SEGUROS PREVISIONALES DEL DL N° 3.500, DE 1980.",https://www.cmfchile.cl/normativa/ncg_546_2025.pdf
2025-01-01,1380,COMUNICA TASA DE INTERÉS DE ACTUALIZACIÓN - SEPTIEMBRE 2025.,https://www.cmfchile.cl/normativa/ofc_1380_2025.pdf
2025-01-01,1379,COMUNICA NUEVO VALOR UNIDAD DE SEGURO REAJUSTABLE DE SEPTIEMBRE 2025.,https://www.cmfchile.cl/normativa/ofc_1379_2025.pdf
2025-01-01,1378,INFORMA TASA DE VALORIZACIÓN DE PASIVOS (CIRCULAR N°1512 DE ENERO DE 2001).,https://www.cmfchile.cl/normativa/ofc_1378_2025.pdf
2025-01-01,544,"EJECUTA ACUERDO DEL CONSEJO DE LA COMISIÓN PARA EL MERCADO FINANCIERO QUE APRUEBA LA NORMA QUE MODIFICA NORMA DE CARÁCTER GENERAL N°538 Y POSTERGA LA VIGENCIA DE ÉSTA COMO INDICA, EXCLUYE LA PUBLICACIÓN DEL INFORME NORMATIVO Y EXIME DEL TRÁMITE DE CONSULTA PÚBLICA POR URGENCIA.",https://www.cmfchile.cl/normativa/ncg_544_2025.pdf
2025-01-01,543,EJECUTA ACUERDO DEL CONSEJO DE LA COMISIÓN PARA EL MERCADO FINANCIERO QUE APRUEBA NORMATIVA QUE DEROGA EL CAPÍTULO 1-6 Y MODIFICA EL CAPÍTULO 1-8 AMBOS DE LA RECOPILACIÓN ACTUALIZADA DE NORMAS DE BANCOS.,https://www.cmfchile.cl/normativa/ncg_543_2025.pdf
2025-01-01,1377,INTRODUCE AJUSTES TÉCNICOS A LOS REQUERIMIENTOS DE INFORMACIÓN AL FONDO DE GARANTÍAS ESPECIALES Y FONDO DE GARANTÍAS PARA PEQUEÑOS Y MEDIANOS EMPRESARIOS (FOGAPE); AMBOS ADMINISTRADOS POR EL BANCO DEL ESTADO DE CHILE.,https://www.cmfchile.cl/normativa/ofc_1377_2025.pdf
2025-01-01,1376,INTRODUCE AJUSTES TÉCNICOS AL ARCHIVO C70 DEL MANUAL DEL SISTEMA DE INFORMACIÓN PARA BANCOS EN VIRTUD DEL NUEVO PROGRAMA DE GARANTÍAS “APOYO VIVIENDA NUEVA” DEL FONDO DE GARANTÍAS ESPECIALES.,https://www.cmfchile.cl/normativa/ofc_1376_2025.pdf
2025-01-01,2366,"EJECUTA ACUERDO DEL CONSEJO DE LA COMISIÓN PARA EL MERCADO FINANCIERO QUE APRUEBA LA CIRCULAR QUE MODIFICA LA VIGENCIA DE LA CIRCULAR N°2.364 DE 19 DE JUNIO DE 2025, E INCLUYE UNA DISPOSICIÓN TRANSITORIA EN LA MISMA, EXCLUYENDO LA EMISIÓN DEL INFORME NORMATIVO Y EL TRÁMITE DE CONSULTA PÚBLICA POR RESULTAR INNECESARIO.",https://www.cmfchile.cl/normativa/cir_2366_2025.pdf
2025-01-01,541,"EJECUTA ACUERDO DEL CONSEJO DE LA COMISIÓN PARA EL MERCADO FINANCIERO QUE APRUEBA AJUSTES A INSTRUCCIONES SOBRE EMISORES Y OPERADORES DE TARJETAS DE PAGO EN RELACIÓN CON SUB-ADQUIRENCIA, ADQUIRENCIA TRANSFRONTERIZA Y OTROS AJUSTES EFECTUADOS POR EL BANCO CENTRAL DE CHILE AL COMPENDIO DE NORMAS FINANCIERAS.",https://www.cmfchile.cl/normativa/ncg_541_2025.pdf
2025-01-01,540,"EJECUTA ACUERDO DEL CONSEJO DE LA COMISIÓN PARA EL MERCADO FINANCIERO QUE APRUEBA LA EMISIÓN DE LAS NORMAS DE FUNCIONAMIENTO OPERATIVO DEL REGISTRO DE DEUDA CONSOLIDADA, CONFORME A LO DISPUESTO EN LA LEY N°21.680 QUE CREA UN REGISTRO DE DEUDA CONSOLIDADA.",https://www.cmfchile.cl/normativa/ncg_540_2025.pdf
2025-01-01,1375,"INTRODUCE AJUSTES TÉCNICOS A LOS ARCHIVOS C70, D62 Y E26 DEL MANUAL DEL SISTEMA DE INFORMACIÓN PARA BANCOS EN VIRTUD DE LOS NUEVOS PROGRAMAS DE GARANTÍAS “APOYO VIVIENDA NUEVA” Y “RECUPERACIÓN PRODUCTIVA REGIONAL” DEL FONDO DE GARANTÍAS ESPECIALES.",https://www.cmfchile.cl/normativa/ofc_1375_2025.pdf
2025-01-01,1374,INFORMA TASA DE VALORIZACIÓN DE PASIVOS (CIRCULAR N°1512 DE ENERO DE 2001).,https://www.cmfchile.cl/normativa/ofc_1374_2025.pdf
2025-01-01,1373,COMUNICA TASA DE INTERÉS DE ACTUALIZACIÓN - AGOSTO 2025.,https://www.cmfchile.cl/normativa/ofc_1373_2025.pdf
2025-01-01,1372,COMUNICA NUEVO VALOR UNIDAD DE SEGURO REAJUSTABLE DE AGOSTO 2025.,https://www.cmfchile.cl/normativa/ofc_1372_2025.pdf
2025-01-01,2365,EJECUTA ACUERDO DEL CONSEJO DE LA COMISIÓN PARA EL MERCADO FINANCIERO QUE APRUEBA LA CIRCULAR QUE AJUSTA EL CAPÍTULO 21-13 DE LA RECOPILACIÓN ACTUALIZADA DE NORMAS PARA BANCOS.,https://www.cmfchile.cl/normativa/cir_2365_2025.pdf
2025-01-01,539,EJECUTA ACUERDO DEL CONSEJO DE LA COMISIÓN PARA EL MERCADO FINANCIERO QUE APRUEBA DICTACIÓN DE NORMATIVA QUE ACTUALIZA OBLIGACIONES DE INFORMACIÓN DE LA LEY N°20.009.,https://www.cmfchile.cl/normativa/ncg_539_2025.pdf
2025-01-01,2364,"EJECUTA ACUERDO DEL CONSEJO DE LA COMISIÓN PARA EL MERCADO FINANCIERO QUE APRUEBA LA CIRCULAR QUE MODIFICA EL CAPÍTULO 12-12 DE LA RECOPILACIÓN ACTUALIZADA DE NORMAS PARA BANCOS SOBRE PROHIBICIÓN A OTORGAR CRÉDITOS A DIRECTORES, APODERADOS Y PERSONAS RELACIONADAS CON ELLOS; E INTRODUCE OTRAS MODIFICACIONES DE CONCORDANCIA EN EL CAPÍTULO 12-4 DE LA RECOPILACIÓN ACTUALIZADA DE NORMAS PARA BANCOS Y EN OTROS DEL MSI DE BANCOS.",https://www.cmfchile.cl/normativa/cir_2364_2025.pdf
2025-01-01,538,"EJECUTA ACUERDO DEL CONSEJO DE LA COMISIÓN PARA EL MERCADO FINANCIERO QUE APRUEBA NORMATIVA SOBRE ESTÁNDARES DE SEGURIDAD Y AUTENTICACIÓN A EMISORES BANCARIOS Y NO BANCARIOS, Y EXIME DE TRAMITE QUE INDICA .",https://www.cmfchile.cl/normativa/ncg_538_2025.pdf
2025-01-01,1371,COMUNICA NUEVO VALOR UNIDAD DE SEGURO REAJUSTABLE DE JULIO 2025.,https://www.cmfchile.cl/normativa/ofc_1371_2025.pdf
2025-01-01,1370,COMUNICA TASA DE INTERÉS DE ACTUALIZACIÓN - JULIO 2025.,https://www.cmfchile.cl/normativa/ofc_1370_2025.pdf
2025-01-01,1369,INFORMA TASA DE VALORIZACIÓN DE PASIVOS (CIRCULAR N°1512 DE ENERO DE 2001).,https://www.cmfchile.cl/normativa/ofc_1369_2025.pdf
2025-01-01,537,"EJECUTA ACUERDO DEL CONSEJO DE LA COMISIÓN PARA EL MERCADO FINANCIERO QUE APRUEBA LA NORMA DE CARÁCTER GENERAL QUE MODIFICA EL CAPÍTULO 8-41 DE LA RECOPILACIÓN ACTUALIZADA DE NORMAS DE BANCOS Y LA CIRCULAR N°1 PARA EMPRESAS EMISORAS DE TARJETAS DE PAGO NO BANCARIAS, RESPECTO DE LA DETERMINACIÓN DE UNA FÓRMULA PARA EL CÁLCULO DEL MONTO MÍNIMO A PAGAR EN TARJETAS DE CRÉDITO, Y A LAS SITUACIONES EXCEPCIONALES EN QUE SE LIBERARÁ A LOS DEUDORES DE DICHA OBLIGACIÓN.",https://www.cmfchile.cl/normativa/ncg_537_2025.pdf
2025-01-01,1368,"INTRODUCE AJUSTES TÉCNICOS AL ARCHIVO C45 DEL SISTEMA CONTABLE DEL MANUAL DEL SISTEMA DE INFORMACIÓN DE BANCOS, RESPECTO DEL CÓDIGO DE INSTITUCIÓN.",https://www.cmfchile.cl/normativa/ofc_1368_2025.pdf
2025-01-01,1367,COMUNICA NUEVO VALOR UNIDAD DE SEGURO REAJUSTABLE DE JUNIO 2025.,https://www.cmfchile.cl/normativa/ofc_1367_2025.pdf
2025-01-01,1366,COMUNICA TASA DE INTERÉS DE ACTUALIZACIÓN - JUNIO 2025,https://www.cmfchile.cl/normativa/ofc_1366_2025.pdf
2025-01-01,1365,INFORMA TASA DE VALORIZACIÓN DE PASIVOS (CIRCULAR N°1512 DE ENERO DE 2001).,https://www.cmfchile.cl/normativa/ofc_1365_2025.pdf
2025-01-01,1364,AJUSTES TÉCNICOS AL ARCHIVO P73 DEL MANUAL DEL SISTEMA DE INFORMACIÓN PARA BANCOS,https://www.cmfchile.cl/normativa/ofc_1364_2025.pdf
2025-01-01,2363,EJECUTA ACUERDO DEL CONSEJO DE LA COMISIÓN PARA EL MERCADO FINANCIERO QUE APRUEBA LA CIRCULAR QUE MODIFICA EL CAPÍTULO 8-1 DE LA RECOPILACIÓN ACTUALIZADA DE NORMAS PARA BANCOS,https://www.cmfchile.cl/normativa/cir_2363_2025.pdf
2025-01-01,1363,COMUNICA TASA DE INTERÉS DE ACTUALIZACIÓN - MAYO 2025,https://www.cmfchile.cl/normativa/ofc_1363_2025.pdf
2025-01-01,1362,COMUNICA NUEVO VALOR UNIDAD DE SEGURO REAJUSTABLE DE MAYO 2025.,https://www.cmfchile.cl/normativa/ofc_1362_2025.pdf
2025-01-01,1361,INFORMA TASA DE VALORIZACIÓN DE PASIVOS (CIRCULAR N°1512 DE ENERO DE 2001).,https://www.cmfchile.cl/normativa/ofc_1361_2025.pdf
2025-01-01,536,EJECUTA ACUERDO DEL CONSEJO DE LA COMISIÓN PARA EL MERCADO FINANCIERO QUE APRUEBA NORMATIVA QUE ESTABLECE LOS REQUISITOS DE IDONEIDAD Y CAPACIDAD TÉCNICA PARA SER DESIGNADO INTERVENTOR DE LOS PRESTADORES DEL SERVICIO DE INTERMEDIACIÓN Y CUSTODIA DE INSTRUMENTOS FINANCIEROS DEL TÍTULO II DE LA LEY N°21.521.,https://www.cmfchile.cl/normativa/ncg_536_2025.pdf
2025-01-01,535,EJECUTA ACUERDO DEL CONSEJO DE LA COMISIÓN PARA EL MERCADO FINANCIERO QUE APRUEBA NORMATIVA QUE ESTABLECE REQUISITOS DE IDONEIDAD Y CAPACIDAD TÉCNICA PARA SER DESIGNADO INTERVENTOR O ADMINISTRADOR PROVISIONAL DE INTERMEDIARIOS DE VALORES Y CORREDORES DE BOLSA DE PRODUCTOS.,https://www.cmfchile.cl/normativa/ncg_535_2025.pdf
2025-01-01,534,EJECUTA ACUERDO DEL CONSEJO DE LA COMISIÓN PARA EL MERCADO FINANCIERO QUE EXIME DE TRÁMITES DEL N°3 DEL ARTÍCULO 20 DEL DECRETO LEY N°3.538 Y APRUEBA EMISIÓN DE NORMATIVA QUE MODIFICA LA CIRCULAR N°12 DE 2010 Y EL CAPÍTULO 19-2 DE LA RECOPILACIÓN ACTUALIZADA DE NORMAS DE BANCOS,https://www.cmfchile.cl/normativa/ncg_534_2025.pdf
2025-01-01,2362,EJECUTA ACUERDO DEL CONSEJO DE LA COMISIÓN PARA EL MERCADO FINANCIERO QUE EXIME DE TRAMITES DEL NÚMERO 3 DEL ARTÍCULO 20 DEL DECRETO LEY N°3.538 Y APRUEBA EMISIÓN DE NORMATIVA QUE MODIFICA LA CIRCULAR N°1.696 DE 2003,https://www.cmfchile.cl/normativa/cir_2362_2025.pdf
2025-01-01,533,EJECUTA ACUERDO DEL CONSEJO DE LA COMISIÓN PARA EL MERCADO FINANCIERO QUE APRUEBA EMISIÓN DE NORMA DE CARÁCTER GENERAL SOBRE DIRECTOR INDEPENDIENTE Y POLÍTICA DE ELECCIÓN DE DIRECTORES DE FILIALES,https://www.cmfchile.cl/normativa/ncg_533_2025.pdf
2025-01-01,1360,COMUNICA TASA DE INTERÉS DE ACTUALIZACIÓN – ABRIL 2025.,https://www.cmfchile.cl/normativa/ofc_1360_2025.pdf
2025-01-01,1359,COMUNICA NUEVO VALOR UNIDAD DE SEGURO REAJUSTABLE DE ABRIL 2025.,https://www.cmfchile.cl/normativa/ofc_1359_2025.pdf
2025-01-01,1358,INFORMA TASA DE VALORIZACIÓN DE PASIVOS (CIRCULAR N° 1512 DE ENERO DE 2001).,https://www.cmfchile.cl/normativa/ofc_1358_2025.pdf
2025-01-01,532,EJECUTA ACUERDO DEL CONSEJO DE LA COMISIÓN PARA EL MERCADO FINANCIERO QUE APRUEBA EMISIÓN DE NORMATIVA QUE ESTABLECE EL MANUAL DE SISTEMA DE INFORMACIÓN DE FONDOS QUE IMPARTE INSTRUCCIONES PARA EL ENVÍO DE INFORMACIÓN PARA LA FISCALIZACIÓN DE LOS FONDOS Y SUS ADMINISTRADORAS REGULADAS POR LA LEY N°20.712 E INTRODUCE MODIFICACIONES EN LAS SECCIONES II Y III DE LA NCG N°365 PARA EL ENVÍO DEL ARCHIVO DE VARIABLES RELEVANTES DEL REGLAMENTO INTERNO DEL FONDO,https://www.cmfchile.cl/normativa/ncg_532_2025.pdf
2025-01-01,1357,COMUNICA TASA DE INTERÉS DE ACTUALIZACIÓN – MARZO 2025,https://www.cmfchile.cl/normativa/ofc_1357_2025.pdf
2025-01-01,1356,COMUNICA NUEVO VALOR UNIDAD DE SEGURO REAJUSTABLE DE MARZO 2025.,https://www.cmfchile.cl/normativa/ofc_1356_2025.pdf
2025-01-01,1355,INFORMA TASA DE VALORIZACIÓN DE PASIVOS (CIRCULAR N° 1512 DE ENERO DE 2001).,https://www.cmfchile.cl/normativa/ofc_1355_2025.pdf
2025-01-01,530,EJECUTA ACUERDO DEL CONSEJO DE LA COMISIÓN PARA EL MERCADO FINANCIERO QUE APRUEBA EMISIÓN DE NORMATIVA QUE ESTABLECE EL MANUAL DE SISTEMA DE INFORMACIÓN FINTEC QUE IMPARTE INSTRUCCIONES PARA EL ENVÍO DE INFORMACIÓN PARA LA FISCALIZACIÓN DE LAS ENTIDADES AUTORIZADAS A PRESTAR LOS SERVICIOS DEL TÍTULO II DE LA LEY 21.521.,https://www.cmfchile.cl/normativa/ncg_530_2025.pdf
2025-01-01,1354,COMUNICA TASA DE INTERÉS DE ACTUALIZACIÓN – FEBRERO 2025,https://www.cmfchile.cl/normativa/ofc_1354_2025.pdf
2025-01-01,1353,INFORMA TASA DE VALORIZACIÓN DE PASIVOS (CIRCULAR N° 1512 DE ENERO DE 2001).,https://www.cmfchile.cl/normativa/ofc_1353_2025.pdf
2025-01-01,1352,COMUNICA NUEVO VALOR UNIDAD DE SEGURO REAJUSTABLE DE FEBRERO 2025.,https://www.cmfchile.cl/normativa/ofc_1352_2025.pdf
2025-01-01,2361,"INCORPORA NUEVOS ARCHIVOS DE INGRESOS Y COSTOS DE EMISIÓN Y OPERACIÓN DE TARJETAS. ACTUALIZA EL MANUAL DE SISTEMA DE INFORMACIÓN PARA BANCOS, LA CIRCULAR N°1 DE EMPRESAS OPERADORAS DE TARJETAS DE PAGO Y ACTUALIZA REFERENCIAS EN LA CIRCULAR N°1 DE EMPRESAS EMISORAS DE TARJETAS DE PAGO NO BANCARIAS, EN LA CIRCULAR N°108 DE COOPERATIVAS DE AHORRO Y CRÉDITO, Y EN LA CIRCULAR N°23 DE SOCIEDADES DE APOYO AL GIRO.",https://www.cmfchile.cl/normativa/cir_2361_2025.pdf
2024-01-01,529,EJECUTA ACUERDO DEL CONSEJO DE LA COMISIÓN PARA EL MERCADO FINANCIERO QUE DEJA SIN EFECTO ACUERDO QUE INDICA Y APRUEBA PROPUESTA NORMATIVA QUE MODIFICA LA NORMA  DE CARÁCTER GENERAL N°510 QUE IMPARTE INSTRUCCIONES DE GESTIÓN DE RIESGO OPERACIONAL.,https://www.cmfchile.cl/normativa/ncg_529_2024.pdf
2024-01-01,528,"EJECUTA ACUERDO DEL CONSEJO DE LA COMISIÓN PARA EL MERCADO FINANCIERO QUE DEJA SIN EFECTO ACUERDO QUE INDICA Y APRUEBA PROPUESTA NORMATIVA QUE IMPARTE INSTRUCCIONES SOBRE GOBIERNO CORPORATIVO Y GESTIÓN DE RIESGOS PARA INTERMEDIARIOS DE VALORES Y CORREDORES DE BOLSA DE PRODUCTOS, Y DEROGA LA CIRCULAR N°2.054 DE 2011.",https://www.cmfchile.cl/normativa/ncg_528_2024.pdf
2024-01-01,527,MODIFICA NORMA DE CARÁCTER GENERAL N°507 QUE IMPARTE INSTRUCCIONES SOBRE GOBIERNO CORPORATIVO Y GESTIÓN INTEGRAL DE RIESGOS EN ADMINISTRADORAS GENERALES DE FONDOS Y NORMA DE CARÁCTER GENERAL N°468 QUE REGULA EL PROCESO DE AUTORIZACIÓN DE INICIO DE FUNCIONES DE ADMINISTRADORAS GENERALES DE FONDOS.,https://www.cmfchile.cl/normativa/ncg_527_2024.pdf
2024-01-01,526,EJECUTA ACUERDO DEL CONSEJO DE LA COMISIÓN PARA EL MERCADO FINANCIERO QUE APRUEBA NORMA DE CARÁCTER GENERAL QUE IMPARTE INSTRUCCIONES SOBRE CÁLCULO DE PATRIMONIO MÍNIMO Y GARANTÍAS PARA ADMINISTRADORAS GENERALES DE FONDOS Y ADMINISTRADORAS DE CARTERA. DEROGA NCG N°157.,https://www.cmfchile.cl/normativa/ncg_526_2024.pdf
2024-01-01,1351,"INTRODUCE AJUSTES TÉCNICOS AL ARCHIVO C30 DEL SISTEMA CONTABLE DEL MSI, RESPECTO DEL TIPO DE CAMBIO, AL ARCHIVO P36 DEL SISTEMA DE PRODUCTOS DEL MISMO MANUAL, AL CAPITULO C-3 DEL COMPENDIO DE NORMAS CONTABLES PARA BANCOS, Y A LA CARATULA DE CUADRATURA DEL ARCHIVO D10 DEL SISTEMA DE DEUDORES DEL MENCIONADO MANUAL.",https://www.cmfchile.cl/normativa/ofc_1351_2024.pdf
2024-01-01,1350,COMUNICA NUEVO VALOR UNIDAD DE SEGURO REAJUSTABLE DE ENERO 2025.,https://www.cmfchile.cl/normativa/ofc_1350_2024.pdf
2024-01-01,1349,COMUNICA TASA DE INTERÉS DE ACTUALIZACIÓN – ENERO 2025,https://www.cmfchile.cl/normativa/ofc_1349_2024.pdf
2024-01-01,1348,INFORMA TASA DE VALORIZACIÓN DE PASIVOS (CIRCULAR N° 1512 DE ENERO DE 2001).,https://www.cmfchile.cl/normativa/ofc_1348_2024.pdf
2024-01-01,523,EJECUTA ACUERDO DEL CONSEJO DE LA COMISIÓN PARA EL MERCADO FINANCIERO QUE APRUEBA NORMA DE CARÁCTER GENERAL QUE DICTA INSTRUCCIONES PARA EL ENVÍO SOLICITUDES Y RESOLUCIONES JUDICIALES LEY N°20.009,https://www.cmfchile.cl/normativa/ncg_523_2024.pdf
2024-01-01,522,EJECUTA ACUERDO DEL CONSEJO DE LA COMISIÓN PARA EL MERCADO FINANCIERO QUE APRUEBA NORMA DE CARÁCTER GENERAL QUE IMPARTE INSTRUCCIONES SOBRE CÁLCULO DE PATRIMONIO DE BOLSAS DE VALORES,https://www.cmfchile.cl/normativa/ncg_522_2024.pdf
2024-01-01,521,EJECUTA ACUERDO DEL CONSEJO DE LA COMISIÓN PARA EL MERCADO FINANCIERO QUE APRUEBA EMISIÓN DE NORMATIVA QUE MODIFICA NCG N°503 DE 2024,https://www.cmfchile.cl/normativa/ncg_521_2024.pdf
2024-01-01,1347,COMUNICA TASA DE INTERÉS DE ACTUALIZACIÓN – DICIEMBRE 2024,https://www.cmfchile.cl/normativa/ofc_1347_2024.pdf
2024-01-01,1346,COMUNICA NUEVO VALOR UNIDAD DE SEGURO REAJUSTABLE DE DICIEMBRE 2024.,https://www.cmfchile.cl/normativa/ofc_1346_2024.pdf
2024-01-01,1345,INFORMA TASA DE VALORIZACIÓN DE PASIVOS (CIRCULAR N° 1512 DE ENERO DE 2001).,https://www.cmfchile.cl/normativa/ofc_1345_2024.pdf
2024-01-01,519,"EJECUTA ACUERDO DEL CONSEJO DE LA COMISIÓN PARA EL MERCADO FINANCIERO QUE APRUEBA EMISIÓN DE NORMA DE CARÁCTER GENERAL QUE MODIFICA NORMAS DE CARÁCTER GENERAL N°30 Y N°461, REFERIDAS A LA MEMORIA ANUAL INTEGRADA",https://www.cmfchile.cl/normativa/ncg_519_2024.pdf
2024-01-01,2359,"EJECUTA ACUERDO DEL CONSEJO DE LA
COMISIÓN PARA EL MERCADO FINANCIERO
QUE APRUEBA LA CIRCULAR QUE
ESTABLECE MODIFICACIONES A LOS
ARCHIVOS C11, C12 Y C13, LA SECCIÓN DE
ANTECEDENTES GENERALES Y A LA TABLA
34 DEL MANUAL DE SISTEMAS DE
INFORMACIÓN DE BANCOS; PARA
REPORTAR EL CÓMPUTO DE PROVISIONES
DE LAS COLOCACIONES DE CONSUMO
SEGÚN EL MÉTODO ESTÁNDAR.",https://www.cmfchile.cl/normativa/cir_2359_2024.pdf
2024-01-01,2358,EJECUTA ACUERDO DEL CONSEJO DE LA COMISIÓN PARA EL MERCADO FINANCIERO QUE APRUEBA CIRCULAR QUE MODIFICA LA FORMA DE ENVÍO DE LA INFORMACIÓN SOBRE EL ESTADO DE COLOCACIONES Y BONOS.,https://www.cmfchile.cl/normativa/cir_2358_2024.pdf
2024-01-01,518,EJECUTA ACUERDO DEL CONSEJO DE LA COMISIÓN PARA EL MERCADO FINANCIERO QUE APRUEBA NORMATIVA QUE MODIFICA LA FORMA DE ENVÍO DE LA INFORMACIÓN SOBRE LA CARTERA DE CLIENTES DE LAS EMPRESAS DE AUDITORÍA EXTERNA,https://www.cmfchile.cl/normativa/ncg_518_2024.pdf
2024-01-01,1344,COMUNICA NUEVO VALOR UNIDAD DE SEGURO REAJUSTABLE DE NOVIEMBRE 2024.,https://www.cmfchile.cl/normativa/ofc_1344_2024.pdf
2024-01-01,1343,COMUNICA TASA DE INTERÉS DE ACTUALIZACIÓN – NOVIEMBRE 2024,https://www.cmfchile.cl/normativa/ofc_1343_2024.pdf
2024-01-01,1342,INFORMA TASA DE VALORIZACIÓN DE PASIVOS (CIRCULAR N° 1512 DE ENERO DE 2001).,https://www.cmfchile.cl/normativa/ofc_1342_2024.pdf
2024-01-01,1341,INTRODUCE AJUSTES TÉCNICOS A LOS REQUERIMIENTOS DE INFORMACIÓN A FOGAPE Y FOGAES.,https://www.cmfchile.cl/normativa/ofc_1341_2024.pdf
2024-01-01,1340,INTRODUCE AJUSTES A LA TABLA 39 Y AL ARCHIVO P72 DEL MANUAL DEL SISTEMA DE INFORMACIÓN PARA BANCOS.,https://www.cmfchile.cl/normativa/ofc_1340_2024.pdf
2024-01-01,1339,INFORMA TASA DE VALORIZACIÓN DE PASIVOS (CIRCULAR N° 1512 DE ENERO DE 2001).,https://www.cmfchile.cl/normativa/ofc_1339_2024.pdf
2024-01-01,1338,COMUNICA TASA DE INTERÉS DE ACTUALIZACIÓN – OCTUBRE 2024.,https://www.cmfchile.cl/normativa/ofc_1338_2024.pdf
2024-01-01,1337,COMUNICA NUEVO VALOR UNIDAD DE SEGURO REAJUSTABLE DE OCTUBRE 2024.,https://www.cmfchile.cl/normativa/ofc_1337_2024.pdf
2024-01-01,1336,"INTRODUCE AJUSTES TÉCNICOS AL ARCHIVO T01 ESTABLECIDO MEDIANTE LA NORMA DE CARÁCTER GENERAL N°500 SOBRE OPERACIONES DE CRÉDITO DE DINERO DE PERSONAS NATURALES CURSADAS EN EL PERIODO POR MONTOS IGUALES O SUPERIORES A 50 UF RESTITUIDAS EN CUOTAS PERIÓDICAS, ASOCIADAS AL ARTÍCULO 28 DE LA LEY N°14.908",https://www.cmfchile.cl/normativa/ofc_1336_2024.pdf
2024-01-01,2357,EJECUTA ACUERDO DEL CONSEJO DE LA COMISIÓN PARA EL MERCADO FINANCIERO QUE APRUEBA LA EMISIÓN DE LA NORMA QUE MODIFICA LA CIRCULAR N°2275 QUE ESTABLECE REQUERIMIENTO MENSUAL DE INFORMACIÓN FINANCIERA Y DE SOLVENCIA. DEROGA OFICIO CIRCULAR N°479.,https://www.cmfchile.cl/normativa/cir_2357_2024.pdf
2024-01-01,2356,EJECUTA ACUERDO DEL CONSEJO DE LA COMISIÓN PARA EL MERCADO FINANCIERO QUE APRUEBA EMISIÓN DE NORMATIVA QUE MODIFICA CIRCULAR N°1.713 DE 2004.,https://www.cmfchile.cl/normativa/cir_2356_2024.pdf
2024-01-01,517,"EJECUTA ACUERDO DEL CONSEJO DE LA COMISIÓN PARA EL MERCADO FINANCIERO QUE APRUEBA LA EMISIÓN DE LA NORMA QUE MODIFICA NORMA DE CARÁCTER GENERAL N° 136, QUE ESTABLECE NORMAS RELATIVAS AL OTORGAMIENTO Y ADQUISICION DE MUTUOS HIPOTECARIOS ENDOSABLES POR LAS ENTIDADES ASEGURADORAS Y REASEGURADORAS Y AL REGISTRO Y OPERACIONES DE LOS AGENTES ADMINISTRADORES DE MUTUOS HIPOTECARIOS ENDOSABLES.",https://www.cmfchile.cl/normativa/ncg_517_2024.pdf
2024-01-01,1335,INFORMA TASA DE VALORIZACIÓN DE PASIVOS (CIRCULAR N° 1512 DE ENERO DE 2001).,https://www.cmfchile.cl/normativa/ofc_1335_2024.pdf
2024-01-01,1334,COMUNICA TASA DE INTERÉS DE ACTUALIZACIÓN – SEPTIEMBRE 2024.,https://www.cmfchile.cl/normativa/ofc_1334_2024.pdf
2024-01-01,1333,COMUNICA NUEVO VALOR UNIDAD DE SEGURO REAJUSTABLE DE SEPTIEMBRE 2024.,https://www.cmfchile.cl/normativa/ofc_1333_2024.pdf
2024-01-01,2355,"EJECUTA ACUERDO DEL CONSEJO DE LA COMISIÓN PARA EL MERCADO FINANCIERO QUE APRUEBA LA MODIFICACIÓN DEL CAPÍTULO 11-6 DE LA RECOPILACIÓN ACTUALIZADA DE NORMAS PARA BANCOS Y LA CIRCULAR N°8 DE FILIALES, REGULACIÓN PARA SOCIEDADES FILIALES BANCARIAS DEL ARTÍCULO 70 LETRA B) DE LA LEY GENERAL DE BANCOS, DE GIRO OPERADORAS DE TARJETAS DE PAGO; Y EXIME DEL TRÁMITE DE CONSULTA PÚBLICA",https://www.cmfchile.cl/normativa/cir_2355_2024.pdf
2024-01-01,2354,EJECUTA ACUERDO DEL CONSEJO DE LA COMISIÓN PARA EL MERCADO FINANCIERO QUE APRUEBA LA EMISIÓN DE LA NORMA QUE MODIFICA LA CIRCULAR N°1835 QUE IMPARTE INSTRUCCIONES RELATIVAS A LA FORMA Y CONTENIDO DE INFORMACIÓN SOBRE INVERSIONES POR PARTE DE LA COMISIÓN.,https://www.cmfchile.cl/normativa/cir_2354_2024.pdf
2024-01-01,2353,"EJECUTA ACUERDO DEL CONSEJO DE LA COMISIÓN PARA EL MERCADO FINANCIERO QUE APRUEBA LA EMISIÓN DE LA NORMATIVA QUE MODIFICA LA CIRCULAR N°2022 QUE IMPARTE NORMAS SOBRE FORMA, CONTENIDO Y PRESENTACIÓN DE LOS ESTADOS FINANCIEROS DE LAS ENTIDADES ASEGURADORAS Y REASEGURADORAS.",https://www.cmfchile.cl/normativa/cir_2353_2024.pdf
2024-01-01,516,EJECUTA ACUERDO DEL CONSEJO DE LA COMISIÓN PARA EL MERCADO FINANCIERO QUE APRUEBA NORMA DE CARÁCTER GENERAL QUE ESTABLECE UN NUEVO CANAL DE COMUNICACIÓN ENTRE LOS FISCALIZADOS Y LA COMISIÓN.,https://www.cmfchile.cl/normativa/ncg_516_2024.pdf
2024-01-01,515,"21/11/2022 
  
20/05/2022 
  
14/04/2022 
  
14/04/2022 
  
14/04/2022 
  
13/04/2022 
  
08/04/2022 
  
08/04/2022 
  
31/03/2022 
  
01/12/2021 
  
18/05/2021 
  
25/01/2021 
  
19/10/2020 
  
26/04/2018 
  
06/03/2018 
  
06/04/2016 
  
22/12/2015 
  
07/05/2014 
  
30/04/2014 
  
06/03/2014 
  
13/01/2014 
  
21/10/2013 
  
26/07/2013 
  
26/07/2013 
  
05/07/2013 
  
12/09/2012 
  
12/09/2012 
  
14/04/2011 
  
14/02/2011 
  
04/02/2011 
  
25/01/2011 
  
31/12/2010 
  
30/12/2010 
  
06/07/2010 
  
19/01/2010 
  
31/12/2009 
  
28/10/2009 
  
14/08/2009 
  
16/06/2009 
  
29/09/2008 
  
24/12/2007 
  
17/10/2006 
  
21/06/2005 
  
11/02/2003 
  
04/04/2002 
  
27/03/2001 
  
20/01/1995 
  
20/03/1992 
  
10/11/1989 
  
11/06/1985",https://www.cmfchile.cl/normativa/ncg_515_2024.pdf
2024-01-01,1332,"INTRODUCE AJUSTES TÉCNICOS A LOS ARCHIVOS C70, D62 Y E26 DEL MANUAL DEL SISTEMA DE INFORMACIÓN PARA BANCOS EN VIRTUD DEL NUEVO PROGRAMA DE GARANTÍAS APOYO AL ENDEUDAMIENTO DEL FONDO DE GARANTÍAS ESPECIALES.",https://www.cmfchile.cl/normativa/ofc_1332_2024.pdf
2024-01-01,1331,INFORMA TASA DE VALORIZACIÓN DE PASIVOS (CIRCULAR N° 1512 DE ENERO DE 2001).,https://www.cmfchile.cl/normativa/ofc_1331_2024.pdf
2024-01-01,1330,COMUNICA TASA DE INTERÉS DE ACTUALIZACIÓN – AGOSTO 2024.,https://www.cmfchile.cl/normativa/ofc_1330_2024.pdf
2024-01-01,1329,COMUNICA NUEVO VALOR UNIDAD DE SEGURO REAJUSTABLE DE AGOSTO 2024.,https://www.cmfchile.cl/normativa/ofc_1329_2024.pdf
2024-01-01,514,EJECUTA ACUERDO DEL CONSEJO DE LA COMISIÓN PARA EL MERCADO FINANCIERO QUE APRUEBA NORMA QUE REGULA EL SISTEMA DE FINANZAS ABIERTAS,https://www.cmfchile.cl/normativa/ncg_514_2024.pdf
2024-01-01,2352,"EJECUTA ACUERDO DEL CONSEJO DE LA COMISIÓN PARA EL MERCADO FINANCIERO QUE APRUEBA LA EMISIÓN DE LA CIRCULAR QUE MODIFICA CIRCULAR N° 1815, QUE ESTABLECE NORMAS PARA EL ENVÍO DE INFORMACIÓN SOBRE PÓLIZAS DE RENTA VITALICIA PREVISIONAL DEL D.L. Nº 3.500 DE 1980.",https://www.cmfchile.cl/normativa/cir_2352_2024.pdf
2024-01-01,1328,INFORMA TASA DE VALORIZACIÓN DE PASIVOS (CIRCULAR N° 1512 DE ENERO DE 2001).,https://www.cmfchile.cl/normativa/ofc_1328_2024.pdf
2024-01-01,1327,COMUNICA TASA DE INTERÉS DE ACTUALIZACIÓN – JULIO 2024.,https://www.cmfchile.cl/normativa/ofc_1327_2024.pdf
2024-01-01,1326,COMUNICA NUEVO VALOR UNIDAD DE SEGURO REAJUSTABLE DE JULIO 2024.,https://www.cmfchile.cl/normativa/ofc_1326_2024.pdf
2024-01-01,512,EJECUTA ACUERDO DEL CONSEJO DE LA COMISIÓN PARA EL MERCADO FINANCIERO QUE APRUEBA NORMATIVA REFERIDA AL ARTÍCULO 10 DE LA LEY N°21.591,https://www.cmfchile.cl/normativa/ncg_512_2024.pdf
2024-01-01,1325,AJUSTA EL ARCHIVO R07 DEL SISTEMA DE RIESGOS Y LA TABLA 114 DEL MSI,https://www.cmfchile.cl/normativa/ofc_1325_2024.pdf
2024-01-01,2351,"EJECUTA ACUERDO DEL CONSEJO DE LA
COMISIÓN PARA EL MERCADO
FINANCIERO QUE APRUEBA CIRCULAR
QUE MODIFICA EL REGLAMENTO DE
ADMINISTRACIÓN DEL FONDO DE
GARANTÍA PARA PEQUEÑOS
EMPRESARIOS (FOGAPE) Y LAS
CIRCULARES QUE AJUSTAN LOS
REQUISITOS DE INFORMACIÓN AL
ADMINISTRADOR TANTO DEL FOGAPE
COMO DEL FONDO DE GARANTÍAS
ESPECIALES (FOGAES).",https://www.cmfchile.cl/normativa/cir_2351_2024.pdf
2024-01-01,2350,"EJECUTA ACUERDO DEL CONSEJO DE LA
COMISIÓN PARA EL MERCADO
FINANCIERO QUE APRUEBA CIRCULAR
QUE MODIFICA EL REGLAMENTO DE
ADMINISTRACIÓN DEL FONDO DE
GARANTÍA PARA PEQUEÑOS
EMPRESARIOS (FOGAPE) Y LAS
CIRCULARES QUE AJUSTAN LOS
REQUISITOS DE INFORMACIÓN AL
ADMINISTRADOR TANTO DEL FOGAPE
COMO DEL FONDO DE GARANTÍAS
ESPECIALES (FOGAES).",https://www.cmfchile.cl/normativa/cir_2350_2024.pdf
2024-01-01,2349,"EJECUTA ACUERDO DEL CONSEJO DE LA
COMISIÓN PARA EL MERCADO
FINANCIERO QUE APRUEBA CIRCULAR
QUE MODIFICA EL REGLAMENTO DE
ADMINISTRACIÓN DEL FONDO DE
GARANTÍA PARA PEQUEÑOS
EMPRESARIOS (FOGAPE) Y LAS
CIRCULARES QUE AJUSTAN LOS
REQUISITOS DE INFORMACIÓN AL
ADMINISTRADOR TANTO DEL FOGAPE
COMO DEL FONDO DE GARANTÍAS
ESPECIALES (FOGAES).",https://www.cmfchile.cl/normativa/cir_2349_2024.pdf
2024-01-01,2348,"EJECUTA ACUERDO DEL CONSEJO DE LA COMISIÓN PARA EL MERCADO FINANCIERO QUE APRUEBA LA CIRCULAR QUE INTRODUCE EL NUEVO CAPÍTULO 18-3 DE LA RAN, EL CUAL INCORPORA LA DISTINCIÓN EN LA FORMA DE MODIFICAR PARÁMETROS Y ASPECTOS DE ORDEN TÉCNICO DEFINIDOS EN LAS INSTRUCCIONES DE LOS ARCHIVOS NORMATIVOS DE BANCOS, COOPERATIVAS, SOCIEDADES DE APOYO AL GIRO, EMPRESAS EMISORAS DE TARJETAS DE PAGO, EMPRESAS OPERADORAS DE TARJETAS DE PAGO Y ENTIDADES DE CRÉDITOS CUYAS OPERACIONES SON FISCALIZADAS POR LA LEY N°18.010; LA EXCLUYE DE LOS TRÁMITES PREVISTOS EN EL INCISO PRIMERO DEL NUMERAL 3 DEL ARTÍCULO 20 DEL D.L. N°3.538 DE 1980; Y DELEGA FACULTAD PARA FIRMAR ACTOS QUE INDICA.",https://www.cmfchile.cl/normativa/cir_2348_2024.pdf
2024-01-01,1324,INFORMA TASA DE VALORIZACIÓN DE PASIVOS (CIRCULAR N° 1512 DE ENERO DE 2001).,https://www.cmfchile.cl/normativa/ofc_1324_2024.pdf
2024-01-01,1323,COMUNICA TASA DE INTERÉS DE ACTUALIZACIÓN – JUNIO 2024.,https://www.cmfchile.cl/normativa/ofc_1323_2024.pdf
2024-01-01,1322,COMUNICA NUEVO VALOR UNIDAD DE SEGURO REAJUSTABLE DE JUNIO 2024.,https://www.cmfchile.cl/normativa/ofc_1322_2024.pdf
2024-01-01,509,EJECUTA ACUERDO DEL CONSEJO DE LA COMISIÓN PARA EL MERCADO FINANCIERO QUE APRUEBA NORMATIVA QUE IMPARTE INSTRUCCIONES SOBRE GOBIERNO CORPORATIVO Y GESTIÓN DE RIESGOS PARA EMPRESAS DE DEPÓSITO Y CUSTODIA DE VALORES Y SOCIEDADES ADMINISTRADORAS DE SISTEMAS DE COMPENSACIÓN Y LIQUIDACIÓN DE INSTRUMENTOS FINANCIEROS.,https://www.cmfchile.cl/normativa/ncg_509_2024.pdf
2024-01-01,507,"EJECUTA ACUERDO DEL CONSEJO DE LA COMISIÓN PARA EL MERCADO FINANCIERO QUE APRUEBA NORMATIVA QUE IMPARTE INSTRUCCIONES SOBRE GOBIERNO CORPORATIVO Y GESTIÓN DE RIESGOS PARA ADMINISTRADORAS GENERALES DE FONDOS, Y DEROGA LA CIRCULAR N°1.869 DE 2008.",https://www.cmfchile.cl/normativa/ncg_507_2024.pdf
2024-01-01,2347,"EJECUTA ACUERDO DEL CONSEJO DE LA COMISIÓN PARA EL MERCADO FINANCIERO QUE APRUEBA CIRCULAR QUE MODIFICA LA SECCIÓN DE ANTECEDENTES GENERALES DEL MANUAL DEL SISTEMAS DE INFORMACIÓN DE BANCOS, AJUSTA SU TABLA 58 Y DEROGA EL MANUAL DE INFORMACIÓN DE FILIALES DE LEASING.",https://www.cmfchile.cl/normativa/cir_2347_2024.pdf
2024-01-01,1321,INFORMA TASA DE VALORIZACIÓN DE PASIVOS (CIRCULAR N° 1512 DE ENERO DE 2001).,https://www.cmfchile.cl/normativa/ofc_1321_2024.pdf
2024-01-01,1320,COMUNICA TASA DE INTERÉS DE ACTUALIZACIÓN – MAYO 2024.,https://www.cmfchile.cl/normativa/ofc_1320_2024.pdf
2024-01-01,1319,COMUNICA NUEVO VALOR UNIDAD DE SEGURO REAJUSTABLE DE MAYO 2024.,https://www.cmfchile.cl/normativa/ofc_1319_2024.pdf
2024-01-01,1318,INFORMA TASA DE VALORIZACIÓN DE PASIVOS (CIRCULAR N° 1512 DE ENERO DE 2001).,https://www.cmfchile.cl/normativa/ofc_1318_2024.pdf
2024-01-01,1317,COMUNICA TASA DE INTERÉS DE ACTUALIZACIÓN – ABRIL 2024.,https://www.cmfchile.cl/normativa/ofc_1317_2024.pdf
2024-01-01,1316,COMUNICA NUEVO VALOR UNIDAD DE SEGURO REAJUSTABLE DE ABRIL 2024.,https://www.cmfchile.cl/normativa/ofc_1316_2024.pdf
2024-01-01,2346,EJECUTA ACUERDO DEL CONSEJO DE LA COMISIÓN PARA EL MERCADO FINANCIERO QUE APRUEBA CIRCULAR QUE INTRODUCE MÉTODO ESTÁNDAR DE PROVISIONES PARA LAS COLOCACIONES DE CONSUMO DE LAS INSTITUCIONES BANCARIAS AL COMPENDIO DE NORMAS CONTABLES PARA BANCOS.,https://www.cmfchile.cl/normativa/cir_2346_2024.pdf
2024-01-01,2345,EJECUTA ACUERDO DEL CONSEJO DE LA COMISIÓN PARA EL MERCADO FINANCIERO QUE APRUEBA CIRCULAR QUE INCORPORA NUEVO ARCHIVO NORMATIVO DE CUENTAS CON PROVISION DE FONDOS Y TARJETAS ASOCIADAS Y MODIFICA OTRAS NORMAS QUE SE INDICAN.,https://www.cmfchile.cl/normativa/cir_2345_2024.pdf
2024-01-01,505,EJECUTA ACUERDO DEL CONSEJO DE LA COMISIÓN PARA EL MERCADO FINANCIERO QUE APRUEBA NORMA DE CARÁCTER GENERAL QUE REGULA INFORMACIÓN SOBRE GRUPOS EMPRESARIALES.,https://www.cmfchile.cl/normativa/ncg_505_2024.pdf
2024-01-01,2344,EJECUTA ACUERDO DEL CONSEJO DE LA COMISIÓN PARA EL MERCADO FINANCIERO QUE APRUEBA LA CIRCULAR QUE AJUSTA EL CAPÍTULO 21-20 DE LA RECOPILACIÓN ACTUALIZADA DE NORMAS PARA BANCOS Y MODIFICA EL RESPECTIVO DOCUMENTO DE PREGUNTAS FRECUENTES.,https://www.cmfchile.cl/normativa/cir_2344_2024.pdf
2024-01-01,2343,"EJECUTA ACUERDO DEL CONSEJO DE LA COMISIÓN PARA EL MERCADO FINANCIERO QUE APRUEBA LA CIRCULAR QUE AJUSTA LA TABLA 106, TABLA 11, ARCHIVO R11 DEL MANUAL DEL SISTEMA DE INFORMACIÓN BANCOS, Y EL CAPÍTULO 21-11 DE LA RECOPILACIÓN ACTUALIZADA DE NORMAS PARA BANCOS.",https://www.cmfchile.cl/normativa/cir_2343_2024.pdf
2024-01-01,1315,INFORMA TASA DE VALORIZACIÓN DE PASIVOS (CIRCULAR N° 1512 DE ENERO DE 2001).,https://www.cmfchile.cl/normativa/ofc_1315_2024.pdf
2024-01-01,1314,COMUNICA TASA DE INTERÉS DE ACTUALIZACIÓN – MARZO 2024.,https://www.cmfchile.cl/normativa/ofc_1314_2024.pdf
2024-01-01,1313,COMUNICA NUEVO VALOR UNIDAD DE SEGURO REAJUSTABLE DE MARZO 2024,https://www.cmfchile.cl/normativa/ofc_1313_2024.pdf
2024-01-01,1312,"EJECUTA ACUERDO DEL CONSEJO DE LA COMISIÓN PARA EL MERCADO FINANCIERO QUE APRUEBA LA EMISIÓN DE MODIFICACIÓN AL OFICIO CIRCULAR N°972, DE 2017, QUE PRECISA ALCANCE DEL INCISO FINAL DEL ARTÍCULO 583 DEL CÓDIGO DE COMERCIO.",https://www.cmfchile.cl/normativa/ofc_1312_2024.pdf
2024-01-01,504,"EJECUTA ACUERDO DEL CONSEJO DE LA COMISIÓN PARA EL MERCADO FINANCIERO QUE APRUEBA NORMA QUE REGULA EL REGISTRO, AUTORIZACIÓN Y OBLIGACIONES DE LOS PRESTADORES DE SERVICIOS FINANCIEROS DE LA LEY FINTEC Y MATERIAS QUE INDICA.",https://www.cmfchile.cl/normativa/ncg_504_2024.pdf
2024-01-01,503,"EJECUTA ACUERDO DEL CONSEJO DE LA COMISIÓN PARA EL MERCADO FINANCIERO QUE APRUEBA NORMA QUE REGULA EL REGISTRO, AUTORIZACIÓN Y OBLIGACIONES DE LOS PRESTADORES DE SERVICIOS FINANCIEROS DE LA LEY FINTEC Y MATERIAS QUE INDICA.",https://www.cmfchile.cl/normativa/ncg_503_2024.pdf
2024-01-01,502,"EJECUTA ACUERDO DEL CONSEJO DE LA COMISIÓN PARA EL MERCADO FINANCIERO QUE APRUEBA NORMA QUE REGULA EL REGISTRO, AUTORIZACIÓN Y OBLIGACIONES DE LOS PRESTADORES DE SERVICIOS FINANCIEROS DE LA LEY FINTEC Y MATERIAS QUE INDICA.",https://www.cmfchile.cl/normativa/ncg_502_2024.pdf
2024-01-01,1311,INFORMA TASA DE VALORIZACIÓN DE PASIVOS (Circular N° 1512 de enero de 2001).,https://www.cmfchile.cl/normativa/ofc_1311_2024.pdf
2024-01-01,1310,COMUNICA TASA DE INTERÉS DE ACTUALIZACIÓN – FEBRERO 2024.,https://www.cmfchile.cl/normativa/ofc_1310_2024.pdf
2024-01-01,1309,COMUNICA NUEVO VALOR UNIDAD DE SEGURO REAJUSTABLE DE FEBRERO 2024.,https://www.cmfchile.cl/normativa/ofc_1309_2024.pdf
2024-01-01,501,EJECUTA ACUERDO DEL CONSEJO DE LA COMISIÓN PARA EL MERCADO FINANCIERO QUE APRUEBA NORMA DE CARÁCTER GENERAL QUE ESTABLECE LAS MENCIONES MÍNIMAS DE LAS POLÍTICAS DE OPERACIONES HABITUALES Y REGULA LA DIFUSIÓN PÚBLICA DE LAS OPERACIONES CON PARTES RELACIONADAS QUE HUBIEREN SIDO REALIZADAS.,https://www.cmfchile.cl/normativa/ncg_501_2024.pdf
,,"EJECUTA ACUERDO DEL CONSEJO DE LA COMISIÓN PARA EL MERCADO FINANCIERO QUE APRUEBA LA CIRCULAR QUE CONTIENE UN NUEVO ARCHIVO NORMATIVO SOBRE “OPERACIONES QUE ENTRAN A CARTERA EN INCUMPLIMIENTO Y RENEGOCIACIONES, RECUPERACIONES Y GASTOS DE CREDITOS INCUMPLIDOS”, QUE SE INCORPORA AL MANUAL DEL SISTEMAS DE INFORMACIÓN DE BANCOS.",https://www.cmfchile.cl/sitio/aplic/serdoc/ver_sgd.php?s567=ec28dbc7b5592028066906fef3cb722dVFdwQmVVMTZSWGxOUkZVMFRVUnJNMDlCUFQwPQ==&secuencia=-1&t=1778169572
,14,EJECUTA ACUERDO DEL CONSEJO DE LA COMISIÓN PARA EL MERCADO FINANCIERO QUE APRUEBA NORMA DE CARÁCTER GENERAL QUE DICTA INSTRUCCIONES Y ARCHIVO NORMATIVO PARA EL CUMPLIMIENTO DE LO DISPUESTO EN EL ARTÍCULO 28 DE LA LEY N°14.908 SOBRE ABANDONO DE FAMILIA Y PAGO DE PENSIONES ALIMENTICIAS,https://www.cmfchile.cl/sitio/aplic/serdoc/ver_sgd.php?s567=ca7d9fc809cdba737843f1b551fb4497VFdwQmVVMTZSWGxOUkZVd1RtcEZNazVCUFQwPQ==&secuencia=-1&t=1778169572
2023-01-01,1308,INFORMA TASA DE VALORIZACIÓN DE PASIVOS (CIRCULAR N° 1512 DE ENERO DE 2001).,https://www.cmfchile.cl/normativa/ofc_1308_2023.pdf
2023-01-01,1307,COMUNICA TASA DE INTERÉS DE ACTUALIZACIÓN – ENERO 2024.,https://www.cmfchile.cl/normativa/ofc_1307_2023.pdf
2023-01-01,1306,COMUNICA NUEVO VALOR UNIDAD DE SEGURO REAJUSTABLE DE ENERO 2024.,https://www.cmfchile.cl/normativa/ofc_1306_2023.pdf
,1720,EJECUTA ACUERDO DEL CONSEJO DE LA COMISION PARA EL MERCADO FINANCIERO QUE APRUEBA PROPUESTA NORMATIVA QUE IMPARTE INSTRUCCIONES RELATIVAS AL ENVIO DE INFORMACIÓN SOBRE INSTRUMENTOS DE LA CARTERA PROPIA DE LOS INTERMEDIARIOS DE VALORES. DEROGA CIRCULAR N°1720 DE 2004.,https://www.cmfchile.cl/sitio/aplic/serdoc/ver_sgd.php?s567=79b0ad592c4a7ef10fde76c6ed1736ceVFdwQmVVMTZSWGxOUkZWNlRrUkJOVTVuUFQwPQ==&secuencia=-1&t=1778169572
,,"EJECUTA ACUERDO DEL CONSEJO DE LA COMISIÓN PARA EL MERCADO FINANCIERO
QUE INCORPORA UN NUEVO CAPÍTULO 1- 19 A LA RECOPILACIÓN ACTUALIZADA DE
NORMAS, SOBRE COMUNICACIÓN DE LA REGULARIZACIÓN TEMPRANA Y
REQUISITOS DE IDONEIDAD Y CAPACIDAD TÉCNICA DEL INSPECTOR DELEGADO,
ADMINISTRADOR PROVISIONAL Y LIQUIDADOR.",https://www.cmfchile.cl/sitio/aplic/serdoc/ver_sgd.php?s567=2d088a2ec09987f25f21f78a11138db5VFdwQmVVMTZSWGhOUkZWNFRXcFplRTFCUFQwPQ==&secuencia=-1&t=1778169572
,3,"EJECUTA ACUERDO DEL CONSEJO DE LA COMISIÓN PARA EL MERCADO
FINANCIERO QUE APRUEBA DEROGACIÓN DE LA CARTA CIRCULAR N° 3 DE 2008 (EX SBIF AHORA CMF). Y QUE EXCLUYE LA DISPOSICIÓN DE LOS TRAMITES PREVISTOS EN EL INCISO PRIMERO DEL NUMERAL 3 DEL ARTÍCULO 20 DEL D.L. N°3.538.",https://www.cmfchile.cl/sitio/aplic/serdoc/ver_sgd.php?s567=923780e8be03b3474f234001fa25ae29VFdwQmVVMTZSWGhOUkZFelRWUkpkMDVuUFQwPQ==&secuencia=-1&t=1778169572
,,COMUNICA TASA DE INTERÉS DE ACTUALIZACIÓN – DICIEMBRE 2023.,https://www.cmfchile.cl/sitio/aplic/serdoc/ver_sgd.php?s567=6fcfc168498e8a77e36317549ab0e0edVFdwQmVVMTZSWGhOUkZFelRWUkZNazVSUFQwPQ==&secuencia=-1&t=1778169572
,,COMUNICA NUEVO VALOR UNIDAD DE SEGURO REAJUSTABLE DE DICIEMBRE 2023.,https://www.cmfchile.cl/sitio/aplic/serdoc/ver_sgd.php?s567=9d6991c42f5a8c155b86b35b24857018VFdwQmVVMTZSWGhOUkZFelRWUkZNVTlCUFQwPQ==&secuencia=-1&t=1778169572
,1512,INFORMA TASA DE VALORIZACIÓN DE PASIVOS (CIRCULAR N° 1512 DE ENERO DE 2001).,https://www.cmfchile.cl/sitio/aplic/serdoc/ver_sgd.php?s567=9ac4472403d48467c25919ae083cb940VFdwQmVVMTZSWGhOUkZFelRWUkZNVTFSUFQwPQ==&secuencia=-1&t=1778169572
,1,"REGULA LAS ACTIVIDADES COMPLEMENTARIAS QUE PUEDEN SER DESARROLLADAS POR LAS EMPRESAS OPERADORAS DE TARJETAS DE PAGO, Y MODIFICA LA CIRCULAR N°1 SOBRE EMPRESAS OPERADORAS DE TARJETAS DE PAGO Y EL CAPÍTULO 11-6 DE LA RECOPILACIÓN ACTUALIZADA DE NORMAS PARA BANCOS",https://www.cmfchile.cl/sitio/aplic/serdoc/ver_sgd.php?s567=54222d35ed64a7b2d9dc0fe073ec4d8dVFdwQmVVMTZSWGROUkZGNVQwUlplazUzUFQwPQ==&secuencia=-1&t=1778169572
,1512,INFORMA TASA DE VALORIZACIÓN DE PASIVOS (CIRCULAR N° 1512 DE ENERO DE 2001),https://www.cmfchile.cl/sitio/aplic/serdoc/ver_sgd.php?s567=191d749ac04d81ffe0831b1ede5e1158VFdwQmVVMTZSWGROUkZGNVRucHJlazEzUFQwPQ==&secuencia=-1&t=1778169572
,,COMUNICA TASA DE INTERÉS DE ACTUALIZACIÓN - NOVIEMBRE 2023,https://www.cmfchile.cl/sitio/aplic/serdoc/ver_sgd.php?s567=4e02af9d856121c9a25138c5ddc98dd9VFdwQmVVMTZSWGROUkZGNVRucHJlazFSUFQwPQ==&secuencia=-1&t=1778169572
,,COMUNICA NUEVO VALOR UNIDAD DE SEGURO REAJUSTABLE DE NOVIEMBRE 2023,https://www.cmfchile.cl/sitio/aplic/serdoc/ver_sgd.php?s567=6cf08ea06d45942471f0b519dadd5bafVFdwQmVVMTZSWGROUkZGNVRucHJlVTVSUFQwPQ==&secuencia=-1&t=1778169572
2023-01-01,1299,INFORMA TASA DE VALORIZACIÓN DE PASIVOS (CIRCULAR N° 1512 DE ENERO DE 2001),https://www.cmfchile.cl/normativa/ofc_1299_2023.pdf
2023-01-01,1298,COMUNICA TASA DE INTERÉS DE ACTUALIZACIÓN – OCTUBRE 2023,https://www.cmfchile.cl/normativa/ofc_1298_2023.pdf
2023-01-01,1297,COMUNICA NUEVO VALOR UNIDAD DE SEGURO REAJUSTABLE DE OCTUBRE 2023,https://www.cmfchile.cl/normativa/ofc_1297_2023.pdf
2023-01-01,1296,INFORMA TASA DE VALORIZACIÓN DE PASIVOS (CIRCULAR N° 1512 DE ENERO DE 2001).,https://www.cmfchile.cl/normativa/ofc_1296_2023.pdf
2023-01-01,1295,COMUNICA TASA DE INTERÉS DE ACTUALIZACIÓN – SEPTIEMBRE 2023.,https://www.cmfchile.cl/normativa/ofc_1295_2023.pdf
2023-01-01,1294,COMUNICA NUEVO VALOR UNIDAD DE SEGURO REAJUSTABLE DE SEPTIEMBRE 2023.,https://www.cmfchile.cl/normativa/ofc_1294_2023.pdf
2023-01-01,2339,"EJECUTA ACUERDO DEL CONSEJO DE LA COMISIÓN PARA EL MERCADO FINANCIERO QUE APRUEBA LAS CIRCULARES QUE MODIFICAN LOS ARCHIVOS NORMATIVOS D52 Y D53, DEL MANUAL DEL SISTEMA DE INFORMACIÓN Y LOS ARCHIVOS NORMATIVOS D91 Y D92, DE LA CIRCULAR N° 1 DE 2014, CORRESPONDIENTES, PARA EL CUMPLIMIENTO DEL ARTÍCULO 31° DE LA LEY N°18.010.  ADECÚA LOS ARCHIVOS A LA NCG N°484 Y PRECISA EL CONTENIDO DE DETERMINADOS CAMPOS PARA UNA MEJOR COMPRENSIÓN DE LA INFORMACIÓN A REPORTAR",https://www.cmfchile.cl/normativa/cir_2339_2023.pdf
2023-01-01,2338,"EJECUTA ACUERDO DEL CONSEJO DE LA COMISIÓN PARA EL MERCADO FINANCIERO QUE APRUEBA LAS CIRCULARES QUE MODIFICAN LOS ARCHIVOS NORMATIVOS D52 Y D53, DEL MANUAL DEL SISTEMA DE INFORMACIÓN Y LOS ARCHIVOS NORMATIVOS D91 Y D92, DE LA CIRCULAR N° 1 DE 2014, CORRESPONDIENTES, PARA EL CUMPLIMIENTO DEL ARTÍCULO 31° DE LA LEY N°18.010.  ADECÚA LOS ARCHIVOS A LA NCG N°484 Y PRECISA EL CONTENIDO DE DETERMINADOS CAMPOS PARA UNA MEJOR COMPRENSIÓN DE LA INFORMACIÓN A REPORTAR",https://www.cmfchile.cl/normativa/cir_2338_2023.pdf
2023-01-01,1293,INFORMA TASA DE VALORIZACIÓN DE PASIVOS (CIRCULAR N° 1512 DE ENERO DE 2001).,https://www.cmfchile.cl/normativa/ofc_1293_2023.pdf
2023-01-01,1292,COMUNICA TASA DE INTERÉS DE ACTUALIZACIÓN – AGOSTO 2023.,https://www.cmfchile.cl/normativa/ofc_1292_2023.pdf
2023-01-01,1291,COMUNICA NUEVO VALOR UNIDAD DE SEGURO REAJUSTABLE DE AGOSTO 2023.,https://www.cmfchile.cl/normativa/ofc_1291_2023.pdf
2023-01-01,2337,"EJECUTA ACUERDO DEL CONSEJO DE LA COMISIÓN PARA EL MERCADO FINANCIERO
QUE APRUEBA LA CIRCULAR PARA BANCOS Y COOPERATIVAS, QUE ESTABLECE EL ENVÍO DE INFORMACIÓN DE CRÉDITOS AMPARADOS POR LAS GARANTÍAS DEL FONDO DE GARANTÍAS ESPECIALES DE LA LEY N°21.543, Y QUE EXCLUYE LA DISPOSICIÓN DE LOS TRAMITES PREVISTOS EN EL INCISO PRIMERO DEL NUMERAL 3 DEL ARTÍCULO 20 DEL D.L. N°3.538.",https://www.cmfchile.cl/normativa/cir_2337_2023.pdf
2023-01-01,2336,"EJECUTA ACUERDO DEL CONSEJO DE LA COMISIÓN PARA EL MERCADO FINANCIERO
QUE APRUEBA DEROGACIÓN DEL CAPÍTULO 12-21 DE LA RECOPILACIÓN ACTUALIZADA
DE NORMAS PARA BANCOS Y MODIFICA LOS CAPÍTULOS 21-13 Y 1-13 DE LA MISMA
RECOPILACIÓN, EL DOCUMENTO DE PREGUNTAS FRECUENTES ASOCIADO AL ARCHIVO R13, EXTIENDE LA VIGENCIA DEL ARCHIVO NORMATIVO C40 DEL MANUAL DE SISTEMA DE INFORMACIÓN PARA BANCOS Y EXIME DEL TRÁMITE DE CONSULTA PÚBLICA.",https://www.cmfchile.cl/normativa/cir_2336_2023.pdf
2023-01-01,1290,COMUNICA TASA DE INTERÉS DE ACTUALIZACIÓN – JULIO 2023.,https://www.cmfchile.cl/normativa/ofc_1290_2023.pdf
2023-01-01,1289,COMUNICA NUEVO VALOR UNIDAD DE SEGURO REAJUSTABLE DE JULIO 2023.,https://www.cmfchile.cl/normativa/ofc_1289_2023.pdf
2023-01-01,1288,INFORMA TASA DE VALORIZACIÓN DE PASIVOS (CIRCULAR N° 1512 DE ENERO DE 2001).,https://www.cmfchile.cl/normativa/ofc_1288_2023.pdf
2023-01-01,2335,EJECUTA ACUERDO DEL CONSEJO DE LA COMISIÓN PARA EL MERCADO FINANCIERO QUE APRUEBA CIRCULAR QUE ACTUALIZA LA CIRCULAR N°1 PARA EMPRESAS OPERADORAS DE TARJETAS DE PAGO Y MODIFICA LA INFORMACIÓN REQUERIDA MEDIANTE EL ARCHIVO C81.,https://www.cmfchile.cl/normativa/cir_2335_2023.pdf
2023-01-01,2334,EJECUTA ACUERDO DEL CONSEJO DE LA COMISIÓN PARA EL MERCADO FINANCIERO QUE APRUEBA LA CIRCULAR PARA BANCOS QUE ACTUALIZA CÓDIGOS Y DESCRIPCIONES DE CAMPOS DE DIVERSOS ARCHIVOS DEL MANUAL DEL SISTEMA DE INFORMACIÓN DE LOS BANCOS Y LA EXCLUYE DE LOS TRAMITES PREVISTOS EN EL INCISO PRIMERO DEL NUMERAL 3 DEL RTÍCULO 20 DEL D.L. N°3.538 DE 1980.,https://www.cmfchile.cl/normativa/cir_2334_2023.pdf
2023-01-01,2333,"EJECUTA ACUERDO DEL CONSEJO DE LA COMISIÓN PARA EL MERCADO FINANCIERO APRUEBA CIRCULAR QUE MODIFICA EL CAPÍTULO 18-5 DE LA RECOPILACIÓN ACTUALIZADA DE NORMAS DE BANCOS Y LOS ARCHIVOS D10, D27, R04 Y R05, CON EL PROPÓSITO DE MANTENER EL REPORTE DE LA INFORMACIÓN DE LAS COLOCACIONES VENDIDAS O CEDIDAS A EMPRESAS SECURITIDORAS O FONDOS DE CRÉDITOS SECURITIZADOS E IDENTIFICAR LOS CRÉDITOS PARA LA SALUD Y EXCLUYE
PARCIALMENTE DEL TRÁMITE DE CONSULTA PÚBLICA ESTE ÚLTIMO ASPECTO.",https://www.cmfchile.cl/normativa/cir_2333_2023.pdf
2023-01-01,1287,COMUNICA TASA DE INTERÉS DE ACTUALIZACIÓN – JUNIO 2023.,https://www.cmfchile.cl/normativa/ofc_1287_2023.pdf
2023-01-01,1286,COMUNICA NUEVO VALOR UNIDAD DE SEGURO REAJUSTABLE DE JUNIO 2023.,https://www.cmfchile.cl/normativa/ofc_1286_2023.pdf
2023-01-01,1285,INFORMA TASA DE VALORIZACIÓN DE PASIVOS (CIRCULAR N° 1512 DE ENERO DE 2001).,https://www.cmfchile.cl/normativa/ofc_1285_2023.pdf
2023-01-01,1284,COMUNICA TASA DE INTERÉS DE ACTUALIZACIÓN – MAYO 2023.,https://www.cmfchile.cl/normativa/ofc_1284_2023.pdf
2023-01-01,1283,COMUNICA NUEVO VALOR UNIDAD DE SEGURO REAJUSTABLE DE MAYO 2023.,https://www.cmfchile.cl/normativa/ofc_1283_2023.pdf
2023-01-01,1282,INFORMA TASA DE VALORIZACIÓN DE PASIVOS (CIRCULAR N° 1512 DE ENERO DE 2001).,https://www.cmfchile.cl/normativa/ofc_1282_2023.pdf
2023-01-01,1281,COMUNICA TASA DE INTERÉS DE ACTUALIZACIÓN – ABRIL 2023.,https://www.cmfchile.cl/normativa/ofc_1281_2023.pdf
2023-01-01,1280,COMUNICA NUEVO VALOR UNIDAD DE SEGURO REAJUSTABLE DE ABRIL 2023.,https://www.cmfchile.cl/normativa/ofc_1280_2023.pdf
2023-01-01,1279,INFORMA TASA DE VALORIZACIÓN DE PASIVOS (CIRCULAR N° 1512 DE ENERO DE 2001).,https://www.cmfchile.cl/normativa/ofc_1279_2023.pdf
2023-01-01,2332,"EJECUTA ACUERDO DEL CONSEJO DE LA COMISIÓN PARA EL MERCADO FINANCIERO QUE APRUEBA LA EMISIÓN DE LA NORMA DE CARÁCTER GENERAL QUE MODIFICA LA NCG N°318, QUE IMPARTE INSTRUCCIONES SOBRE APLICACIÓN DE NORMAS IFRS EN LA CONSTITUCIÓN DE RESERVAS TÉCNICAS DE LOS SEGUROS DE RENTA VITALICIA Y DE INVALIDEZ Y SOBREVIVENCIA, DEL D.L. N°3.500 DE 1980, Y LA CIRCULAR QUE IMPARTE INSTRUCCIONES SOBRE APLICACIÓN DE TABLAS DE MORTALIDAD CB-H-2020 (HOMBRES), MI-H-2020 (HOMBRES), RV-M-2020 (MUJERES), B-M-2020 (MUJERES), Y MI-M-2020 (MUJERES).",https://www.cmfchile.cl/normativa/cir_2332_2023.pdf
2023-01-01,496,"EJECUTA ACUERDO DEL CONSEJO DE LA COMISIÓN PARA EL MERCADO FINANCIERO QUE APRUEBA LA EMISIÓN DE LA NORMA DE CARÁCTER GENERAL QUE MODIFICA LA NCG N°318, QUE IMPARTE INSTRUCCIONES SOBRE APLICACIÓN DE NORMAS IFRS EN LA CONSTITUCIÓN DE RESERVAS TÉCNICAS DE LOS SEGUROS DE RENTA VITALICIA Y DE INVALIDEZ Y SOBREVIVENCIA, DEL D.L. N°3.500 DE 1980, Y LA CIRCULAR QUE IMPARTE INSTRUCCIONES SOBRE APLICACIÓN DE TABLAS DE MORTALIDAD CB-H-2020 (HOMBRES), MI-H-2020 (HOMBRES), RV-M-2020 (MUJERES), B-M-2020 (MUJERES), Y MI-M-2020 (MUJERES).",https://www.cmfchile.cl/normativa/ncg_496_2023.pdf
2023-01-01,495,"EJECUTA ACUERDO DEL CONSEJO DE LA COMISIÓN PARA EL MERCADO FINANCIERO QUE APRUEBA LA EMISIÓN DE LA NORMA DE CARÁCTER GENERAL QUE FIJA TABLAS DE MORTALIDAD CB-H-2020 (HOMBRES), MI-H-2020 (HOMBRES), RV-M-2020 (MUJERES), B-M-2020 (MUJERES), Y MI-M-2020 (MUJERES).",https://www.cmfchile.cl/normativa/ncg_495_2023.pdf
2023-01-01,1278,COMUNICA TASA DE INTERÉS DE ACTUALIZACIÓN – MARZO 2023,https://www.cmfchile.cl/normativa/ofc_1278_2023.pdf
2023-01-01,1277,COMUNICA NUEVO VALOR UNIDAD DE SEGURO REAJUSTABLE DE MARZO 2023,https://www.cmfchile.cl/normativa/ofc_1277_2023.pdf
2023-01-01,1276,INFORMA TASA DE VALORIZACIÓN DE PASIVOS,https://www.cmfchile.cl/normativa/ofc_1276_2023.pdf
2023-01-01,2331,"EJECUTA ACUERDO DEL CONSEJO DE LA COMISIÓN PARA EL MERCADO FINANCIERO QUE APRUEBA LA CIRCULAR PARA BANCOS Y COOPERATIVAS QUE ESTABLECE EL ENVÍO DE INFORMACIÓN DE CRÉDITOS AMPARADOS POR LAS GARANTÍAS DEL PROGRAMA DEL FOGAPE DE LA LEY N°21.514, Y QUE EXCLUYE LA DISPOSICIÓN DE LOS TRAMITES PREVISTOS EN EL INCISO PRIMERO DEL NUMERAL 3 DEL ARTÍCULO 20 DEL D.L. N°3.538.",https://www.cmfchile.cl/normativa/cir_2331_2023.pdf
2023-01-01,494,EJECUTA ACUERDO DEL CONSEJO DE LA COMISIÓN PARA EL MERCADO FINANCIERO QUE APRUEBA NORMATIVAS QUE REGULAN LA INSCRIPCIÓN EN EL REGISTRO DE PRESTADORES DE SERVICIOS FINANCIEROS Y LA AUTORIZACIÓN DEL SERVICIO DE ASESORÍA DE INVERSIÓN,https://www.cmfchile.cl/normativa/ncg_494_2023.pdf
2023-01-01,493,EJECUTA ACUERDO DEL CONSEJO DE LA COMISIÓN PARA EL MERCADO FINANCIERO QUE APRUEBA NORMATIVAS QUE REGULAN LA INSCRIPCIÓN EN EL REGISTRO DE PRESTADORES DE SERVICIOS FINANCIEROS Y LA AUTORIZACIÓN DEL SERVICIO DE ASESORÍA DE INVERSIÓN,https://www.cmfchile.cl/normativa/ncg_493_2023.pdf
2023-01-01,492,EJECUTA ACUERDO DEL CONSEJO DE LA COMISIÓN PARA EL MERCADO FINANCIERO QUE APRUEBA MODIFICACIÓN A NORMA DE CARÁCTER GENERAL N°30 EN LOS TÉRMINOS QUE SEÑALA Y QUE EXCEPTÚA DE TRÁMITE QUE INDICA.,https://www.cmfchile.cl/normativa/ncg_492_2023.pdf
2023-01-01,2330,"INCORPORA NUEVO CAPÍTULO 21-14 A LA RECOPILACIÓN ACTUALIZADA DE NORMAS PARA BANCOS, QUE CONTIENE LAS DISPOSICIONES RELATIVAS AL DESARROLLO DEL PROCESO DE EVALUACIÓN DE LA ADECUACIÓN DE LIQUIDEZ INTERNA (ILAAP) Y LOS REQUISITOS Y CONDICIONES GENERALES QUE CONSIDERA LA COMISIÓN PARA LA EVALUACIÓN DE LA SUFICIENCIA DE LA POSICIÓN DE LIQUIDEZ DE LOS BANCOS.",https://www.cmfchile.cl/normativa/cir_2330_2023.pdf
2023-01-01,491,EJECUTA ACUERDO DEL CONSEJO DE LA COMISIÓN PARA EL MERCADO FINANCIERO QUE APRUEBA LA MODIFICACIÓN DE LA NORMA DE CARÁCTER GENERAL N°471 EN LOS TÉRMINOS QUE SEÑALA Y QUE EXCEPTÚA DE TRÁMITE QUE INDICA.,https://www.cmfchile.cl/normativa/ncg_491_2023.pdf
2023-01-01,1275,COMUNICA TASA DE INTERÉS DE ACTUALIZACIÓN - FEBRERO 2023.,https://www.cmfchile.cl/normativa/ofc_1275_2023.pdf
2023-01-01,1274,COMUNICA NUEVO VALOR UNIDAD DE SEGURO REAJUSTABLE DE FEBRERO 2023,https://www.cmfchile.cl/normativa/ofc_1274_2023.pdf
2023-01-01,1273,INFORMA TASA DE VALORIZACIÓN DE PASIVOS (CIRCULAR N° 1512 DE ENERO DE 2001),https://www.cmfchile.cl/normativa/ofc_1273_2023.pdf
2022-01-01,2329,"EJECUTA ACUERDO DEL CONSEJO DE LA COMISIÓN PARA EL MERCADO FINANCIERO QUE APRUEBA CIRCULAR QUE ACTUALIZA NORMATIVA QUE INDICA, EN CONCORDANCIA CON LAS MODIFICACIONES EFECTUADAS POR EL BANCO CENTRAL DE CHILE A LOS CAPÍTULOS III.E DE SU COMPENDIO DE NORMAS FINANCIERAS",https://www.cmfchile.cl/normativa/cir_2329_2022.pdf
2022-01-01,2328,"EJECUTA ACUERDO DEL CONSEJO DE LA COMISIÓN PARA EL MERCADO FINANCIERO QUE DEJA SIN EFECTO REQUERIMIENTOS DE PATRIMONIO EFECTIVO ADICIONALES A BANCOS QUE INDICA; LA ELIMINACIÓN DE LAS DISPOSICIONES TRANSITORIAS DEL CAPÍTULO 12-14 DE LA RECOPILACIÓN ACTUALIZADA DE NORMAS PARA BANCOS, RELATIVAS A LA APLICACIÓN DEL ARTÍCULO 35 BIS DE LA LEY GENERAL DE BANCOS, PREVIO A SU MODIFICACIÓN POR LA LEY N°21.130 Y EXCLUYE DE TRAMITE PREVISTO EN EL INCISO PRIMERO DEL NUMERAL 3 DEL ARTÍCULO 20 DEL D.L. N°3.538.",https://www.cmfchile.cl/normativa/cir_2328_2022.pdf
2022-01-01,1272,COMUNICA TASA DE INTERÉS DE ACTUALIZACIÓN – ENERO 2023,https://www.cmfchile.cl/normativa/ofc_1272_2022.pdf
2022-01-01,1271,COMUNICA NUEVO VALOR UNIDAD DE SEGURO REAJUSTABLE DE ENERO 2023,https://www.cmfchile.cl/normativa/ofc_1271_2022.pdf
2022-01-01,1270,INFORMA TASA DE VALORIZACIÓN DE PASIVOS (CIRCULAR N° 1512 DE ENERO DE 2001),https://www.cmfchile.cl/normativa/ofc_1270_2022.pdf
2022-01-01,490,EJECUTA ACUERDO DEL CONSEJO DE LA COMISIÓN PARA EL MERCADO FINANCIERO QUE APRUEBA MODIFICACIÓN DE NORMA DE CARÁCTER GENERAL N°426 Y QUE EXCEPTÚA DE TRÁMITE QUE INDICA,https://www.cmfchile.cl/normativa/ncg_490_2022.pdf
2022-01-01,2327,EJECUTA ACUERDO DEL CONSEJO DE LA COMISIÓN PARA EL MERCADO FINANCIERO QUE APRUEBA NORMA DE CARÁCTER GENERAL PARA CÁMARAS DE COMPENSACIÓN DE PAGOS DE BAJO VALOR REGULADAS POR EL BANCO CENTRAL DE CHILE; LA CIRCULAR QUE MODIFICA LA NORMATIVA QUE INDICA Y LA EXCLUYE DE LOS TRÁMITES PREVISTOS EN EL INCISO PRIMERO DEL NUMERAL 3 DEL ARTÍCULO 20 DEL D.L. N°3.538.,https://www.cmfchile.cl/normativa/cir_2327_2022.pdf
2022-01-01,489,EJECUTA ACUERDO DEL CONSEJO DE LA COMISIÓN PARA EL MERCADO FINANCIERO QUE APRUEBA NORMA DE CARÁCTER GENERAL PARA CÁMARAS DE COMPENSACIÓN DE PAGOS DE BAJO VALOR REGULADAS POR EL BANCO CENTRAL DE CHILE; LA CIRCULAR QUE MODIFICA LA NORMATIVA QUE INDICA Y LA EXCLUYE DE LOS TRÁMITES PREVISTOS EN EL INCISO PRIMERO DEL NUMERAL 3 DEL ARTÍCULO 20 DEL D.L. N°3.538.,https://www.cmfchile.cl/normativa/ncg_489_2022.pdf
2022-01-01,488,"EJECUTA ACUERDO DEL CONSEJO DE LA COMISIÓN PARA EL MERCADO FINANCIERO QUE APRUEBA NORMATIVA QUE IMPARTE INSTRUCCIONES PARA EL ENVÍO DE INFORMACIÓN DE LOS ARTÍCULOS 26 BIS, 38 BIS Y 80 BIS DE LA LEY ÚNICA DE FONDOS.",https://www.cmfchile.cl/normativa/ncg_488_2022.pdf
2022-01-01,2326,"EJECUTA ACUERDO DEL CONSEJO DE LA COMISIÓN PARA EL MERCADO FINANCIERO QUE APRUEBA LA CIRCULAR QUE MODIFICA EL CAPÍTULO 18-5 DE LA RECOPILACIÓN ACTUALIZADA DE NORMAS DE BANCOS, ELIMINANDO LA EXIGENCIA DE CONTAR CON UN TÍTULO EJECUTIVO PARA EL REPORTE DE LA INFORMACIÓN DE DEUDORES.",https://www.cmfchile.cl/normativa/cir_2326_2022.pdf
2022-01-01,1269,COMUNICA TASA DE INTERÉS DE ACTUALIZACIÓN - DICIEMBRE 2022,https://www.cmfchile.cl/normativa/ofc_1269_2022.pdf
2022-01-01,1268,COMUNICA NUEVO VALOR UNIDAD DE SEGURO REAJUSTABLE DE DICIEMBRE 2022,https://www.cmfchile.cl/normativa/ofc_1268_2022.pdf
2022-01-01,1267,INFORMA TASA DE VALORIZACIÓN DE PASIVOS (CIRCULAR N°1512 DE ENERO DE 2001),https://www.cmfchile.cl/normativa/ofc_1267_2022.pdf
2022-01-01,2325,"EJECUTA ACUERDO DEL CONSEJO DE LA COMISIÓN PARA EL MERCADO FINANCIERO QUE APRUEBA LA CIRCULAR QUE ACTUALIZA LA NORMATIVA SOBRE PREVENCIÓN DEL LAVADO DE ACTIVOS, FINANCIAMIENTO AL TERRORISMO Y LA NO PROLIFERACIÓN DE ARMAS DE DESTRUCCIÓN MASIVA APLICABLE A BANCOS, COOPERATIVAS Y EMISORES DE TARJETAS DE PAGO.",https://www.cmfchile.cl/normativa/cir_2325_2022.pdf
2022-01-01,2324,EJECUTA ACUERDO DEL CONSEJO DE LA COMISIÓN PARA EL MERCADO FINANCIERO QUE APRUEBA LA CIRCULAR QUE MODIFICA EL CAPÍTULO 2-13 DE LA RECOPILACIÓN ACTUALIZADA DE NORMAS PARA BANCOS Y CREA UN NUEVO ARCHIVO NORMATIVO SOBRE INFORMACIÓN DE ACREENCIAS BANCARIAS SUJETAS A CADUCIDAD DEL MANUAL DEL SISTEMA DE INFORMACIÓN PARA BANCOS.,https://www.cmfchile.cl/normativa/cir_2324_2022.pdf
2022-01-01,2323,EJECUTA ACUERDO DEL CONSEJO DE LA COMISIÓN PARA EL MERCADO FINANCIERO QUE MODIFICA LOS CAPÍTULOS B-6 Y B-7 DEL COMPENDIO DE NORMAS CONTABLES PARA BANCOS.,https://www.cmfchile.cl/normativa/cir_2323_2022.pdf
2022-01-01,1266,COMUNICA TASA DE INTERÉS DE ACTUALIZACIÓN - NOVIEMBRE 2022.,https://www.cmfchile.cl/normativa/ofc_1266_2022.pdf
2022-01-01,1265,COMUNICA NUEVO VALOR UNIDAD DE SEGURO REAJUSTABLE DE NOVIEMBRE 2022.,https://www.cmfchile.cl/normativa/ofc_1265_2022.pdf
2022-01-01,1264,INFORMA TASA DE VALORIZACIÓN DE PASIVOS (CIRCULAR N°1512 DE ENERO DE 2001).,https://www.cmfchile.cl/normativa/ofc_1264_2022.pdf
2022-01-01,2322,"EJECUTA ACUERDO DEL CONSEJO DE LA COMISIÓN PARA EL MERCADO FINANCIERO
QUE APRUEBA CIRCULAR QUE MODIFICA EL PLAZO DE LOS ARCHIVOS R01 Y R06 DEL
SISTEMA DE RIESGOS DEL MANUAL DEL SISTEMA DE INFORMACIÓN PARA BANCOS
Y LA EXCLUYE DE TRAMITE PREVISTO EN EL NUMERAL 3 DEL ARTÍCULO 20 DEL D.L.
N°3.538.",https://www.cmfchile.cl/normativa/cir_2322_2022.pdf
2022-01-01,487,EJECUTA ACUERDO DEL CONSEJO DE LA COMISIÓN PARA EL MERCADO FINANCIERO QUE APRUEBA NORMA DE CARÁCTER GENERAL QUE REQUIERE EL ENVÍO DE INFORMACIÓN SOBRE FRAUDES DE ACUERDO CON EL NUEVO ARTÍCULO 11 DE LA LEY N°20.009.,https://www.cmfchile.cl/normativa/ncg_487_2022.pdf
2022-01-01,2321,"EJECUTA ACUERDO DEL CONSEJO DE LA COMISIÓN PARA EL MERCADO FINANCIERO QUE APRUEBA CIRCULAR QUE INSTRUYE A LAS EMPRESAS BANCARIAS Y OTRAS ENTIDADES FISCALIZADAS Y REGISTRADAS, EL USO DEL MODULO DE LA EXTRANET DENOMINADO OFICINA DE PARTES VIRTUAL.",https://www.cmfchile.cl/normativa/cir_2321_2022.pdf
2022-01-01,2320,"EJECUTA ACUERDO DEL CONSEJO DE LA COMISIÓN PARA EL MERCADO FINANCIERO QUE APRUEBA CIRCULAR PARA BANCOS QUE ELIMINA ARCHIVO C04, Y LA EXCLUYE DE LOS TRAMITES PREVISTOS EN EL NUMERAL 3 DEL ARTÍCULO 20 DEL D.L. N°3.538.",https://www.cmfchile.cl/normativa/cir_2320_2022.pdf
2022-01-01,2319,"EJECUTA ACUERDO DEL CONSEJO DE LA COMISIÓN PARA EL MERCADO FINANCIERO QUE APRUEBA LA CIRCULAR PARA BANCOS QUE AJUSTA LOS ARCHIVOS NORMATIVOS R08, MC1, MC2, MC3 Y MC4 Y TABLA 121 DEL MANUAL DE SISTEMAS DE INFORMACIÓN BANCOS Y LA EXCLUYE DE LOS TRAMITES PREVISTOS EN EL INCISO PRIMERO DEL NUMERAL 3 DEL ARTÍCULO 20 DEL D.L N°3.538 DE 1980.",https://www.cmfchile.cl/normativa/cir_2319_2022.pdf
2022-01-01,1263,COMUNICA NUEVO VALOR UNIDAD DE SEGURO REAJUSTABLE DE OCTUBRE 2022,https://www.cmfchile.cl/normativa/ofc_1263_2022.pdf
2022-01-01,1262,COMUNICA TASA DE INTERÉS DE ACTUALIZACIÓN - OCTUBRE 2022.,https://www.cmfchile.cl/normativa/ofc_1262_2022.pdf
2022-01-01,1261,INFORMA TASA DE VALORIZACIÓN DE PASIVOS (CIRCULAR N°1512 DE ENERO DE 2001).,https://www.cmfchile.cl/normativa/ofc_1261_2022.pdf
2022-01-01,1260,"CERTIFICADO SEGURO OBLIGATORIO, LEY N°18.490.",https://www.cmfchile.cl/normativa/ofc_1260_2022.pdf
2022-01-01,486,"EJECUTA ACUERDO DEL CONSEJO DE LA COMISIÓN PARA EL MERCADO FINANCIERO QUE APRUEBA NORMATIVA QUE MODIFICA LAS NORMAS DE CARÁCTER GENERAL N°30, N°303, N°473 Y N°475 EN LOS TÉRMINOS QUE INDICA.",https://www.cmfchile.cl/normativa/ncg_486_2022.pdf
2022-01-01,485,EJECUTA ACUERDO DEL CONSEJO DE LA COMISIÓN PARA EL MERCADO FINANCIERO QUE APRUEBA NORMATIVA QUE IMPARTE INSTRUCCIONES SOBRE EL CÁLCULO DEL PRECIO DE CIERRE AL QUE SE REFIERE LA LEY N°21.420,https://www.cmfchile.cl/normativa/ncg_485_2022.pdf
2022-01-01,2318,EJECUTA ACUERDO DEL CONSEJO DE LA COMISIÓN PARA EL MERCADO FINANCIERO QUE APRUEBA CIRCULAR QUE INCORPORA LOS ARCHIVOS “RIESGO DE MERCADO DEL LIBRO DE BANCA” (R13) Y “RIESGO DE CONCENTRACIÓN CREDITICIA” (R14) AL SISTEMA DE RIESGOS DEL MANUAL DE SISTEMA DE INFORMACIÓN BANCOS.,https://www.cmfchile.cl/normativa/cir_2318_2022.pdf
2022-01-01,1259,COMUNICA TASA DE INTERÉS DE ACTUALIZACIÓN - SEPTIEMBRE 2022,https://www.cmfchile.cl/normativa/ofc_1259_2022.pdf
2022-01-01,1258,COMUNICA NUEVO VALOR UNIDAD DE SEGURO REAJUSTABLE DE SEPTIEMBRE 2022.,https://www.cmfchile.cl/normativa/ofc_1258_2022.pdf
2022-01-01,1257,INFORMA TASA DE VALORIZACION DE PASIVOS (CIRCULAR N°1512 DE ENERO DE 2001).,https://www.cmfchile.cl/normativa/ofc_1257_2022.pdf
2022-01-01,484,"EJECUTA ACUERDO DEL CONSEJO DE LA COMISIÓN PARA EL MERCADO FINANCIERO QUE APRUEBA NORMA DE CARÁCTER GENERAL QUE REGULA LAS COMISIONES DE OPERACIONES DE CRÉDITO DE ACUERDO AL ARTÍCULO 19 TER DE LA LEY 18.010, Y QUE DEFINE LOS PLAZOS Y CONDICIONES EN QUE LAS ENTIDADES DEBEN ENVIAR A SUS CLIENTES LOS ANEXOS CONTRACTUALES SEGÚN EL ARTÍCULO OCTAVO TRANSITORIO DE LA LEY N°21.314.",https://www.cmfchile.cl/normativa/ncg_484_2022.pdf
2022-01-01,483,EJECUTA ACUERDO DEL CONSEJO DE LA COMISIÓN PARA EL MERCADO FINANCIERO QUE APRUEBA NORMATIVA QUE MODIFICA NORMA DE CARÁCTER GENERAL N°472 Y QUE EXCEPTÚA DE TRÁMITE QUE INDICA.,https://www.cmfchile.cl/normativa/ncg_483_2022.pdf
2022-01-01,2317,EJECUTA ACUERDO DEL CONSEJO DE LA COMISIÓN PARA EL MERCADO FINANCIERO QUE APRUEBA CIRCULAR QUE MODIFICA EL CAPÍTULO 18-5 DE LA RECOPILACIÓN ACTUALIZADA DE NORMAS DE BANCOS.,https://www.cmfchile.cl/normativa/cir_2317_2022.pdf
2022-01-01,482,EJECUTA ACUERDO DEL CONSEJO DE LA COMISION PARA EL MERCADO FINANCIERO QUE APRUEBA PROPUESTA NORMATIVA QUE REGULA EL CUMPLIMIENTO DEL REQUISITO DE PATRIMONIO MÍNIMO DE SOCIEDADES OPERADORAS DE CÁMARAS DE COMPENSACIÓN DE PAGOS DE ALTO VALOR EN MONEDA NACIONAL Y EXTRANJERA.,https://www.cmfchile.cl/normativa/ncg_482_2022.pdf
2022-01-01,480,EJECUTA ACUERDO DEL CONSEJO DE LA COMISIÓN PARA EL MERCADO FINANCIERO QUE APRUEBA NORMA DE CARÁCTER GENERAL QUE REGULA LA INTERCONEXIÓN DE LAS BOLSAS DE VALORES.,https://www.cmfchile.cl/normativa/ncg_480_2022.pdf
2022-01-01,2316,"EJECUTA ACUERDO DEL CONSEJO DE LA COMISIÓN PARA EL MERCADO FINANCIERO, QUE APRUEBA LA CIRCULAR QUE FLEXIBILIZA EL ENVÍO DE PARTE DE LA INFORMACIÓN DE LOS ARCHIVOS P38 Y P39 DEL MANUAL DEL SISTEMA DE INFORMACIÓN PARA BANCOS Y LA EXIME DE TRAMITES QUE INDICA",https://www.cmfchile.cl/normativa/cir_2316_2022.pdf
2022-01-01,1256,COMUNICA TASA DE INTERÉS DE ACTUALIZACIÓN - AGOSTO 2022,https://www.cmfchile.cl/normativa/ofc_1256_2022.pdf
2022-01-01,1255,INFORMA TASA DE VALORIZACIÓN DE PASIVOS (CIRCULAR N°1512 DE ENERO DE 2001).,https://www.cmfchile.cl/normativa/ofc_1255_2022.pdf
2022-01-01,1254,COMUNICA NUEVO VALOR UNIDAD DE SEGURO REAJUSTABLE DE AGOSTO 2022.,https://www.cmfchile.cl/normativa/ofc_1254_2022.pdf
2022-01-01,2315,EJECUTA ACUERDO DEL CONSEJO DE LA COMISIÓN PARA EL MERCADO FINANCIERO QUE APRUEBA LA EMISIÓN DE CIRCULAR QUE EXTIENDE EL PERIODO DE MARCHA PARA EL ENVÍO DEL ARCHIVO D10 APLICABLE A EMISORES NO BANCARIOS DE TARJETAS DE CRÉDITO Y LA EXIME DE TRÁMITES QUE INDICA.,https://www.cmfchile.cl/normativa/cir_2315_2022.pdf
2022-01-01,1253,INFORMA TASA DE VALORIZACIÓN DE PASIVOS (CIRCULAR N°1512 DE ENERO DE 2001),https://www.cmfchile.cl/normativa/ofc_1253_2022.pdf
2022-01-01,1252,COMUNICA NUEVO VALOR UNIDAD DE SEGURO REAJUSTABLE DE JULIO 2022.,https://www.cmfchile.cl/normativa/ofc_1252_2022.pdf
2022-01-01,1251,COMUNICA TASA INTERES DE ACTUALIZACION – JULIO 2022.,https://www.cmfchile.cl/normativa/ofc_1251_2022.pdf
2022-01-01,2314,EJECUTA ACUERDO DEL CONSEJO DE LA COMISIÓN PARA EL MERCADO FINANCIERO QUE APRUEBA CIRCULAR QUE MODIFICA EL CAPÍTULO 12-20 DE LA RECOPILACIÓN ACTUALIZADA DE NORMAS PARA BANCOS Y MANUAL DE SISTEMAS DE INFORMACIÓN BANCOS.,https://www.cmfchile.cl/normativa/cir_2314_2022.pdf
2022-01-01,479,"EJECUTA ACUERDO DEL CONSEJO DE LA COMISIÓN PARA EL MERCADO FINANCIERO QUE APRUEBA LA EMISIÓN DE LA NORMA DE CARÁCTER GENERAL QUE MODIFICA NORMA DE CARÁCTER GENERAL N° 470, QUE REGULA EL SISTEMA DE CONSULTAS DE SEGUROS DEL ARTÍCULO 12 DEL D.F.L. N° 251, DE 1931 Y LA EXIME DE TRÁMITE DE CONSULTA PÚBLICA.",https://www.cmfchile.cl/normativa/ncg_479_2022.pdf
2022-01-01,478,"EJECUTA ACUERDO DEL CONSEJO DE LA COMISIÓN PARA EL MERCADO FINANCIERO QUE APRUEBA LA EMISIÓN DE LA NORMA DE CARÁCTER GENERAL QUE MODIFICA NORMA DE CARÁCTER GENERAL N° 470, QUE REGULA EL SISTEMA DE CONSULTAS DE SEGUROS DEL ARTÍCULO 12 DEL D.F.L. N° 251, DE 1931 Y LA EXIME DE TRÁMITE DE CONSULTA PÚBLICA.",https://www.cmfchile.cl/normativa/ncg_478_2022.pdf
2022-01-01,477,EJECUTA ACUERDO DEL CONSEJO DE LA COMISIÓN PARA EL MERCADO FINANCIERO QUE APRUEBA NORMA DE CARÁCTER GENERAL QUE SIMPLIFICA PROCESO DE INSCRIPCIÓN EN EL REGISTRO DE INSPECTORES DE CUENTAS Y AUDITORES EXTERNOS.,https://www.cmfchile.cl/normativa/ncg_477_2022.pdf
2022-01-01,1250,COMUNICA TASA INTERÉS DE ACTUALIZACIÓN – JUNIO 2022.,https://www.cmfchile.cl/normativa/ofc_1250_2022.pdf
2022-01-01,1249,COMUNICA NUEVO VALOR UNIDAD DE SEGURO REAJUSTABLE DE JUNIO 2022.,https://www.cmfchile.cl/normativa/ofc_1249_2022.pdf
2022-01-01,1248,INFORMA TASA DE VALORIZACIÓN DE PASIVOS (CIRCULAR Nº 1512 DE ENERO DE 2001).,https://www.cmfchile.cl/normativa/ofc_1248_2022.pdf
2022-01-01,2313,EJECUTA ACUERDO DEL CONSEJO DE LA COMISIÓN PARA EL MERCADO FINANCIERO QUE APRUEBA LA DEFINICIÓN DE GRUPO EMPRESARIAL PARA LA CONFORMACIÓN DE LA CARTERA GRUPAL EN EL COMPENDIO DE NORMAS CONTABLES PARA BANCOS.,https://www.cmfchile.cl/normativa/cir_2313_2022.pdf
2022-01-01,2312,EJECUTA ACUERDO DEL CONSEJO DE LA COMISIÓN PARA EL MERCADO FINANCIERO QUE APRUEBA PROPUESTA NORMATIVA QUE AJUSTA LOS CAPÍTULOS 12-21 “MEDICIÓN Y CONTROL DE LOS RIESGOS DE MERCADO” Y 1-13 “CLASIFICACIÓN DE GESTIÓN Y SOLVENCIA” DE LA RECOPILACIÓN ACTUALIZADA DE NORMAS PARA BANCOS EN CONCORDANCIA CON MODIFICACIONES AL CAPÍTULO III.B.2.2 DEL COMPENDIO DE NORMAS FINANCIERAS DEL BANCO CENTRAL DE CHILE.,https://www.cmfchile.cl/normativa/cir_2312_2022.pdf
2022-01-01,476,EJECUTA ACUERDO DEL CONSEJO DE LA COMISIÓN PARA EL MERCADO FINANCIERO QUE APRUEBA NORMAS DE CARÁCTER GENERAL QUE SIMPLIFICAN REGISTROS E INFORMACIÓN CONTINUA DE ENTIDADES QUE INDICA.,https://www.cmfchile.cl/normativa/ncg_476_2022.pdf
2022-01-01,475,EJECUTA ACUERDO DEL CONSEJO DE LA COMISIÓN PARA EL MERCADO FINANCIERO QUE APRUEBA NORMAS DE CARÁCTER GENERAL QUE SIMPLIFICAN REGISTROS E INFORMACIÓN CONTINUA DE ENTIDADES QUE INDICA.,https://www.cmfchile.cl/normativa/ncg_475_2022.pdf
2022-01-01,474,EJECUTA ACUERDO DEL CONSEJO DE LA COMISIÓN PARA EL MERCADO FINANCIERO QUE APRUEBA NORMAS DE CARÁCTER GENERAL QUE SIMPLIFICAN REGISTROS E INFORMACIÓN CONTINUA DE ENTIDADES QUE INDICA.,https://www.cmfchile.cl/normativa/ncg_474_2022.pdf
2022-01-01,473,EJECUTA ACUERDO DEL CONSEJO DE LA COMISIÓN PARA EL MERCADO FINANCIERO QUE APRUEBA NORMAS DE CARÁCTER GENERAL QUE SIMPLIFICAN REGISTROS E INFORMACIÓN CONTINUA DE ENTIDADES QUE INDICA.,https://www.cmfchile.cl/normativa/ncg_473_2022.pdf
2022-01-01,472,EJECUTA ACUERDO DEL CONSEJO DE LA COMISIÓN PARA EL MERCADO FINANCIERO QUE APRUEBA NORMA DE CARÁCTER GENERAL QUE REGULA LA ASESORÍA DE INVERSIÓN.,https://www.cmfchile.cl/normativa/ncg_472_2022.pdf
2022-01-01,471,EJECUTA ACUERDO DEL CONSEJO DE LA COMISIÓN PARA EL MERCADO FINANCIERO QUE APRUEBA NORMA DE CARÁCTER GENERAL QUE REGULA LA INSCRIPCIÓN EN EL REGISTRO DE AGENTES DE VENTAS DE SEGUROS Y EN EL REGISTRO DE AGENTES DE VENTAS DE RENTAS VITALICIAS.,https://www.cmfchile.cl/normativa/ncg_471_2022.pdf
2022-01-01,1247,INFORMA TASA DE VALORIZACIÓN DE PASIVOS (CIRCULAR Nº 1512 DE ENERO DE 2001).,https://www.cmfchile.cl/normativa/ofc_1247_2022.pdf
2022-01-01,1246,COMUNICA TASA INTERÉS DE ACTUALIZACIÓN – MAYO 2022.,https://www.cmfchile.cl/normativa/ofc_1246_2022.pdf
2022-01-01,1245,COMUNICA NUEVO VALOR UNIDAD DE SEGURO REAJUSTABLE DE MAYO 2022.,https://www.cmfchile.cl/normativa/ofc_1245_2022.pdf
2022-01-01,470,"EJECUTA ACUERDO DEL CONSEJO DE LA COMISIÓN PARA EL MERCADO FINANCIERO QUE APRUEBA LA EMISIÓN DE LA NORMA DE CARÁCTER GENERAL QUE REGULA EL SISTEMA DE CONSULTAS DE SEGUROS DEL ARTÍCULO 12 DEL D.F.L. N° 251, DE 1931. DEROGA NORMA DE CARACTER GENERAL N°342.",https://www.cmfchile.cl/normativa/ncg_470_2022.pdf
2022-01-01,469,"EJECUTA ACUERDO DEL CONSEJO DE LA COMISIÓN PARA EL MERCADO FINANCIERO QUE APRUEBA LA EMISIÓN DE LA NORMA DE CARÁCTER GENERAL QUE REGULA LA CONTRATACIÓN INDIVIDUAL Y COLECTIVA DE SEGUROS ASOCIADOS A CRÉDITOS HIPOTECARIOS DEL ARTÍCULO 40 DEL D.F.L. N° 251, LAS CONDICIONES MÍNIMAS QUE DEBERÁN CONTEMPLAR LAS BASES DE LICITACIÓN DE ÉSTOS Y LA INFORMACIÓN QUE SE DEBERÁ ENTREGAR A LOS OFERENTES, DEUDORES ASEGURADOS Y COMISIÓN PARA EL MERCADO FINANCIERO. DEROGA NORMA DE CARÁCTER GENERAL N° 330, CIRCULAR N°3.530 BANCOS (CIRCULAR N° 147 DE COOPERATIVAS Y LA CIRCULAR N° 62 DE FILIALES), CARTA CIRCULAR N°2 DEL 2012 BANCOS, (CARTA CIRCULAR N°1 COOPERATIVAS DEL 2012) Y CIRCULAR 3.537 BANCOS (CIRCULAR N° 149 COOPERATIVAS Y CIRCULAR N° 63 FILIALES).",https://www.cmfchile.cl/normativa/ncg_469_2022.pdf
2022-01-01,2311,EJECUTA ACUERDO DEL CONSEJO DE LA COMISIÓN PARA EL MERCADO FINANCIERO QUE APRUEBA CIRCULAR QUE MODIFICA EL CAPÍTULO 21-6 DE LA RECOPILACIÓN ACTUALIZADA DE NORMAS PARA BANCOS.,https://www.cmfchile.cl/normativa/cir_2311_2022.pdf
2022-01-01,468,EJECUTA ACUERDO DEL CONSEJO DE LA COMISIÓN PARA EL MERCADO FINANCIERO QUE APRUEBA NORMAS DE CARÁCTER GENERAL QUE REGULAN EL PROCESO DE AUTORIZACIÓN DE EXISTENCIA DE SOCIEDADES ANÓNIMAS ESPECIALES Y DE INICIO DE FUNCIONES DE ADMINISTRADORAS GENERALES DE FONDOS,https://www.cmfchile.cl/normativa/ncg_468_2022.pdf
2022-01-01,467,EJECUTA ACUERDO DEL CONSEJO DE LA COMISIÓN PARA EL MERCADO FINANCIERO QUE APRUEBA NORMAS DE CARÁCTER GENERAL QUE REGULAN EL PROCESO DE AUTORIZACIÓN DE EXISTENCIA DE SOCIEDADES ANÓNIMAS ESPECIALES Y DE INICIO DE FUNCIONES DE ADMINISTRADORAS GENERALES DE FONDOS,https://www.cmfchile.cl/normativa/ncg_467_2022.pdf
2022-01-01,2310,"EJECUTA ACUERDO DEL CONSEJO DE LA COMISIÓN PARA EL MERCADO FINANCIERO QUE APRUEBA CIRCULAR PARA BANCOS Y COOPERATIVAS QUE ELIMINA ARCHIVOS D58, D59, E20, E21 Y E22, Y EXCLUYE DE LOS TRAMITES PREVISTOS EN EL INCISO PRIMERO DEL NUMERAL 3 DEL ARTÍCULO 20 DEL D.L. N°3.538.",https://www.cmfchile.cl/normativa/cir_2310_2022.pdf
2022-01-01,2309,"EJECUTA ACUERDO DEL CONSEJO DE LA COMISIÓN PARA EL MERCADO FINANCIERO QUE APRUEBA LA EMISIÓN DE LA CIRCULAR QUE MODIFICA CIRCULAR N° 1815, QUE ESTABLECE NORMAS PARA EL ENVÍO DE INFORMACIÓN SOBRE PÓLIZAS DE RENTA VITALICIA PREVISIONAL DEL D.L. Nº 3.500 DE 1980.",https://www.cmfchile.cl/normativa/cir_2309_2022.pdf
2022-01-01,2308,"EJECUTA ACUERDO DEL CONSEJO DE LA COMISIÓN PARA EL MERCADO FINANCIERO QUE APRUEBA LA EMISIÓN DE CIRCULAR QUE MODIFICA CIRCULAR N° 1194, QUE ESTABLECE NORMAS PARA EL ENVIO DE INFORMACION DE SEGUROS PREVISIONALES E INDICES DE COBERTURA DEL SISTEMA DE CALCE.",https://www.cmfchile.cl/normativa/cir_2308_2022.pdf
2022-01-01,1244,COMUNICA NUEVO VALOR UNIDAD DE SEGURO REAJUSTABLE DE ABRIL 2022.,https://www.cmfchile.cl/normativa/ofc_1244_2022.pdf
2022-01-01,1243,COMUNICA TASA INTERES DE ACTUALIZACION – ABRIL 2022.,https://www.cmfchile.cl/normativa/ofc_1243_2022.pdf
2022-01-01,1242,INFORMA TASA DE VALORIZACIÓN DE PASIVOS (CIRCULAR Nº 1512 DE ENERO DE 2001).,https://www.cmfchile.cl/normativa/ofc_1242_2022.pdf
2022-01-01,2307,EJECUTA ACUERDO DEL CONSEJO DE LA COMISIÓN PARA EL MERCADO FINANCIERO QUE APRUEBA PROPUESTA NORMATIVA QUE ACTUALIZA Y MODIFICA EL REGLAMENTO DE ADMINISTRACIÓN DEL FONDO DE GARANTÍA PARA PEQUEÑOS Y MEDIANOS EMPRESARIOS (FOGAPE) Y EXCEPTÚA DE LOS TRÁMITES ESTABLECIDOS EN EL ARTÍCULO 20° N°3 DEL DECRETO LEY N°3.538 A NORMATIVA QUE INDICA.,https://www.cmfchile.cl/normativa/cir_2307_2022.pdf
2022-01-01,2306,EJECUTA ACUERDO DEL CONSEJO DE LA COMISIÓN PARA EL MERCADO FINANCIERO QUE APRUEBA CIRCULAR QUE REQUIERE INFORMACIÓN RESPECTO DE LOS MOVIMIENTOS Y VALORES MANTENIDOS EN LAS EMPRESAS DE DEPÓSITO DE VALORES.,https://www.cmfchile.cl/normativa/cir_2306_2022.pdf
2022-01-01,2305,EJECUTA ACUERDO DEL CONSEJO DE LA COMISIÓN PARA EL MERCADO FINANCIERO QUE APRUEBA CIRCULAR QUE MODIFICA EL CUADRO 2 DEL ANEXO N°6 DEL CAPÍTULO C-1 DEL COMPENDIO DE NORMAS CONTABLES PARA BANCOS; EXTIENDE EL PLAZO DE APLICACIÓN DEL ANEXO N°5 DE LA VERSIÓN ANTERIOR DEL COMPENDIO Y EXCLUYE DE TRAMITE PREVISTO EN EL INCISO PRIMERO DEL NUMERAL 3 DEL ARTÍCULO 20 DEL D.L. N°3.538.,https://www.cmfchile.cl/normativa/cir_2305_2022.pdf
2022-01-01,1241,COMUNICA TASA INTERES DE ACTUALIZACION – MARZO 2022.,https://www.cmfchile.cl/normativa/ofc_1241_2022.pdf
2022-01-01,1240,COMUNICA NUEVO VALOR UNIDAD DE SEGURO REAJUSTABLE DE MARZO 2022.,https://www.cmfchile.cl/normativa/ofc_1240_2022.pdf
2022-01-01,1239,INFORMA TASA DE VALORIZACIÓN DE PASIVOS (CIRCULAR N°1512 DE ENERO DE 2001).,https://www.cmfchile.cl/normativa/ofc_1239_2022.pdf
2022-01-01,2304,"EJECUTA ACUERDO DEL CONSEJO DE LA COMISIÓN PARA EL MERCADO FINANCIERO QUE APRUEBA LA CIRCULAR QUE HACE APLICABLE A LAS COOPERATIVAS DE AHORRO Y CRÉDITO FISCALIZADAS, LAS NORMAS DE RESGUARDO Y GESTIÓN DE RIESGOS OPERACIONALES QUE INDICA.",https://www.cmfchile.cl/normativa/cir_2304_2022.pdf
2022-01-01,1238,COMUNICA TASA INTERES DE ACTUALIZACION - FEBRERO 2022.,https://www.cmfchile.cl/normativa/ofc_1238_2022.pdf
2022-01-01,1237,COMUNICA NUEVO VALOR UNIDAD DE SEGURO REAJUSTABLE DE FEBRERO 2022.,https://www.cmfchile.cl/normativa/ofc_1237_2022.pdf
2022-01-01,1236,INFORMA TASA DE VALORIZACIÓN DE PASIVOS (CIRCULAR N°1512 DE ENERO DE 2001).,https://www.cmfchile.cl/normativa/ofc_1236_2022.pdf
2021-01-01,2303,"CAPÍTULOS 21-12 Y 21-16 DE LA RECOPILACIÓN ACTUALIZADA DE NORMAS. PRECISA DEFINICIÓN DE LAS PARTIDAS DISTRIBUIBLES Y AJUSTA INSTRUCCIONES SOBRE EXPOSICIÓN A LA ADQUISIÓN DE TERRENOS, PROMOCIÓN Y CONSTRUCCIÓN.",https://www.cmfchile.cl/normativa/cir_2303_2021.pdf
2021-01-01,2302,EJECUTA ACUERDO DEL CONSEJO DE LA COMISIÓN PARA EL MERCADO FINANCIERO QUE APRUEBA LA CIRCULAR QUE ACTUALIZA EL CAPÍTULO 12-7 DE LA RECOPILACIÓN ACTUALIZADA DE NORMAS Y EL ARCHIVO C18 DEL MANUAL DEL SISTEMA DE INFORMACIÓN.,https://www.cmfchile.cl/normativa/cir_2302_2021.pdf
2021-01-01,2301,EJECUTA ACUERDO DEL CONSEJO DE LA COMISIÓN PARA EL MERCADO FINANCIERO QUE APRUEBA LA CIRCULAR PARA BANCOS QUE MODIFICA EL TAMAÑO DE LOS CAMPOS DE ARCHIVOS P37 Y P40 DEL MANUAL DEL SISTEMA DE INFORMACIÓN DE LOS BANCOS Y LA EXCLUYE DE LOS TRAMITES PREVISTOS EN EL INCISO PRIMERO DEL NUMERAL 3 DEL ARTÍCULO 20 DEL D.L. N°3.538 DE 1980.,https://www.cmfchile.cl/normativa/cir_2301_2021.pdf
2021-01-01,1235,INFORMA TASA DE VALORIZACIÓN DE PASIVOS (CIRCULAR N°1512 DE ENERO DE 2001).,https://www.cmfchile.cl/normativa/ofc_1235_2021.pdf
2021-01-01,1234,COMUNICA TASA INTERES DE ACTUALIZACION - ENERO 2022.,https://www.cmfchile.cl/normativa/ofc_1234_2021.pdf
2021-01-01,1233,COMUNICA NUEVO VALOR UNIDAD DE SEGURO REAJUSTABLE DE ENERO 2022.,https://www.cmfchile.cl/normativa/ofc_1233_2021.pdf
2021-01-01,462,EJECUTA ACUERDO DEL CONSEJO DE LA COMISIÓN PARA EL MERCADO FINANCIERO QUE APRUEBA NORMA DE CARÁCTER GENERAL QUE REQUIERE EL ENVÍO DE INFORMACIÓN RELATIVA A PORTABILIDAD FINANCIERA.,https://www.cmfchile.cl/normativa/ncg_462_2021.pdf
2021-01-01,2300,EJECUTA ACUERDO DEL CONSEJO DE LA COMISIÓN PARA EL MERCADO FINANCIERO QUE APRUEBA CIRCULAR QUE AJUSTA LA TABLA 106 “SUB-FACTORES DEL ÍNDICE DE IMPORTANCIA SISTÉMICA” DEL MANUAL DE SISTEMAS DE INFORMACIÓN BANCOS E INSTRUYE RECTIFICACIÓN DE ARCHIVO NORMATIVO R11.,https://www.cmfchile.cl/normativa/cir_2300_2021.pdf
2021-01-01,461,EJECUTA ACUERDO DEL CONSEJO DE LA COMISIÓN PARA EL MERCADO FINANCIERO QUE APRUEBA NORMA DE CARÁCTER GENERAL QUE MODIFICA LA ESTRUCTURA Y CONTENIDO DE LA MEMORIA ANUAL DE LOS EMISORES DE VALORES Y QUE MODIFICA Y DEROGA NORMAS QUE INDICA.,https://www.cmfchile.cl/normativa/ncg_461_2021.pdf
2021-01-01,1232,INFORMA TASA DE VALORIZACIÓN DE PASIVOS (CIRCULAR N°1512 DE ENERO DE 2001).,https://www.cmfchile.cl/normativa/ofc_1232_2021.pdf
2021-01-01,1231,COMUNICA TASA INTERES DE ACTUALIZACION - DICIEMBRE 2021,https://www.cmfchile.cl/normativa/ofc_1231_2021.pdf
2021-01-01,1230,COMUNICA NUEVO VALOR UNIDAD DE SEGURO REAJUSTABLE DE DICIEMBRE 2021,https://www.cmfchile.cl/normativa/ofc_1230_2021.pdf
2021-01-01,2299,"EJECUTA ACUERDO DEL CONSEJO DE LA COMISIÓN PARA EL MERCADO FINANCIERO QUE APRUEBA LA EMISIÓN DE CIRCULAR QUE MODIFICA CIRCULAR N° 2137, QUE IMPARTE NORMAS SOBRE FORMA Y CONTENIDO DE LOS ESTADOS FINANCIEROS DE CORREDORES DE SEGUROS QUE NO SEAN PERSONAS NATURALES Y DE CIRCULAR QUE MODIFICA CIRCULAR N° 1652, QUE ESTABLECE FICHA ESTADISTICA CODIFICADA UNIFORME PARA INFORMAR PRODUCCION INTERMEDIADA POR LOS CORREDORES DE SEGUROS (PERSONAS NATURALES).",https://www.cmfchile.cl/normativa/cir_2299_2021.pdf
2021-01-01,2298,"EJECUTA ACUERDO DEL CONSEJO DE LA COMISIÓN PARA EL MERCADO FINANCIERO QUE APRUEBA LA EMISIÓN DE CIRCULAR QUE MODIFICA CIRCULAR N° 2137, QUE IMPARTE NORMAS SOBRE FORMA Y CONTENIDO DE LOS ESTADOS FINANCIEROS DE CORREDORES DE SEGUROS QUE NO SEAN PERSONAS NATURALES Y DE CIRCULAR QUE MODIFICA CIRCULAR N° 1652, QUE ESTABLECE FICHA ESTADISTICA CODIFICADA UNIFORME PARA INFORMAR PRODUCCION INTERMEDIADA POR LOS CORREDORES DE SEGUROS (PERSONAS NATURALES).",https://www.cmfchile.cl/normativa/cir_2298_2021.pdf
2021-01-01,2297,"EJECUTA ACUERDO DEL CONSEJO DE LA COMISIÓN PARA EL MERCADO FINANCIERO QUE APRUEBA LA CIRCULAR QUE INTRODUCE UN NUEVO CAPÍTULO A LA RECOPILACIÓN ACTUALIZADA DE NORMAS Y UN NUEVO ARCHIVO DEL MANUAL DEL SISTEMA DE INFORMACIÓN PARA BANCOS, MEDIANTE LOS CUALES SE ESTABLECEN LAS INSTRUCCIONES PARA CONTROL DEL LIMITE DE CRÉDITOS OTORGADOS A GRUPOS EMPRESARIALES.",https://www.cmfchile.cl/normativa/cir_2297_2021.pdf
2021-01-01,2296,"EJECUTA ACUERDO DEL CONSEJO DE LA COMISIÓN PARA EL MERCADO FINANCIERO QUE APRUEBA CIRCULAR QUE MODIFICA EL CAPÍTULO 1-13 DE LA RECOPILACIÓN ACTUALIZADA DE NORMAS PARA BANCOS, Y EXCLUYE DE TRAMITE PREVISTO EN EL INCISO PRIMERO DEL NUMERAL 3 DEL ARTÍCULO 20 DEL D.L. N°3.538.",https://www.cmfchile.cl/normativa/cir_2296_2021.pdf
2021-01-01,1229,INFORMA TASA DE VALORIZACIÓN DE PASIVOS (CIRCULAR N°1512 DE ENERO DE 2001).,https://www.cmfchile.cl/normativa/ofc_1229_2021.pdf
2021-01-01,1228,COMUNICA TASA INTERES DE ACTUALIZACION - NOVIEMBRE 2021,https://www.cmfchile.cl/normativa/ofc_1228_2021.pdf
2021-01-01,1227,COMUNICA NUEVO VALOR UNIDAD DE SEGURO REAJUSTABLE DE NOVIEMBRE 2021.,https://www.cmfchile.cl/normativa/ofc_1227_2021.pdf
2021-01-01,2295,EJECUTA ACUERDO DEL CONSEJO DE LA COMISIÓN PARA EL MERCADO FINANCIERO QUE APRUEBA LA CIRCULAR QUE ACTUALIZA EL COMPENDIO DE NORMAS CONTABLES PARA BANCOS QUE RIGE A CONTAR DEL AÑO 2022 E INTRODUCE DIVERSOS AJUSTES A LOS ARCHIVOS DEL MANUAL DEL SISTEMA DE INFORMACIÓN.,https://www.cmfchile.cl/normativa/cir_2295_2021.pdf
2021-01-01,1226,EJECUTA ACUERDO DEL CONSEJO DE LA COMISIÓN PARA EL MERCADO FINANCIERO QUE APRUEBA OFICIO CIRCULAR QUE ACLARA ASPECTOS A SER CONSIDERADOS POR LOS BANCOS PARA LAS SOLICITUDES DE INSCRIPCIÓN DE LOS BONOS PERPETUOS A SER EMITIDOS Y COLOCADOS EN EL EXTRANJERO.,https://www.cmfchile.cl/normativa/ofc_1226_2021.pdf
2021-01-01,1225,INFORMA TASA DE VALORIZACIÓN DE PASIVOS (CIRCULAR N°1512 DE ENERO DE 2001).,https://www.cmfchile.cl/normativa/ofc_1225_2021.pdf
2021-01-01,1224,COMUNICA TASA INTERES DE ACTUALIZACION - OCTUBRE 2021.,https://www.cmfchile.cl/normativa/ofc_1224_2021.pdf
2021-01-01,1223,COMUNICA NUEVO VALOR UNIDAD DE SEGURO REAJUSTABLE DE OCTUBRE 2021.,https://www.cmfchile.cl/normativa/ofc_1223_2021.pdf
2021-01-01,2294,"INFORMACIÓN SOBRE DEUDORES QUE REFUNDE ESTA COMISIÓN DE ACUERDO AL ARTÍCULO 14 DE LA LEY GENERAL DE BANCOS.
REQUISITOS QUE DEBEN CUMPLIR LAS EMPRESAS EMISORAS DE TARJETAS DE CRÉDITO NO BANCARIAS PARA ENVIAR INFORMACIÓN DE SUS DEUDORES Y RECIBIRLA REFUNDIDA.",https://www.cmfchile.cl/normativa/cir_2294_2021.pdf
2021-01-01,2293,"EJECUTA ACUERDO DEL CONSEJO DE LA COMISIÓN PARA EL MERCADO FINANCIERO QUE APRUEBA LA EMISIÓN DE LA CIRCULAR QUE MODIFICA LA FRECUENCIA DE ENVÍO DE LOS ARCHIVOS D10, D27, R04 Y R05; Y LA DICTACIÓN DE UN OFICIO CIRCULAR QUE RECALCA Y REFUERZA ALGUNOS ASPECTOS DE LAS NORMAS RELATIVAS AL TRATAMIENTO GENERAL DE LA INFORMACIÓN QUE CONTIENE LA NÓMINA REFUNDIDA DE DEUDORES A QUE SE REFIERE EL ARTÍCULO 14 DE LA LEY GENERAL DE BANCOS CONTENIDAS EN EL CAPÍTULO 18-5.",https://www.cmfchile.cl/normativa/cir_2293_2021.pdf
2021-01-01,1222,"EJECUTA ACUERDO DEL CONSEJO DE LA COMISIÓN PARA EL MERCADO FINANCIERO QUE APRUEBA LA EMISIÓN DE LA CIRCULAR QUE MODIFICA LA FRECUENCIA DE ENVÍO DE LOS ARCHIVOS D10, D27, R04 Y R05; Y LA DICTACIÓN DE UN OFICIO CIRCULAR QUE RECALCA Y REFUERZA ALGUNOS ASPECTOS DE LAS NORMAS RELATIVAS AL TRATAMIENTO GENERAL DE LA INFORMACIÓN QUE CONTIENE LA NÓMINA REFUNDIDA DE DEUDORES A QUE SE REFIERE EL ARTÍCULO 14 DE LA LEY GENERAL DE BANCOS CONTENIDAS EN EL CAPÍTULO 18-5.",https://www.cmfchile.cl/normativa/ofc_1222_2021.pdf
2021-01-01,2292,"EJECUTA ACUERDO DEL CONSEJO DE LA COMISIÓN PARA EL MERCADO FINANCIERO QUE APRUEBA CIRCULAR QUE MODIFICA LOS CAPÍTULOS 8-37, 11-6, 11-7, 12-3, 12-4, 21-1, 21-6, 21-8 y 21-20 DE LA RECOPILACIÓN ACTUALIZADA DE NORMAS PARA BANCOS, CAPÍTULO B-1 DEL COMPENDIO DE NORMAS CONTABLES PARA BANCOS E INCORPORA AJUSTE AL ARCHIVO R08 DEL MANUAL DEL SISTEMA DE INFORMACIÓN BANCOS.",https://www.cmfchile.cl/normativa/cir_2292_2021.pdf
2021-01-01,460,EJECUTA ACUERDO DEL CONSEJO DE LA COMISIÓN PARA EL MERCADO FINANCIERO QUE APRUEBA LA EMISIÓN DE NORMA DE CARÁCTER GENERAL QUE DETERMINA LOS SEGUROS QUE SE PUEDEN CONTRATAR DE ACUERDO A LO SEÑALADO EN EL ARTÍCULO 538 BIS DEL CÓDIGO DE COMERCIO Y LA EXIME DE TRAMITE QUE INDICA.,https://www.cmfchile.cl/normativa/ncg_460_2021.pdf
2021-01-01,1221,COMUNICA TASA INTERES DE ACTUALIZACION - SEPTIEMBRE 2021.,https://www.cmfchile.cl/normativa/ofc_1221_2021.pdf
2021-01-01,1220,COMUNICA NUEVO VALOR UNIDAD DE SEGURO REAJUSTABLE DE SEPTIEMBRE 2021,https://www.cmfchile.cl/normativa/ofc_1220_2021.pdf
2021-01-01,1219,INFORMA TASA DE VALORIZACIÓN DE PASIVOS (CIRCULAR N°1512 DE ENERO 2001),https://www.cmfchile.cl/normativa/ofc_1219_2021.pdf
2021-01-01,459,"ESTABLECE REGULACIÓN RELATIVA A LAS ENTIDADES DE ASESORÍA FINANCIERA PREVISIONAL Y ASESORES FINANCIEROS PREVISIONALES, SEGÚN LO DISPUESTO EN EL TÍTULO XVII DE LA ASESORÍA PREVISIONAL, DEL D.L. N° 3.500, DE 1980.  AGRÉGUESE LA SIGUIENTE LETRA NUEVA B. DE LAS ASESORÍAS FINANCIERAS PREVISIONALES, EN EL TÍTULO VIII DEL LIBRO V DEL COMPENDIO DE NORMAS DEL SISTEMA DE PENSIONES.",https://www.cmfchile.cl/normativa/ncg_459_2021.pdf
2021-01-01,457,EJECUTA ACUERDO DEL CONSEJO DE LA COMISIÓN PARA EL MERCADO FINANCIERO QUE APRUEBA NORMA DE CARÁCTER GENERAL QUE SIMPLIFICA INSCRIPCIÓN DE VALORES DE OFERTA PÚBLICA.,https://www.cmfchile.cl/normativa/ncg_457_2021.pdf
2021-01-01,1218,COMUNICA TASA INTERES DE ACTUALIZACION - AGOSTO 2021.,https://www.cmfchile.cl/normativa/ofc_1218_2021.pdf
2021-01-01,1217,COMUNICA NUEVO VALOR UNIDAD DE SEGURO REAJUSTABLE DE AGOSTO 2021.,https://www.cmfchile.cl/normativa/ofc_1217_2021.pdf
2021-01-01,1216,INFORMA TASA DE VALORIZACIÓN DE PASIVOS (CIRCULAR N°1512 DE ENERO DE 2001).,https://www.cmfchile.cl/normativa/ofc_1216_2021.pdf
2021-01-01,2291,"EJECUTA ACUERDO DEL CONSEJO DE LA COMISIÓN PARA EL MERCADO FINANCIERO QUE APRUEBA LA CIRCULAR QUE MODIFICA EL MANUAL DEL SISTEMA DE INFORMACIÓN PARA BANCOS, INCORPORANDO EL ARCHIVO C52, UNA NUEVA TABLA CON CÓDIGOS DE ACTIVIDAD ECONÓMICA Y ACTUALIZANDO LAS INSTRUCCIONES DEL FORMULARIO M2, Y EXCLUYE DE LOS TRAMITES PREVISTOS EN EL INCISO PRIMERO DEL NUMERAL 3 DEL ARTÍCULO 20 DEL D.L. N°3.538.",https://www.cmfchile.cl/normativa/cir_2291_2021.pdf
2021-01-01,456,EJECUTA ACUERDO DEL CONSEJO DE LA COMISIÓN PARA EL MERCADO FINANCIERO QUE APRUEBA NORMA DE CARÁCTER GENERAL QUE REGULA LA FIGURA DE DENUNCIANTE ANÓNIMO.,https://www.cmfchile.cl/normativa/ncg_456_2021.pdf
2021-01-01,1215,INFORMA TASA DE VALORIZACIÓN DE PASIVOS (CIRCULAR N°1512 DE ENERO 2001).,https://www.cmfchile.cl/normativa/ofc_1215_2021.pdf
2021-01-01,1214,COMUNICA TASA INTERES DE ACTUALIZACION - JULIO 2021.,https://www.cmfchile.cl/normativa/ofc_1214_2021.pdf
2021-01-01,1213,COMUNICA NUEVO VALOR UNIDAD DE SEGURO REAJUSTABLE DE JULIO 2021.,https://www.cmfchile.cl/normativa/ofc_1213_2021.pdf
2021-01-01,2290,"EJECUTA ACUERDO DEL CONSEJO DE LA COMISIÓN PARA EL MERCADO FINANCIERO QUE APRUEBA LA CIRCULAR QUE PRECISA FECHAS DE ENVÍO DE LOS NUEVOS ARCHIVOS DEL SISTEMA DE RIESGOS Y AJUSTA EL TAMAÑO DE ALGUNOS CAMPOS DE LOS ARCHIVOS R01, R07 Y R08 Y EXCLUYE LOS TRAMITES PREVISTOS EN EL INCISO PRIMERO DEL NUMERAL 3 DEL ARTÍCULO 20 DEL D.L. N°3.538 DE 1980.",https://www.cmfchile.cl/normativa/cir_2290_2021.pdf
2021-01-01,454,"EJECUTA ACUERDO DEL CONSEJO DE LA COMISIÓN PARA EL MERCADO FINANCIERO QUE APRUEBA LA NORMA DE CARÁCTER GENERAL QUE IMPARTE INSTRUCCIONES EN MATERIA DE GESTIÓN DE RIESGO OPERACIONAL Y CIBERSEGURIDAD, ASÍ COMO DE LA REALIZACIÓN PERIÓDICA DE AUTOEVALUACIONES EN AMBAS MATERIAS EN ENTIDADES ASEGURADORAS Y REASEGURADORAS.",https://www.cmfchile.cl/normativa/ncg_454_2021.pdf
2021-01-01,1212,"EJECUTA ACUERDO DEL CONSEJO DE LA COMISIÓN PARA EL MERCADO FINANCIERO QUE APRUEBA OFICIO CIRCULAR QUE IMPARTE INSTRUCCIONES A TODAS LAS ENTIDADES ASEGURADORAS Y REASEGURADORAS, EN EL CONTEXTO DE LA APLICACIÓN DE LA LEY N° 21.330 Y QUE EXCEPTÚA DE TRÁMITES ESTABLECIDOS EN EL ARTÍCULO 20 N°3 DEL DECRETO LEY N°3.538.",https://www.cmfchile.cl/normativa/ofc_1212_2021.pdf
2021-01-01,1211,INFORMA TASA DE VALORIZACIÓN DE PASIVOS (CIRCULAR N°1512 DE ENERO DE 2001).,https://www.cmfchile.cl/normativa/ofc_1211_2021.pdf
2021-01-01,1210,COMUNICA TASA INTERES DE ACTUALIZACION - JUNIO 2021.,https://www.cmfchile.cl/normativa/ofc_1210_2021.pdf
2021-01-01,1209,COMUNICA NUEVO VALOR UNIDAD DE SEGURO REAJUSTABLE DE JUNIO 2021.,https://www.cmfchile.cl/normativa/ofc_1209_2021.pdf
2021-01-01,1208,"EJECUTA ACUERDO DEL CONSEJO DE LA COMISIÓN PARA EL MERCADO FINANCIERO QUE APRUEBA OFICIO CIRCULAR QUE IMPARTE INSTRUCCIONES A LAS COMPAÑÍAS DE SEGUROS DE VIDA QUE MANTIENEN RESERVAS TÉCNICAS DE RENTAS VITALICIAS,  RESPECTO A LA APLICACIÓN DE LA LEY N° 21.330 .",https://www.cmfchile.cl/normativa/ofc_1208_2021.pdf
2021-01-01,1207,EJECUTA ACUERDO DEL CONSEJO DE LA COMISIÓN PARA EL MERCADO FINANCIERO QUE APRUEBA OFICIO CIRCULAR SOBRE CONTABILIZACION INSTRUMENTOS DE CAPITAL NIVEL 2 COMO CAPITAL ADICIONAL NIVEL 1 SEGÚN EL ARTÍCULO 66 DE LA LEY GENERAL DE BANCOS Y ARTÍCULO TERCERO TRANSITORIO LEY N°21.130,https://www.cmfchile.cl/normativa/ofc_1207_2021.pdf
2021-01-01,2289,EJECUTA ACUERDO DEL CONSEJO DE LA COMISIÓN PARA EL MERCADO FINANCIERO QUE APRUEBA PROYECTO NORMATIVO QUE PERMITE LA APERTURA DE CUENTAS CORRIENTES BANCARIAS POR PERSONAS NO RESIDENTES EN EL PAÍS Y PACTAR LA NO ENTREGA DE FORMULARIOS DE CHEQUES A SUS TITULARES,https://www.cmfchile.cl/normativa/cir_2289_2021.pdf
2021-01-01,2288,EJECUTA ACUERDO DEL CONSEJO DE LA COMISIÓN PARA EL MERCADO FINANCIERO QUE APRUEBA LA EMISIÓN DE LOS ARCHIVOS NORMATIVOS DEL SISTEMA DE RIESGOS DEL MANUAL DE SISTEMA DE INFORMACIÓN DE BANCOS PARA LA SUPERVISIÓN DEL MARCO DE CAPITAL DE LA LEY GENERAL DE BANCOS Y DISPOSICIONES TRANSITORIAS DE LA LEY N° 21.130.,https://www.cmfchile.cl/normativa/cir_2288_2021.pdf
2021-01-01,1206,COMUNICA TASA DE INTERÉS DE ACTUALIZACIÓN - MAYO 2021.,https://www.cmfchile.cl/normativa/ofc_1206_2021.pdf
2021-01-01,1205,COMUNICA NUEVO VALOR UNIDAD DE SEGURO REAJUSTABLE MAYO 2021.,https://www.cmfchile.cl/normativa/ofc_1205_2021.pdf
2021-01-01,1204,INFORMA TASA DE VALORIZACIÓN DE PASIVOS (CIRCULAR N°1512 DE ENERO DE 2001).,https://www.cmfchile.cl/normativa/ofc_1204_2021.pdf
2021-01-01,1203,COMUNICA TASA DE INTERÉS DE ACTUALIZACIÓN - ABRIL 2021.,https://www.cmfchile.cl/normativa/ofc_1203_2021.pdf
2021-01-01,1202,COMUNICA NUEVO VALOR UNIDAD DE SEGURO REAJUSTABLE ABRIL 2021.,https://www.cmfchile.cl/normativa/ofc_1202_2021.pdf
2021-01-01,1201,INFORMA TASA DE VALORIZACION DE PASIVOS (CIRCULAR N°1512 DE ENERO DE 2001),https://www.cmfchile.cl/normativa/ofc_1201_2021.pdf
2021-01-01,2287,"EJECUTA ACUERDO DEL CONSEJO DE LA COMISIÓN PARA EL MERCADO FINANCIERO QUE APRUEBA LA EMISIÓN DE LA CIRCULAR QUE MODIFICA LA CIRCULAR N° 1893, QUE IMPARTE INSTRUCCIONES SOBRE PÓLIZAS DE SEGUROS COMO PLANES DE AHORRO PREVISIONAL VOLUNTARIO Y PLANES DE   AHORRO PREVISIONAL VOLUNTARIO COLECTIVO.",https://www.cmfchile.cl/normativa/cir_2287_2021.pdf
2021-01-01,2286,"EJECUTA ACUERDO DEL CONSEJO DE LA COMISIÓN PARA EL MERCADO FINANCIERO QUE APRUEBA LA CIRCULAR PARA BANCOS Y COOPERATIVAS QUE ESTABLECE EL ENVÍO DE INFORMACIÓN DE CRÉDITOS AMPARADOS POR LAS GARANTÍAS DE LOS PROGRAMAS DEL FOGAPE DE LAS LEYES N°21.299 Y N°21.307, Y QUE EXCLUYE LA DISPOSICIÓN DE LOS TRAMITES PREVISTOS EN EL INCISO PRIMERO DEL NUMERAL 3 DEL ARTÍCULO 20 DEL D.L. N°3.538.",https://www.cmfchile.cl/normativa/cir_2286_2021.pdf
2021-01-01,1200,INFORMA TASA DE VALORIZACIÓN DE PASIVOS (CIRCULAR N°1512 DE ENERO 2001).,https://www.cmfchile.cl/normativa/ofc_1200_2021.pdf
2021-01-01,1199,COMUNICA TASA INTERES DE ACTUALIZACIÓN - MARZO 2021,https://www.cmfchile.cl/normativa/ofc_1199_2021.pdf
2021-01-01,1198,COMUNICA NUEVO VALOR UNIDAD DE SEGURO REAJUSTABLE DE MARZO 2021.,https://www.cmfchile.cl/normativa/ofc_1198_2021.pdf
2021-01-01,2285,"EJECUTA ACUERDO DEL CONSEJO DE LA COMISIÓN PARA EL MERCADO FINANCIERO QUE APRUEBA LA EMISIÓN DE LA CIRCULAR QUE COMPLEMENTA INSTRUCCIONES DEL ARCHIVO NORMATIVO R11, EXTIENDE SU PLAZO DE ENVÍO Y LA EXCLUYE DE LOS TRAMITES PREVISTOS EN EL INCISO PRIMERO DEL NUMERAL 3 DEL ARTÍCULO 20 DEL D.L. N°3.538 DE 1980.",https://www.cmfchile.cl/normativa/cir_2285_2021.pdf
2021-01-01,451,"EJECUTA ACUERDO DEL CONSEJO DE LA COMISIÓN PARA EL MERCADO FINANCIERO QUE APRUEBA NORMA DE CARÁCTER GENERAL QUE ESTABLECE CARACTERÍSTICAS O CONDICIONES QUE SE DEBERÁN CUMPLIR, A EFECTOS DE INSCRIBIR TÍTULOS DE DEUDA BAJO LA MODALIDAD DE REGISTRO AUTOMÁTICO.",https://www.cmfchile.cl/normativa/ncg_451_2021.pdf
2021-01-01,1197,INFORMA TASA DE VALORIZACIÓN DE PASIVOS (CIRCULAR N°1512 DE ENERO 2001).,https://www.cmfchile.cl/normativa/ofc_1197_2021.pdf
2021-01-01,1196,COMUNICA TASA INTERÉS DE ACTUALIZACIÓN - FEBRERO 2021,https://www.cmfchile.cl/normativa/ofc_1196_2021.pdf
2021-01-01,1195,COMUNICA NUEVO VALOR UNIDAD DE SEGURO REAJUSTABLE DE FEBRERO 2021.,https://www.cmfchile.cl/normativa/ofc_1195_2021.pdf
2021-01-01,1194,"INFORMA VECTOR DE TASAS DE DESCUENTO, VTD TSA, PARA ANÁLISIS DE SUFICIENCIA DE ACTIVOS (NCG N°433 DE OCTUBRE DE 2019).",https://www.cmfchile.cl/normativa/ofc_1194_2021.pdf
2021-01-01,1193,"INFORMA VECTOR DE TASAS DE DESCUENTO, VTD, PARA VALORIZACIÓN DE PASIVOS (NCG N° 374 DE ENERO DE 2015)",https://www.cmfchile.cl/normativa/ofc_1193_2021.pdf
2020-01-01,2284,"EJECUTA ACUERDO DEL CONSEJO DE LA COMISIÓN PARA EL MERCADO 
FINANCIERO QUE APRUEBA LA EMISIÓN DEL ARCHIVO NORMATIVO R11 PARA EL
CÁLCULO DEL ÍNDICE DE IMPORTANCIA SISTÉMICA Y CALIFICAR LA CALIDAD DE
SISTÉMICO DE UN BANCO QUE SE INCORPORA AL MANUAL DE SISTEMA DE
INFORMACIÓN. EXCLUYE A LA DISPOSICIÓN DEL TRAMITE PREVISTO EN EL INCISO
PRIMERO DEL NUMERAL 3 DEL ARTÍCULO 20 DEL D.L. N°3.538, RELATIVO A LA
ELABORACIÓN DEL INFORME DE EVALUACIÓN DE IMPACTO REGULATORIO.",https://www.cmfchile.cl/normativa/cir_2284_2020.pdf
2020-01-01,1192,"EJECUTA ACUERDO DEL CONSEJO DE LA COMISIÓN PARA EL MERCADO FINANCIERO QUE APRUEBA LA EMISIÓN DE OFICIO CIRCULAR QUE PRORROGA LA ACREDITACION DE CONOCIMIENTOS A AQUELLOS ASESORES PREVISIONALES, REPRESENTANTES Y APODERADOS DE LAS ENTIDADES DE ASESORÍA PREVISIONAL VIGENTES EN EL REGISTRO DE ASESORES PREVISIONALES, QUE LES CORRESPONDÍA REVALIDAR SUS CONOCIMIENTOS DURANTE EL AÑO 2020, INCLUIDOS AQUELLOS A LOS QUE LES FUE PRORROGADA SU ACREDITACIÓN MEDIANTE OFICIO ORDINARIO N°28.243 DE LA SUPERINTENDENCIA DE PENSIONES Y OFICIO CIRCULAR N°1.125 DE LA COMISIÓN PARA EL MERCADO FINANCIERO, DE DICIEMBRE DE 2019, HASTA EL PRÓXIMO PROCESO DE ACREDITACIÓN QUE SE EFECTÚE, Y EXCEPTÚA DE LOS TRÁMITES PREVISTOS EN EL INCISO PRIMERO DEL N° 3 DEL ARTÍCULO 20 DEL D.L. N°3.538.",https://www.cmfchile.cl/normativa/ofc_1192_2020.pdf
2020-01-01,1191,INFORMA TASA DE VALORIZACIÓN DE PASIVOS (CIRCULAR N°1512 DE ENERO DE 2001).,https://www.cmfchile.cl/normativa/ofc_1191_2020.pdf
2020-01-01,1190,COMUNICA TASA INTERES DE ACTUALIZACIÓN - ENERO 2021.,https://www.cmfchile.cl/normativa/ofc_1190_2020.pdf
2020-01-01,1189,COMUNICA NUEVO VALOR UNIDAD DE SEGURO REAJUSTABLE DE ENERO 2021.,https://www.cmfchile.cl/normativa/ofc_1189_2020.pdf
2020-01-01,1188,"INFORMA VECTOR DE TASAS DE DESCUENTO, VTD TSA, PARA ANÁLISIS DE SUFICIENCIA DE ACTIVOS (NCG N°433 DE OCTUBRE DE 2019)",https://www.cmfchile.cl/normativa/ofc_1188_2020.pdf
2020-01-01,1187,"INFORMA VECTOR DE TASAS DE DESCUENTO, VTD, PARA VALORIZACIÓN DE PASIVOS (NCG N°374 DE ENERO DE 2015).",https://www.cmfchile.cl/normativa/ofc_1187_2020.pdf
2020-01-01,2283,PROMOCIÓN DE LA DISCIPLINA Y TRANSPARENCIA DE MERCADO A TRAVÉS DE LA DIVULGACIÓN DE REQUERIMIENTOS DE INFORMACIÓN DESDE LAS ENTIDADES BANCARIAS (PILAR 3). INCORPORA CAPÍTULO 21-20 A LA RECOPILACIÓN ACTUALIZADA DE NORMAS. (RESOLUCIÓN N°5866 DE 01-12-2020 EJECUTA ACUERDO DEL CONSEJO).,https://www.cmfchile.cl/normativa/cir_2283_2020.pdf
2020-01-01,2282,"EJECUTA ACUERDO DEL CONSEJO DE LA COMISIÓN PARA EL MERCADO FINANCIERO QUE APRUEBA LA PROPUESTA NORMATIVA QUE ESTABLECE METODOLOGÍA ESTANDARIZADA PARA EL CÓMPUTO DE ACTIVOS PONDERADOS POR RIESGO DE MERCADO, CONFORME A LO DISPUESTO EN EL ARTÍCULO 67 DE LA LEY GENERAL DE BANCOS Y FIJA FECHA DE VIGENCIA.",https://www.cmfchile.cl/normativa/cir_2282_2020.pdf
2020-01-01,2281,"EJECUTA ACUERDO DEL CONSEJO DE LA COMISIÓN PARA EL MERCADO FINANCIERO QUE APRUEBA PROPUESTA NORMATIVA QUE ESTABLECE METODOLOGÍA ESTANDARIZADA PARA EL CÓMPUTO DE ACTIVOS PONDERADOS POR RIESGO DE CRÉDITO Y LOS LÍMITES, REQUISITOS Y DEMÁS CONDICIONES PARA LA UTILIZACIÓN E IMPLEMENTACIÓN DE METODOLOGÍAS PROPIAS, CONFORME A LO DISPUESTO EN LOS INCISOS PRIMERO Y SEGUNDO DEL ARTÍCULO 67 DE LA LEY GENERAL DE BANCOS Y DIFIERE SU ENTRADA EN VIGENCIA",https://www.cmfchile.cl/normativa/cir_2281_2020.pdf
2020-01-01,2280,"EJECUTA ACUERDO DEL CONSEJO DE LA COMISIÓN PARA EL MERCADO FINANCIERO
QUE APRUEBA PROPUESTA NORMATIVA QUE ESTABLECE METODOLOGÍA
ESTANDARIZADA PARA EL CÓMPUTO DE ACTIVOS PONDERADOS POR RIESGO
OPERACIONAL, CONFORME A LO DISPUESTO EN EL INCISO PRIMERO DEL
ARTÍCULO 67 DE LA LEY GENERAL DE BANCOS Y DIFIERE SU ENTRADA EN
VIGENCIA",https://www.cmfchile.cl/normativa/cir_2280_2020.pdf
2020-01-01,2279,"EJECUTA ACUERDO DEL CONSEJO DE LA COMISIÓN PARA EL MERCADO FINANCIERO QUE APRUEBA LAS NORMATIVAS QUE IMPLEMENTAN LAS INSTRUCCIONES DE LOS ARTÍCULOS 55 Y 55 BIS DE LA LEY GENERAL DE BANCOS, DIFIERE SU ENTRADA EN VIGENCIA Y DEROGA CAPÍTULO DE LA RECOPILACIÓN ACTUALIZADA DE NORMAS EN LA FECHA QUE INDICA",https://www.cmfchile.cl/normativa/cir_2279_2020.pdf
2020-01-01,450,EJECUTA ACUERDO DEL CONSEJO DE LA COMISIÓN PARA EL MERCADO FINANCIERO QUE APRUEBA NORMA DE CARÁCTER GENERAL QUE AUTORIZA MEDIOS TECNOLÓGICOS PARA LA CELEBRACIÓN DE SESIONES DE DIRECTORIO Y DEROGA LA CIRCULAR N°1.530 DE 2001,https://www.cmfchile.cl/normativa/ncg_450_2020.pdf
2020-01-01,1186,INFORMA TASA DE VALORIZACIÓN DE PASIVOS (CIRCULAR N°1512 DE ENERO DE 2001),https://www.cmfchile.cl/normativa/ofc_1186_2020.pdf
2020-01-01,1185,COMUNICA TASA INTERES DE ACTUALIZACION - DICIEMBRE 2020,https://www.cmfchile.cl/normativa/ofc_1185_2020.pdf
2020-01-01,1184,COMUNICA NUEVO VALOR UNIDAD DE SEGURO REAJUSTABLE DE DICIEMBRE 2020.,https://www.cmfchile.cl/normativa/ofc_1184_2020.pdf
2020-01-01,1183,"INFORMA VECTOR DE TASAS DE DESCUENTO VTD TSA, PARA ANÁLISIS DE SUFICIENCIA DE ACTIVOS (NCG N°433 DE OCTUBRE DE 2019)",https://www.cmfchile.cl/normativa/ofc_1183_2020.pdf
2020-01-01,1182,"INFORMA VECTOR DE TASAS DE DESCUENTO, VTD, PARA VALORIZACIÓN DE PASIVOS (NCG N°374 DE ENERO DE 2015)",https://www.cmfchile.cl/normativa/ofc_1182_2020.pdf
2020-01-01,2278,EJECUTA ACUERDO DEL CONSEJO DE LA COMISIÓN PARA EL MERCADO FINANCIERO QUE APRUEBA PROPUESTA NORMATIVA QUE ACTUALIZA Y MODIFICA EL REGLAMENTO DE ADMINISTRACIÓN DEL FONDO DE GARANTÍA PARA PEQUEÑOS EMPRESARIOS (FOGAPE)  Y EXCEPTÚA DE LOS TRÁMITES ESTABLECIDOS EN EL ARTÍCULO 20° N°3 DEL DECRETO LEY N°3.538 A NORMATIVA QUE INDICA.,https://www.cmfchile.cl/normativa/cir_2278_2020.pdf
2020-01-01,2277,EJECUTA ACUERDOS DEL CONSEJO DE LA COMISIÓN PARA EL MERCADO FINANCIERO QUE APRUEBA CIRCULAR SOBRE CONTROL DE LA CALIDAD Y RESGUARDOS OPERACIONALES PARA EL ENVÍO DE INFORMACIÓN AL SISTEMA INTEGRADO DE INFORMACIÓN SOBRE TRANSACCIONES DE DERIVADOS (SIID) DEL BANCO CENTRAL DE CHILE POR PARTE DE LOS BANCOS Y LA EXCEPCIONAN DE LOS TRÁMITES ESTABLECIDOS EN EL ARTÍCULO 20° N°3 DEL DECRETO LEY N°3.538.,https://www.cmfchile.cl/normativa/cir_2277_2020.pdf
2020-01-01,2276,"EJECUTA ACUERDO DEL CONSEJO DE LA COMISIÓN PARA EL MERCADO FINANCIERO QUE APRUEBA LA NORMATIVA QUE IMPLEMENTA LAS INSTRUCCIONES DE LOS ARTÍCULOS 35 BIS Y 66 QUÁTER DE LA LEY GENERAL DE BANCOS, APRUEBA CIRCULAR QUE INTRODUCE LA NORMATIVA E INCORPORA AJUSTES AL CAPÍTULO 12-14 DE LA RECOPILACIÓN ACTUALIZADA DE NORMAS  Y PONE EN CONSULTA EL ARCHIVO PARA EL CÁLCULO DEL INDICE DE IMPORTANCIA SISTÉMICA",https://www.cmfchile.cl/normativa/cir_2276_2020.pdf
2020-01-01,2275,EJECUTA ACUERDO DEL CONSEJO DE LA COMISIÓN PARA EL MERCADO FINANCIERO QUE APRUEBA LA EMISIÓN DE CIRCULAR QUE ESTABLECE REQUERIMIENTO MENSUAL DE INFORMACIÓN FINANCIERA Y DE SOLVENCIA Y DEROGA OFICIO CIRCULAR N° 479.,https://www.cmfchile.cl/normativa/cir_2275_2020.pdf
2020-01-01,2274,"EJECUTA ACUERDO DEL CONSEJO DE LA COMISIÓN PARA EL MERCADO FINANCIERO QUE APRUEBA LA NORMATIVA QUE IMPLEMENTA LAS INSTRUCCIONES DEL ARTÍCULO 66 DE LA LEY GENERAL DE BANCOS, EN LO REFERENTE A LA DETERMINACIÓN DEL PATRIMONIO EFECTIVO DE LOS BANCOS",https://www.cmfchile.cl/normativa/cir_2274_2020.pdf
2020-01-01,1181,INFORMA TASA DE VALORIZACIÓN DE PASIVOS (CIRCULAR N°1512 DE ENERO DE 2001).,https://www.cmfchile.cl/normativa/ofc_1181_2020.pdf
2020-01-01,1180,COMUNICA NUEVO VALOR UNIDAD DE SEGURO REAJUSTABLE DE NOVIEMBRE 2020.,https://www.cmfchile.cl/normativa/ofc_1180_2020.pdf
2020-01-01,1179,COMUNICA TASA INTERES DE ACTUALIZACION - NOVIEMBRE 2020.,https://www.cmfchile.cl/normativa/ofc_1179_2020.pdf
2020-01-01,2273,EJECUTA ACUERDO DEL CONSEJO DE LA COMISIÓN PARA EL MERCADO FINANCIERO QUE APRUEBA LA NORMATIVA QUE FIJA LAS CONDICIONES NECESARIAS PARA LA MEDICIÓN Y SUPERVISIÓN DE LA EXIGENCIA DE CAPITAL BÁSICO SOBRE ACTIVOS TOTALES MENCIONADA EN LOS ARTÍCULOS 66 Y 66 QUÁTER DE LA LEY GENERAL DE BANCOS.,https://www.cmfchile.cl/normativa/cir_2273_2020.pdf
2020-01-01,1178,"INFORMA VECTOR DE TASAS DE DESCUENTO, VTD TSA, PARA ANÁLISIS DE SUFICIENCIA DE ACTIVOS (NCG N°433 DE OCTUBRE DE 2019).",https://www.cmfchile.cl/normativa/ofc_1178_2020.pdf
2020-01-01,1177,"INFORMA VECTOR DE TASAS DE DESCUENTO, VTD, PARA VALORIZACIÓN DE PASIVOS (NCG N°374 DE ENERO DE 2015).",https://www.cmfchile.cl/normativa/ofc_1177_2020.pdf
2020-01-01,2272,EJECUTA ACUERDO DEL CONSEJO DE LA COMISIÓN PARA EL MERCADO FINANCIERO QUE APRUEBA LA NORMATIVA QUE FIJA LAS CONDICIONES NECESARIAS PARA LA IMPLEMENTACIÓN Y SUPERVISIÓN DE LAS EXIGENCIAS DE CAPITAL BÁSICO ADICIONAL DESCRITAS EN LOS ARTÍCULOS 66 BIS Y 66 TER DE LA LEY GENERAL DE BANCOS.,https://www.cmfchile.cl/normativa/cir_2272_2020.pdf
2020-01-01,2271,"EJECUTA ACUERDO DEL CONSEJO DE LA COMISIÓN PARA EL MERCADO FINANCIERO QUE APRUEBA LA EMISIÓN DE CIRCULAR QUE ESTABLECE NORMAS SOBRE FORMA DE ACREDITAR CONOCIMIENTOS SOBRE EL COMERCIO DE SEGUROS Y DE LA POSTULACIÓN AL REGISTRO DE AUXILIARES DEL COMERCIO DE SEGUROS, COMO CORREDOR DE SEGUROS GENERALES Y DE VIDA O LIQUIDADOR DE SINIESTROS Y DEROGA CIRCULAR N°1679, DE 10 DE SEPTIEMBRE DE 2003 Y OFICIO CIRCULAR N°863, DE 06 DE ENERO DE 2015.",https://www.cmfchile.cl/normativa/cir_2271_2020.pdf
2020-01-01,1176,EJECUTA ACUERDO DEL CONSEJO DE LA COMISIÓN PARA EL MERCADO FINANCIERO QUE APRUEBA LA EMISION DE OFICIO CIRCULAR RELATIVO A LA PORTABILIDAD DE MUTUOS HIPOTECARIOS ENDOSABLES REGULADOS EN EL ARTÍCULO 88 DEL DFL 251.,https://www.cmfchile.cl/normativa/ofc_1176_2020.pdf
2020-01-01,449,"EJECUTA ACUERDO DEL CONSEJO DE LA COMISIÓN PARA EL MERCADO FINANCIERO QUE APRUEBA MODIFICACIONES A LA NORMA DE CARÁCTER GENERAL N° 446 QUE MODIFICÓ LA NORMA DE CARÁCTER GENERAL N°318 QUE IMPARTE INSTRUCCIONES SOBRE APLICACIÓN DE NORMAS IFRS EN LA CONSTITUCIÓN DE RESERVAS TÉCNICAS DE LOS SEGUROS DE RENTA VITALICIA Y DE INVALIDEZ Y SOBREVIVENCIA, DEL D.L. N°3.500 DE 1980.",https://www.cmfchile.cl/normativa/ncg_449_2020.pdf
2020-01-01,448,"EJECUTA ACUERDO DEL CONSEJO DE LA COMISIÓN PARA EL MERCADO FINANCIERO QUE APRUEBA MODIFICACIONES A LA NORMA DE CARÁCTER GENERAL N° 445 QUE MODIFICÓ LA NORMA DE CARÁCTER GENERAL N°209 QUE IMPARTE INSTRUCCIONES RELATIVAS AL ANÁLISIS DE SUFICIENCIA DE ACTIVOS EN ENTIDADES ASEGURADORAS Y REASEGURADORAS DEL SEGUNDO GRUPO, QUE MANTENGAN OBLIGACIONES VIGENTES DE SEGUROS DE RENTA VITALICIA DEL D.L. N° 3500 DE 1980, Y QUE EXCEPTÚA DE TRÁMITES ESTABLECIDOS EN EL ARTÍCULO 20 N°3 DEL DECRETO LEY N°3.538.",https://www.cmfchile.cl/normativa/ncg_448_2020.pdf
2020-01-01,2270,"EJECUTA ACUERDO DEL CONSEJO DE LA COMISIÓN PARA EL MERCADO FINANCIERO QUE APRUEBA EL NUEVO CAPÍTULO 21-13 DE LA RECOPILACIÓN ACTUALIZADA DE NORMAS DE BANCOS DE ESTA COMISIÓN, QUE ESTABLECE LOS CRITERIOS Y DIRECTRICES GENERALES PARA DETERMINAR REQUERIMIENTOS PATRIMONIALES ADICIONALES COMO RESULTADO DEL PROCESO DE SUPERVISIÓN, CONFORME AL TÍTULO V Y EL ARTÍCULO 66 QUINQUIES DE LA LEY GENERAL DE BANCOS; COMO TAMBIÉN, EN CONCORDANCIA CON TALES CRITERIOS Y DIRECTRICES, APRUEBA CIRCULAR QUE INCORPORA AJUSTES AL CAPÍTULO 1-13 DE LA CITADA RECOPILACIÓN.",https://www.cmfchile.cl/normativa/cir_2270_2020.pdf
2020-01-01,2269,"BANCOS - SOCIEDADES DE APOYO AL GIRO - COOPERATIVAS - EMPRESAS EMISORAS DE TARJETAS DE PAGO NO BANCARIAS - ENTIDADES DE CRÉDITOS FISCALIZADOS POR LA LEY N°18.010
INCORPORA CÓDIGOS Y CAMPOS PARA RECIBIR INFORMACIÓN SOBRE MOVIMIENTOS ASOCIADOS A LA LEY DE PORTABILIDAD FINANCIERA Y HACE EXTENSIVO EL ENVÍO DEL ARCHIVO D35 A LAS SOCIEDADES DE APOYO AL GIRO.
(RESOLUCIÓN N°4117 DE 11-09-2020 EJECUTA ACUERDO DEL CONSEJO).",https://www.cmfchile.cl/normativa/cir_2269_2020.pdf
2020-01-01,1175,INFORMA TASA DE VALORIZACIÓN DE PASIVOS (CIRCULAR N°1512 DE ENERO DE 2001),https://www.cmfchile.cl/normativa/ofc_1175_2020.pdf
2020-01-01,1174,COMUNICA TASA INTERES DE ACTUALIZACIÓN - OCTUBRE 2020,https://www.cmfchile.cl/normativa/ofc_1174_2020.pdf
2020-01-01,1173,COMUNICA NUEVO VALOR UNIDAD DE SEGURO REAJUSTABLE OCTUBRE DE 2020.,https://www.cmfchile.cl/normativa/ofc_1173_2020.pdf
2020-01-01,447,"EJECUTA ACUERDO DEL CONSEJO DE LA COMISIÓN PARA EL MERCADO FINANCIERO QUE APRUEBA EMISIÓN DE LA NORMA DE CARÁCTER GENERAL QUE MODIFICA EL TÍTULO VIII DEL LIBRO V, SOBRE ASESORÍA PREVISIONAL, DEL COMPENDIO DE NORMAS DEL SISTEMA DE PENSIONES Y LA NORMA DE CARÁCTER GENERAL N° 221 DE LA COMISIÓN PARA EL MERCADO FINANCIERO, QUE IMPARTE INSTRUCCIONES SOBRE LA ASESORÍA PREVISIONAL, ESTABLECIDA EN EL TÍTULO XVII DEL D.L. N° 3.500.",https://www.cmfchile.cl/normativa/ncg_447_2020.pdf
2020-01-01,1172,"INFORMA VECTOR DE TASAS DE DESCUENTO, VTD TSA, PARA ANÁLISIS DE SUFICIENCIA DE ACTIVOS (NCG N°433 DE OCTUBRE DE 2019).",https://www.cmfchile.cl/normativa/ofc_1172_2020.pdf
2020-01-01,1171,"INFORMA VECTOR DE TASAS DE DESCUENTO, VTD, PARA VALORIZACIÓN DE PASIVOS (NCG N°374 DE ENERO DE 2015).",https://www.cmfchile.cl/normativa/ofc_1171_2020.pdf
2020-01-01,2268,EJECUTA ACUERDO DEL CONSEJO DE LA COMISIÓN PARA EL MERCADO FINANCIERO QUE APRUEBA LA CIRCULAR PARA BANCOS QUE MODIFICA EL TAMAÑO DE LOS CAMPOS DE DIVERSOS ARCHIVOS DEL MANUAL DEL SISTEMA DE INFORMACIÓN DE LOS BANCOS Y LA EXCLUYE DE LOS TRAMITES PREVISTOS EN EL INCISO PRIMERO DEL NUMERAL 3 DEL ARTÍCULO 20 DEL D.L. N°3.538 DE 1980.,https://www.cmfchile.cl/normativa/cir_2268_2020.pdf
2020-01-01,2267,"EJECUTA ACUERDO DEL CONSEJO DE LA COMISIÓN PARA EL MERCADO FINANCIERO QUE APRUEBA CIRCULAR QUE MODIFICA EL CAPÍTULO 8-38 DE LA RECOPILACIÓN ACTUALIZADA DE NORMAS PARA BANCOS Y LA CIRCULAR N°36 PARA FILIALES
BANCARIAS DE FACTORAJE PARA EFECTOS DE PERMITIR EL DESCUENTO DE FACTURAS
CEDIDAS POR TERCEROS DISTINTOS DEL ORIGINADOR DE LA MISMA.",https://www.cmfchile.cl/normativa/cir_2267_2020.pdf
2020-01-01,446,"EJECUTA ACUERDO DEL CONSEJO DE LA COMISIÓN PARA EL MERCADO FINANCIERO QUE APRUEBA MODIFICACIONES A LA NORMA DE CARÁCTER GENERAL N° 209 QUE IMPARTE INSTRUCCIONES RELATIVAS AL ANÁLISIS DE SUFICIENCIA DE ACTIVOS EN ENTIDADES ASEGURADORAS Y REASEGURADORAS DEL SEGUNDO GRUPO, QUE MANTENGAN OBLIGACIONES VIGENTES DE SEGUROS DE RENTA VITALICIA DEL D.L. N° 3500 DE 1980, Y A LA NORMA DE CARÁCTER GENERAL N° 318 QUE IMPARTE INSTRUCCIONES SOBRE APLICACIÓN DE NORMAS IFRS EN LA CONSTITUCIÓN DE RESERVAS TÉCNICAS DE LOS SEGUROS DE RENTA VITALICIA Y DE INVALIDEZ Y SOBREVIVENCIA, DEL D.L. N°3.500 DE 1980.",https://www.cmfchile.cl/normativa/ncg_446_2020.pdf
2020-01-01,445,"EJECUTA ACUERDO DEL CONSEJO DE LA COMISIÓN PARA EL MERCADO FINANCIERO QUE APRUEBA MODIFICACIONES A LA NORMA DE CARÁCTER GENERAL N° 209 QUE IMPARTE INSTRUCCIONES RELATIVAS AL ANÁLISIS DE SUFICIENCIA DE ACTIVOS EN ENTIDADES ASEGURADORAS Y REASEGURADORAS DEL SEGUNDO GRUPO, QUE MANTENGAN OBLIGACIONES VIGENTES DE SEGUROS DE RENTA VITALICIA DEL D.L. N° 3500 DE 1980, Y A LA NORMA DE CARÁCTER GENERAL N° 318 QUE IMPARTE INSTRUCCIONES SOBRE APLICACIÓN DE NORMAS IFRS EN LA CONSTITUCIÓN DE RESERVAS TÉCNICAS DE LOS SEGUROS DE RENTA VITALICIA Y DE INVALIDEZ Y SOBREVIVENCIA, DEL D.L. N°3.500 DE 1980.",https://www.cmfchile.cl/normativa/ncg_445_2020.pdf
2020-01-01,2266,"BANCOS COOPERATIVAS
INFORMACIÓN SOBRE PRÉSTAMOS ESTUDIANTILES PARA LA EDUCACIÓN SUPERIOR, CONSOLIDACIÓN DE DEUDAS Y RECTIFICACIONES. MODIFICA CAPÍTULO 20-6 PARA BANCOS Y CIRCULAR N°102 DE COOPERATIVAS SOBRE PUBLICACIONES EN EL BOLETÍN DE INFORMACIONES COMERCIALES. INTRODUCE NUEVOS CAMPOS A LOS ARCHIVOS R04 Y R05. MODIFICA ARCHIVO D10. 
(RESOLUCIÓN N°3759 DE 25-08-2020 EJECUTA ACUERDO DEL CONSEJO).",https://www.cmfchile.cl/normativa/cir_2266_2020.pdf
2020-01-01,2265,"RECOPILACIÓN ACTUALIZADA DE NORMAS. CAPÍTULO 12-1.
PONDERACIÓN DE RIESGO DE LOS CRÉDITOS BANCARIOS GARANTIZADOS POR EL FISCO, CORFO Y FOGAPE.
(RESOLUCIÓN N°3719 DE 21-08-2020 EJECUTA ACUERDO DEL CONSEJO).",https://www.cmfchile.cl/normativa/cir_2265_2020.pdf
2020-01-01,1170,COMUNICA TASA INTERES DE ACTUALIZACION - SEPTIEMBRE 2020,https://www.cmfchile.cl/normativa/ofc_1170_2020.pdf
2020-01-01,1169,INFORMA TASA DE VALORIZACION DE PASIVOS (CIRCULAR N° 1512 DE ENERO 2001),https://www.cmfchile.cl/normativa/ofc_1169_2020.pdf
2020-01-01,1168,COMUNICA NUEVO VALOR UNIDAD DE SEGURO REAJUSTABLE DE SEPTIEMBRE 2020.,https://www.cmfchile.cl/normativa/ofc_1168_2020.pdf
2020-01-01,1167,"INFORMA VECTOR DE TASAS DE DESCUENTO, VTD TSA, PARA ANÁLISIS DE SUFICIENCIA DE ACTIVOS (NCG N°433 DE OCTUBRE DE 2019).",https://www.cmfchile.cl/normativa/ofc_1167_2020.pdf
2020-01-01,1166,"INFORMA VECTOR DE TASAS DE DESCUENTO, VTD, PARA VALORIZACIÓN DE PASIVOS (NCG N°374 DE ENERO DE 2015).",https://www.cmfchile.cl/normativa/ofc_1166_2020.pdf
2020-01-01,2264,"EJECUTA ACUERDO DEL CONSEJO DE LA COMISIÓN PARA EL MERCADO FINANCIERO QUE APRUEBA LA CIRCULAR PARA BANCOS QUE REQUIERE INFORMACIÓN SOBRE EL PORCENTAJE DE DEDUCIBLE ASOCIADO A LOS FINANCIAMIENTOS CON GARANTÍA FOGAPE COVID-19 Y LAS PROVISIONES CONSTITUIDAS A SU RESPECTO, AJUSTANDO EL COMPENDIO DE NORMAS CONTABLES PARA BANCOS Y EL ARCHIVO C50; Y EXCLUYE LA DISPOSICIÓN DE LOS TRAMITES PREVISTOS EN EL INCISO PRIMERO DEL NUMERAL 3 DEL ARTÍCULO 20 DEL D.L. N° 3.538.",https://www.cmfchile.cl/normativa/cir_2264_2020.pdf
2020-01-01,1165,INFORMA TASA DE VALORIZACIÓN DE PASIVOS (CIRCULAR N°1512 DE ENERO DE 2001).,https://www.cmfchile.cl/normativa/ofc_1165_2020.pdf
2020-01-01,1164,COMUNICA NUEVO VALOR UNIDAD DE SEGURO REAJUSTABLE DE AGOSTO 2020.,https://www.cmfchile.cl/normativa/ofc_1164_2020.pdf
2020-01-01,1163,COMUNICA TASA INTERES DE ACTUALIZACION - AGOSTO 2020.,https://www.cmfchile.cl/normativa/ofc_1163_2020.pdf
2020-01-01,2263,"EJECUTA ACUERDO DEL CONSEJO DE LA COMISIÓN PARA
EL MERCADO FINANCIERO QUE APRUEBA LA PROPUESTA
NORMATIVA QUE INCORPORA A LA RECOPILACIÓN ACTUALIZADA DE NORMAS DE BANCOS UN NUEVO CAPÍTULO 20-10 SOBRE GESTIÓN DE LA SEGURIDAD DE LA INFORMACIÓN Y CIBERSEGURIDAD; QUE TAMBIÉN SERÁ APLICABLE A FILIALES, SOCIEDADES DE APOYO AL GIRO BANCARIO, Y EMISORES Y OPERADORES DE TARJETAS DE PAGO NO BANCARIOS.",https://www.cmfchile.cl/normativa/cir_2263_2020.pdf
2020-01-01,2262,"EJECUTA ACUERDO DEL CONSEJO DE LA COMISIÓN PARA
EL MERCADO FINANCIERO QUE APRUEBA LA PROPUESTA
NORMATIVA QUE INCORPORA A LA RECOPILACIÓN ACTUALIZADA DE NORMAS DE BANCOS UN NUEVO CAPÍTULO 20-10 SOBRE GESTIÓN DE LA SEGURIDAD DE LA INFORMACIÓN Y CIBERSEGURIDAD; QUE TAMBIÉN SERÁ APLICABLE A FILIALES, SOCIEDADES DE APOYO AL GIRO BANCARIO, Y EMISORES Y OPERADORES DE TARJETAS DE PAGO NO BANCARIOS.",https://www.cmfchile.cl/normativa/cir_2262_2020.pdf
2020-01-01,2261,"EJECUTA ACUERDO DEL CONSEJO DE LA COMISIÓN PARA
EL MERCADO FINANCIERO QUE APRUEBA LA PROPUESTA
NORMATIVA QUE INCORPORA A LA RECOPILACIÓN ACTUALIZADA DE NORMAS DE BANCOS UN NUEVO CAPÍTULO 20-10 SOBRE GESTIÓN DE LA SEGURIDAD DE LA INFORMACIÓN Y CIBERSEGURIDAD; QUE TAMBIÉN SERÁ APLICABLE A FILIALES, SOCIEDADES DE APOYO AL GIRO BANCARIO, Y EMISORES Y OPERADORES DE TARJETAS DE PAGO NO BANCARIOS.",https://www.cmfchile.cl/normativa/cir_2261_2020.pdf
2020-01-01,1162,"INFORMA VECTOR DE TASAS DE DESCUENTO VTD TSA, PARA ANÁLISIS DE SUFICIENCIA DE ACTIVOS (NCG N°433 DE OCTUBRE DE 2019).",https://www.cmfchile.cl/normativa/ofc_1162_2020.pdf
2020-01-01,1161,"INFORMA VECTOR DE TASAS DE DESCUENTO, VTD, PARA VALORIZACIÓN DE PASIVOS (NCG N°374 DE ENERO DE 2015).",https://www.cmfchile.cl/normativa/ofc_1161_2020.pdf
2020-01-01,2260,EJECUTA ACUERDO DEL CONSEJO DE LA COMISIÓN PARA EL MERCADO FINANCIERO QUE APRUEBA PROPUESTA NORMATIVA QUE ACTUALIZA Y MODIFICA EL REGLAMENTO DE ADMINISTRACIÓN DEL FONDO DE GARANTÍA PARA PEQUEÑOS EMPRESARIOS (FOGAPE) Y EXCEPTÚA DE LOS TRÁMITES ESTABLECIDOS EN EL ARTÍCULO 20° N°3 DEL DECRETO LEY N°3.538 A NORMATIVA QUE INDICA.,https://www.cmfchile.cl/normativa/cir_2260_2020.pdf
2020-01-01,2259,"EJECUTA ACUERDO DEL CONSEJO DE LA COMISIÓN PARA EL MERCADO FINANCIERO QUE APRUEBA LA EMISIÓN DE LA CIRCULAR QUE IMPARTE NORMAS SOBRE PRESENTACIÓN EN ESTADOS FINANCIEROS DEL APORTE ENTREGADO A LOS CUERPOS DE BOMBEROS POR PARTE DE ASEGURADORAS Y MUTUALIDADES. DEROGA CIRCULAR N°1829, DE 2007.",https://www.cmfchile.cl/normativa/cir_2259_2020.pdf
2020-01-01,1160,COMUNICA TASA INTERES DE ACTUALIZACIÓN - JULIO 2020.,https://www.cmfchile.cl/normativa/ofc_1160_2020.pdf
2020-01-01,1159,COMUNICA NUEVO VALOR UNIDAD DE SEGURO REAJUSTABLE DE JULIO 2020.,https://www.cmfchile.cl/normativa/ofc_1159_2020.pdf
2020-01-01,1158,INFORMA TASA DE VALORIZACIÓN DE PASIVOS (CIRCULAR N°1512 DE ENRO DE 2001).,https://www.cmfchile.cl/normativa/ofc_1158_2020.pdf
2020-01-01,1157,"INFORMA VECTOR DE TASAS DE DESCUENTO VTD TSA, PARA ANÁLISIS DE SUFICIENCIA DE ACTIVOS (NCG N°433 DE OCTUBRE DE 2019).",https://www.cmfchile.cl/normativa/ofc_1157_2020.pdf
2020-01-01,1156,"INFORMA VECTOR DE TASAS DE DESCUENTO, VTD, PARA VALORIZACIÓN DE PASIVOS (NCG N°374 DE ENERO DE 2015).",https://www.cmfchile.cl/normativa/ofc_1156_2020.pdf
2020-01-01,2258,"BANCOS
SOCIEDADES DE APOYO AL GIRO
COOPERATIVAS
EMPRESAS EMISORAS DE TARJETAS DE PAGO
EMPRESAS OPERADORAS DE TARJETAS DE PAGO
USO DEL SISTEMA DE COMUNICACIÓN ELECTRÓNICA DE LA COMISIÓN PARA EL MERCADO FINANCIERO COMO MEDIO PARA RESPUESTA DE REQUERIMIENTO SOBRE RECLAMOS.
(RESOLUCIÓN N°2935 DE 25-05-2020 EJECUTA ACUERDO DEL CONSEJO).",https://www.cmfchile.cl/normativa/cir_2258_2020.pdf
2020-01-01,2257,"EJECUTA ACUERDO DEL CONSEJO DE LA COMISIÓN PARA EL MERCADO FINANCIERO QUE APRUEBA LA PUBLICACION DE LA NORMATIVA QUE PERMITE EL RECONOCIMIENTO DE EXCEDENTES DE GARANTÍA HIPOTECARIA PARA LA VIVIENDA EN EL MODELO
ESTÁNDAR DE PROVISIONES DE LA CARTERA COMERCIAL GRUPAL.",https://www.cmfchile.cl/normativa/cir_2257_2020.pdf
2020-01-01,2256,"EJECUTA ACUERDO DEL CONSEJO DE LA COMISIÓN PARA EL MERCADO FINANCIERO QUE APRUEBA LA CIRCULAR PARA BANCOS Y COOPERATIVAS MEDIANTE LA QUE SE REQUIERE INFORMACIÓN DESAGREGADA DE LAS SOLICITUDES DE FINANCIAMIENTOS CON GARANTÍA COVID-19 DEL FONDO DE GARANTÍA PARA PEQUEÑOS Y MEDIANOS EMPRESARIOS (FOGAPE), Y QUE EXCLUYE LA DISPOSICIÓN DE LOS TRAMITES PREVISTOS EN EL INCISO PRIMERO DEL NUMERAL 3 DEL ARTÍCULO 20 DEL D.L. N°3.538.",https://www.cmfchile.cl/normativa/cir_2256_2020.pdf
2020-01-01,1155,INFORMA TASA DE VALORIZACIÓN DE PASIVOS (CIRCULAR N°1512 DE ENERO DE 2001).,https://www.cmfchile.cl/normativa/ofc_1155_2020.pdf
2020-01-01,1154,COMUNICA TASA INTERES DE ACTUALIZACION - JUNIO 2020,https://www.cmfchile.cl/normativa/ofc_1154_2020.pdf
2020-01-01,2255,"EJECUTA ACUERDO DEL CONSEJO DE LA COMISIÓN PARA EL MERCADO FINANCIERO QUE APRUEBA LA CIRCULAR QUE MODIFICA EL CAPÍTULO 4-1 DE LA RECOPILACIÓN ACTUALIZADA DE NORMAS PARA BANCOS Y LA CIRCULAR N°126 DE
COOPERATIVAS DE AHORRO Y CRÉDITO PARA SU CONCORDANCIA CON LO DISPUESTO EN EL ACUERDO
N°2294E-01-200318 DEL CONSEJO DEL BANCO CENTRAL DE CHILE, Y LA EXCLUYE DE LOS TRAMITES PREVISTOS EN EL INCISO PRIMERO DEL NUMERAL 3 DEL ARTÍCULO 20 DEL D.L. N°3.538.",https://www.cmfchile.cl/normativa/cir_2255_2020.pdf
2020-01-01,2254,"EJECUTA ACUERDO DEL CONSEJO DE LA COMISIÓN PARA EL MERCADO FINANCIERO QUE APRUEBA LA CIRCULAR QUE MODIFICA EL CAPÍTULO 4-1 DE LA RECOPILACIÓN ACTUALIZADA DE NORMAS PARA BANCOS Y LA CIRCULAR N°126 DE
COOPERATIVAS DE AHORRO Y CRÉDITO PARA SU CONCORDANCIA CON LO DISPUESTO EN EL ACUERDO
N°2294E-01-200318 DEL CONSEJO DEL BANCO CENTRAL DE CHILE, Y LA EXCLUYE DE LOS TRAMITES PREVISTOS EN EL INCISO PRIMERO DEL NUMERAL 3 DEL ARTÍCULO 20 DEL D.L. N°3.538.",https://www.cmfchile.cl/normativa/cir_2254_2020.pdf
2020-01-01,1153,COMUNICA NUEVO VALOR UNIDAD DE SEGURO REAJUSTABLE DE JUNIO 2020.,https://www.cmfchile.cl/normativa/ofc_1153_2020.pdf
2020-01-01,439,EJECUTA ACUERDO DEL CONSEJO DE LA COMISIÓN PARA EL MERCADO FINANCIERO QUE APRUEBA NORMATIVA QUE MODIFICA NORMA DE CARÁCTER GENERAL N° 412 SOBRE ACREDITACION DE CONOCIMIENTOS.,https://www.cmfchile.cl/normativa/ncg_439_2020.pdf
2020-01-01,1152,"INFORMA VECTOR DE TASAS DE DESCUENTO, VTD TSA, PARA ANÁLISIS DE SUFICIENCIA DE ACTIVOS (NCG N°433 DE OCTUBRE DE 2019).",https://www.cmfchile.cl/normativa/ofc_1152_2020.pdf
2020-01-01,1151,"INFORMA VECTOR DE TASAS DE DESCUENTO, VTD, PARA VALORIZACIÓN DE PASIVOS (NCG N°374 DE ENERO DE 2015).",https://www.cmfchile.cl/normativa/ofc_1151_2020.pdf
2020-01-01,2253,"EJECUTA ACUERDO DEL CONSEJO DE LA COMISIÓN PARA EL MERCADO FINANCIERO QUE APRUEBA LA CIRCULAR PARA COOPERATIVAS QUE REGULA ASPECTOS RELACIONADOS A LAS LÍNEAS DE GARANTÍA COVID-19 DEL FONDO DE GARANTÍA PARA PEQUEÑOS Y MEDIANOS EMPRESARIOS (FOGAPE), EN MATERIA DE PROVISIONES Y OTROS ASUNTOS DE SU REGULACIÓN QUE SE INDICAN, Y QUE EXCLUYE LA DISPOSICIÓN DE LOS TRAMITES PREVISTOS EN EL INCISO PRIMERO DEL NUMERAL 3 DEL ARTÍCULO 20 DEL D.L. N°3.538.",https://www.cmfchile.cl/normativa/cir_2253_2020.pdf
2020-01-01,2252,"EJECUTA ACUERDO DEL CONSEJO DE LA COMISIÓN PARA EL MERCADO FINANCIERO QUE APRUEBA LA CIRCULAR PARA BANCOS QUE REGULA ASPECTOS RELACIONADOS A LAS LÍNEAS DE GARANTÍA COVID-19 DEL FONDO DE GARANTÍA PARA PEQUEÑOS Y
MEDIANOS EMPRESARIOS (FOGAPE), EN MATERIA DE PROVISIONES Y OTROS ASUNTOS DE SU REGULACIÓN QUE SE INDICAN, Y QUE EXCLUYE LA DISPOSICIÓN DE LOS TRAMITES PREVISTOS EN EL INCISO PRIMERO DEL NUMERAL 3 DEL ARTÍCULO 20 DEL D.L. N°3.538.",https://www.cmfchile.cl/normativa/cir_2252_2020.pdf
2020-01-01,438,EJECUTA ACUERDO DEL CONSEJO DE LA COMISIÓN PARA EL MERCADO FINANCIERO QUE APRUEBA EMISIÓN DE NORMA DE CARÁCTER GENERAL QUE AUTORIZA PARTICIPANTES EN SISTEMAS DE COMPENSACIÓN Y LIQUIDACIÓN DE LA LEY N° 20.345.,https://www.cmfchile.cl/normativa/ncg_438_2020.pdf
2020-01-01,2251,"EJECUTA ACUERDO DEL CONSEJO DE LA COMISIÓN PARA EL MERCADO FINANCIERO QUE APRUEBA LA NORMA QUE MODIFICA LA CIRCULAR N° 2.236, QUE ESTABLECE NORMAS PARA EL ENVÍO DE INFORMACIÓN RELATIVA AL PROCESO DE REPARACIÓN DE VEHÍCULOS MOTORIZADOS.",https://www.cmfchile.cl/normativa/cir_2251_2020.pdf
2020-01-01,1150,"EJECUTA ACUERDO DEL CONSEJO DE LA COMISIÓN PARA EL MERCADO FINANCIERO QUE APRUEBA LA EMISION DE OFICIO CIRCULAR QUE ESTABLECE MEDIDAS TRANSITORIAS RELATIVAS A LA CONTABILIZACIÓN Y PROVISIONES DE PRIMAS POR COBRAR Y RECUPEROS, ESTABLECIDAS EN LA CIRCULAR N°1499; Y QUE EXCEPTÚA DE TRÁMITES ESTABLECIDOS EN EL ARTÍCULO 20 N°3 DEL DECRETO LEY N°3.538.",https://www.cmfchile.cl/normativa/ofc_1150_2020.pdf
2020-01-01,1149,EJECUTA ACUERDO DEL CONSEJO DE LA COMISIÓN PARA EL MERCADO FINANCIERO QUE APRUEBA OFICIO CIRCULAR QUE ACLARA ALCANCE DE LAS INSTRUCCIONES IMPARTIDAS MEDIANTE LA CIRCULAR N°1.530 DE 2001 Y NORMA DE CARÁCTER GENERAL N°435 DE 2020.,https://www.cmfchile.cl/normativa/ofc_1149_2020.pdf
2020-01-01,2250,"EJECUTA ACUERDO DEL CONSEJO DE LA COMISIÓN PARA EL MERCADO FINANCIERO QUE APRUEBA LA CIRCULAR QUE MODIFICA EL CAPÍTULO 12-1 DE LA RECOPILACIÓN ACTUALIZADA DE NORMAS PARA BANCOS PARA EFECTOS DE SUMAR A LAS PROVISIONES VOLUNTARIAS QUE COMPONEN EL PATRIMONIO EFECTIVO UNA PROPORCIÓN DE LAS GARANTÍAS ESTATALES QUE AMPAREN LOS ACTIVOS
BANCARIOS, Y LA EXCLUYE DE LOS TRAMITES PREVISTOS EN EL INCISO PRIMERO DEL NUMERAL 3 DEL ARTÍCULO 20 DEL D.L. N°3.538.",https://www.cmfchile.cl/normativa/cir_2250_2020.pdf
2020-01-01,2249,EJECUTA ACUERDO DEL CONSEJO DE LA COMISIÓN PARA EL MERCADO FINANCIERO QUE APRUEBA LA POSTERGACIÓN DEL PLAZO DE PRIMERA APLICACIÓN DE LA VERSIÓN ACTUALIZADA DEL COMPENDIO DE NORMAS CONTABLES PARA BANCOS.,https://www.cmfchile.cl/normativa/cir_2249_2020.pdf
2020-01-01,1148,COMUNICA TASA INTERES DE ACTUALIZACIÓN - MAYO 2020,https://www.cmfchile.cl/normativa/ofc_1148_2020.pdf
2020-01-01,1147,COMUNICA NUEVO VALOR UNIDAD DE SEGURO REAJUSTABLE DE MAYO,https://www.cmfchile.cl/normativa/ofc_1147_2020.pdf
2020-01-01,1146,EJECUTA ACUERDO DEL CONSEJO DE LA COMISIÓN PARA EL MERCADO FINANCIERO QUE APRUEBA LA EMISION DEL INFORME DE EVALUACIÓN DE IMPACTO REGULATORIO DEL OFICIO CIRCULAR N° 1146 QUE ESTABLECE PARA ESTE AÑO 2020 FECHAS LIMITES DE PRESENTACIÓN DE INFORMACION QUE INDICA PARA LAS ENTIDADES FISCALIZADAS DEL MERCADO DE SEGUROS Y SUSPENDE EL EXAMEN QUE SEÑALA POR BROTE DE COVID-19.,https://www.cmfchile.cl/normativa/ofc_1146_2020.pdf
2020-01-01,1145,INFORMA TASA DE VALORIZACION DE PASIVOS (CIRCULAR N°1512 DE ENERO DE 2001).,https://www.cmfchile.cl/normativa/ofc_1145_2020.pdf
2020-01-01,1144,"INFORMA VECTOR DE TASAS DE DESCUENTO, VTD TSA, PARA ANÁLISIS DE SUFICIENCIA DE ACTIVOS (NCG N°433 DE OCTUBRE DE 2019).",https://www.cmfchile.cl/normativa/ofc_1144_2020.pdf
2020-01-01,1143,"INFORMA VECTOR DE TASAS DE DESCUENTO, VTD, PARA VALORIZACIÓN DE PASIVOS (NCG N°374 DE ENERO DE 2015).",https://www.cmfchile.cl/normativa/ofc_1143_2020.pdf
2020-01-01,436,"EJECUTA ACUERDO DEL CONSEJO DE LA COMISIÓN PARA EL MERCADO FINANCIERO QUE APRUEBA LA EMISIÓN DE LA NORMA DE CARÁCTER GENERAL QUE IMPARTE INSTRUCCIONES TRANSITORIAS SOBRE EL SISTEMA DE CONSULTAS Y OFERTAS DE MONTOS DE PENSIÓN, ESTABLECIDO POR EL ARTÍCULO 61 BIS DEL D.L. N° 3.500, DE 1980 Y EXCEPTÚA DE TRÁMITE ESTABLECIDO EN EL ARTÍCULO 20 N°3 del D.L. N°3.538.",https://www.cmfchile.cl/normativa/ncg_436_2020.pdf
2020-01-01,2248,EJECUTA ACUERDO DEL CONSEJO DE LA COMISIÓN PARA EL MERCADO FINANCIERO QUE APRUEBA LA CIRCULAR QUE MODIFICA EL CAPÍTULO 12-1 DE LA RECOPILACIÓN ACTUALIZADA DE NORMAS PARA BANCOS PARA EFECTOS DEL TRATAMIENTO DE GARANTÍAS A FAVOR DE TERCEROS EN ACUERDOS DE COMPENSACIÓN BILATERAL RECONOCIDOS.,https://www.cmfchile.cl/normativa/cir_2248_2020.pdf
2020-01-01,2247,"EJECUTA ACUERDO DEL CONSEJO DE LA COMISIÓN PARA EL MERCADO FINANCIERO QUE APRUEBA LA CIRCULAR QUE MODIFICA EL CAPÍTULO 10-1 DE LA RECOPILACIÓN ACTUALIZADA DE NORMAS PARA BANCOS SOBRE BIENES RECIBIDOS EN PAGO, OTORGANDO UN PLAZO ADICIONAL DE 18 MESES PARA LA ENAJENACIÓN DE DICHOS
BIENES.",https://www.cmfchile.cl/normativa/cir_2247_2020.pdf
2020-01-01,1142,EJECUTA ACUERDO DEL CONSEJO DE LA COMISIÓN PARA EL MERCADO FINANCIERO QUE APRUEBA OFICIO CIRCULAR QUE AMPLIA PLAZO DE PRESENTACIÓN DE INFORMACIÓN FINANCIERA.,https://www.cmfchile.cl/normativa/ofc_1142_2020.pdf
2020-01-01,435,"EJECUTA ACUERDO DEL CONSEJO DE LA COMISIÓN PARA EL MERCADO FINANCIERO QUE APRUEBA NORMA DE CARÁCTER GENERAL QUE REGULA PARTICIPACION Y VOTACION A DISTANCIA EN JUNTAS DE ACCIONISTAS, JUNTAS DE TENEDORES DE BONOS Y ASAMBLEAS DE APORTANTES, Y MODIFICA NORMA DE CARÁCTER GENERAL N°273",https://www.cmfchile.cl/normativa/ncg_435_2020.pdf
2020-01-01,1141,"EJECUTA ACUERDO DEL CONSEJO DE LA COMISIÓN PARA EL MERCADO FINANCIERO QUE APRUEBA OFICIO CIRCULAR QUE INFORMA SOBRE PARTICIPACION Y VOTACION A
DISTANCIA EN JUNTAS DE ACCIONISTAS, JUNTAS DE TENEDORES DE BONOS Y ASAMBLEAS DE APORTANTES, CON OCASIÓN DE MEDIDAS SANITARIAS DISPUESTAS POR LA AUTORIDAD POR BROTE DE COVID-19",https://www.cmfchile.cl/normativa/ofc_1141_2020.pdf
2020-01-01,1140,INFORMA TASA DE VALORIZACIÓN DE PASIVOS (CIRCULAR N°1512 DE ENERO DE 2001).,https://www.cmfchile.cl/normativa/ofc_1140_2020.pdf
2020-01-01,1139,COMUNICA TASA INTERES DE ACTUALIZACION - ABRIL 2020,https://www.cmfchile.cl/normativa/ofc_1139_2020.pdf
2020-01-01,1138,COMUNICA NUEVO VALOR UNIDAD DE SEGURO REAJUSTABLE DE ABRIL 2020.,https://www.cmfchile.cl/normativa/ofc_1138_2020.pdf
2020-01-01,1137,"INFORMA VECTOR DE TASAS DE DESCUENTO, VTD TSA, PARA ANÁLISIS DE SUFICIENCIA DE ACTIVOS (NCG N°433 DE OCTUBRE DE 2019).",https://www.cmfchile.cl/normativa/ofc_1137_2020.pdf
2020-01-01,1136,"INFORMA VECTOR DE TASAS DE DESCUENTO, VTD, PARA VALORIZACIÓN DE PASIVOS (NCG N°374 DE ENERO DE 2015).",https://www.cmfchile.cl/normativa/ofc_1136_2020.pdf
2020-01-01,434,EJECUTA ACUERDO DEL CONSEJO DE LA COMISIÓN PARA EL MERCADO FINANCIERO QUE APRUEBA NORMA DE CARÁCTER GENERAL QUE AUTORIZA MECANISMOS PARA EL USO DE FIRMA ELECTRÓNICA EN LA SUSCRIPCIÓN DE LAS ACTAS DE DIRECTORIO DE SOCIEDADES ANÓNIMAS,https://www.cmfchile.cl/normativa/ncg_434_2020.pdf
2020-01-01,1135,COMUNICA TASA INTERES DE ATUALIZACION - MARZO 2020,https://www.cmfchile.cl/normativa/ofc_1135_2020.pdf
2020-01-01,1134,COMUNICA NUEVO VALOR UNIDAD DE SEGURO REAJUSTABLE DE MARZO 2020,https://www.cmfchile.cl/normativa/ofc_1134_2020.pdf
2020-01-01,1133,INFORMA TASA DE VALORIZACIÓN DE PASIVOS (CIRCULAR N°1512 DE ENERO 2001).,https://www.cmfchile.cl/normativa/ofc_1133_2020.pdf
2020-01-01,1132,"INFORMA VECTOR DE TASAS DE DESCUENTO, VTD, PARA VALORIZACIÓN DE PASIVOS (NCG N°374 DE ENERO DE 2015)",https://www.cmfchile.cl/normativa/ofc_1132_2020.pdf
2020-01-01,1131,"INFORMA VECTOR DE TASAS DE DESCUENTO, VTD TSA, PARA ANALISIS DE SUFICIENCIA DE ACTIVOS (NCG N°433 DE OCTUBRE DE 2019).",https://www.cmfchile.cl/normativa/ofc_1131_2020.pdf
2020-01-01,2246,EJECUTA ACUERDO DEL CONSEJO DE LA COMISIÓN PARA EL MERCADO FINANCIERO QUE APRUEBA PROPUESTA NORMATIVA QUE ACTUALIZA Y MODIFICA EL REGLAMENTO DE ADMINISTRACIÓN DEL FONDO DE GARANTÍA PARA PEQUEÑOS EMPRESARIOS (FOGAPE),https://www.cmfchile.cl/normativa/cir_2246_2020.pdf
2020-01-01,1130,COMUNICA TASA INTERES DE ACTUALIZACION - FEBRERO 2020,https://www.cmfchile.cl/normativa/ofc_1130_2020.pdf
2020-01-01,1129,INFORMA TASA DE VALORIZACIÓN DE PASIVOS (CIRCULAR N°1512 DE ENERO DE 2001),https://www.cmfchile.cl/normativa/ofc_1129_2020.pdf
2020-01-01,1128,COMUNICA NUEVO VALOR UNIDAD DE SEGURO REAJUSTABLE DE FEBRERO 2020.,https://www.cmfchile.cl/normativa/ofc_1128_2020.pdf
2020-01-01,1127,"INFORMA VECTOR DE TASAS DE DESCUENTO, VTD TSA, PARA ANÁLISIS DE SUFICIENCIA DE ACTIVOS (NCG N° 433 DE OCTUBRE DE 2019)",https://www.cmfchile.cl/normativa/ofc_1127_2020.pdf
2020-01-01,1126,"INFORMA VECTOR DE TASAS DE DESCUENTO, VTD, PARA VALORIZACIÓN DE PASIVOS (NCG N°374 DE ENERO DE 2015)",https://www.cmfchile.cl/normativa/ofc_1126_2020.pdf
2019-01-01,1125,ACREDITACIÓN DE CONOCIMIENTOS ASESORES PREVISIONALES.,https://www.cmfchile.cl/normativa/ofc_1125_2019.pdf
2019-01-01,2245,"EJECUTA ACUERDO DEL CONSEJO DE LA COMISIÓN PARA EL MERCADO FINANCIERO QUE APRUEBA ACTUALIZACIÓN DE LAS INSTRUCCIONES CONTENIDAS EN EL CAPÍTULO 20-7 DE LA RECOPILACIÓN ACTUALIZADA DE NORMAS DE BANCOS SOBRE EXTERNALIZACIÓN DE SERVICIOS; QUE TAMBIÉN SE HARÁ EXTENSIVO A FILIALES, SOCIEDADES DE APOYO AL GIRO BANCARIO, Y EMISORES Y OPERADORES DE TARJETAS DE PAGO.",https://www.cmfchile.cl/normativa/cir_2245_2019.pdf
2019-01-01,2244,"EJECUTA ACUERDO DEL CONSEJO DE LA COMISIÓN PARA EL MERCADO FINANCIERO QUE APRUEBA ACTUALIZACIÓN DE LAS INSTRUCCIONES CONTENIDAS EN EL CAPÍTULO 20-7 DE LA RECOPILACIÓN ACTUALIZADA DE NORMAS DE BANCOS SOBRE EXTERNALIZACIÓN DE SERVICIOS; QUE TAMBIÉN SE HARÁ EXTENSIVO A FILIALES, SOCIEDADES DE APOYO AL GIRO BANCARIO, Y EMISORES Y OPERADORES DE TARJETAS DE PAGO.",https://www.cmfchile.cl/normativa/cir_2244_2019.pdf
2019-01-01,2243,EJECUTA ACUERDO DEL CONSEJO DE LA COMISIÓN PARA EL MERCADO FINANCIERO QUE APRUEBA PROPUESTA NORMATIVA QUE ACTUALIZA Y MODIFICA EL COMPENDIO DE NORMAS CONTABLES PARA BANCOS,https://www.cmfchile.cl/normativa/cir_2243_2019.pdf
2019-01-01,2242,"EJECUTA ACUERDO DEL CONSEJO DE LA COMISIÓN PARA EL MERCADO FINANCIERO QUE APRUEBA LA EMISIÓN DE LA CIRCULAR QUE MODIFICA LA CIRCULAR N° 1928 DE LA COMISIÓN PARA EL MERCADO FINANCIERO Y EL LIBRO III, TÍTULO V, LETRA K DEL COMPENDIO DE NORMAS DEL SISTEMA DE PENSIONES DE LA SUPERINTENDENCIA DE
PENSIONES, QUE ESTABLECEN OBLIGACIONES DE LAS COMPAÑÍAS DE SEGUROS DE VIDA RESPECTO DEL SISTEMA DE PENSIONES SOLIDARIAS Y LA BONIFICACIÓN POR HIJO PARA LAS MUJERES.",https://www.cmfchile.cl/normativa/cir_2242_2019.pdf
2019-01-01,1124,COMUNICA TASA INTERES DE ACTUALIZACION - ENERO 2020,https://www.cmfchile.cl/normativa/ofc_1124_2019.pdf
2019-01-01,1123,COMUNICA NUEVO VALOR UNIDAD DE SEGURO REAJUSTABLE DE ENERO 2020.,https://www.cmfchile.cl/normativa/ofc_1123_2019.pdf
2019-01-01,1122,INFORMA TASA DE VALORIZACIÓN DE PASIVOS (CIRCULAR N°1512 DE ENERO DE 2001).,https://www.cmfchile.cl/normativa/ofc_1122_2019.pdf
2019-01-01,1121,"INFORMA VECTOR DE TASAS DE DESCUENTO, VTD PARA VALORIZACIÓN DE PASIVOS (NCG N°374 DE ENERO DE 2015).",https://www.cmfchile.cl/normativa/ofc_1121_2019.pdf
2019-01-01,1120,COMUNICA TASA INTERES DE ACTUALIZACION - DICIEMBRE 2019.,https://www.cmfchile.cl/normativa/ofc_1120_2019.pdf
2019-01-01,1119,COMUNICA NUEVO VALOR UNIDAD DE SEGURO REAJUSTABLE DE DICIEMBRE 2019.,https://www.cmfchile.cl/normativa/ofc_1119_2019.pdf
2019-01-01,1118,INFORMA TASA DE VALORIZACIÓN DE PASIVOS (CIRCULAR N°1512 DE ENERO DE 2001).,https://www.cmfchile.cl/normativa/ofc_1118_2019.pdf
2019-01-01,1117,"INFORMA VECTOR DE TASAS DE DESCUENTO, VTD, PARA VALORIZACION DE PASIVOS (NCG N°374 DE ENERO DE 2015).",https://www.cmfchile.cl/normativa/ofc_1117_2019.pdf
2019-01-01,433,"EJECUTA ACUERDO DEL CONSEJO DE LA COMISIÓN PARA EL MERCADO FINANCIERO QUE APRUEBA MODIFICACIONES A LA NORMA DE CARÁCTER GENERAL N° 209 QUE IMPARTE INSTRUCCIONES RELATIVAS AL ANÁLISIS DE SUFICIENCIA DE ACTIVOS EN ENTIDADES ASEGURADORAS Y REASEGURADORAS DEL SEGUNDO GRUPO, QUE MANTENGAN OBLIGACIONES VIGENTES DE SEGUROS DE RENTA VITALICIA DEL D.L. N° 3500 DE 1980.",https://www.cmfchile.cl/normativa/ncg_433_2019.pdf
2019-01-01,1116,"COMUNICA MEDIO ELECTRÓNICO PARA REMISIÓN DE INFORMACIÓN ""CMF SIN PAPELES""",https://www.cmfchile.cl/normativa/ofc_1116_2019.pdf
2019-01-01,1115,COMUNICA TASA INTERES DE ACTUALIZACIÓN - NOVIEMBRE 2019,https://www.cmfchile.cl/normativa/ofc_1115_2019.pdf
2019-01-01,1114,COMUNICA NUEVO VALOR UNIDAD DE SEGURO REAJUSTABLE DE NOVIEMBRE 2019.,https://www.cmfchile.cl/normativa/ofc_1114_2019.pdf
2019-01-01,1113,"INFORMA VECTOR DE TASAS DE DESCUENTO, VTD, PARA VALORIZACIÓN DE PASIVOS (NCG N°374 DE ENERO DE 2015).",https://www.cmfchile.cl/normativa/ofc_1113_2019.pdf
2019-01-01,1112,INFORMA TASA DE VALORIZACIÓN DE PASIVOS (CIRCULAR N°1512 DE ENERO DE 2001).,https://www.cmfchile.cl/normativa/ofc_1112_2019.pdf
2019-01-01,1111,"CERTIFICADO SEGURO OBLIGATORIO, LEY N°18.490",https://www.cmfchile.cl/normativa/ofc_1111_2019.pdf
2019-01-01,1110,COMUNICA NUEVO VALOR UNIDAD DE SEGURO REAJUSTABLE DE OCTUBRE 2019.,https://www.cmfchile.cl/normativa/ofc_1110_2019.pdf
2019-01-01,1109,COMUNICA TASA INTERES DE ACTUALIZACION - OCTUBRE 2019,https://www.cmfchile.cl/normativa/ofc_1109_2019.pdf
2019-01-01,1108,INFORMA TASA DE VALORIZACION DE PASIVOS (CIRCULAR N°1512 DE ENERO 2001).,https://www.cmfchile.cl/normativa/ofc_1108_2019.pdf
2019-01-01,1107,"INFORMA VECTOR DE TASAS DE DESCUENTO, VTD, PARA VALORIZACION DE PASIVOS (NCG N° 374 DE ENERO DE 2015).",https://www.cmfchile.cl/normativa/ofc_1107_2019.pdf
2019-01-01,1106,COMUNICA TASA INTERES DE ACTUALIZACION - SEPTIEMBRE 2019,https://www.cmfchile.cl/normativa/ofc_1106_2019.pdf
2019-01-01,1105,COMUNICA NUEVO VALOR UNIDAD DE SEGURO REAJUSTABLE DE SEPTIEMBRE 2019.,https://www.cmfchile.cl/normativa/ofc_1105_2019.pdf
2019-01-01,1104,INFORMA TASA DE VALORIZACIÓN DE PASIVOS (CIRCULAR N°1512 DE ENERO DE 2001).,https://www.cmfchile.cl/normativa/ofc_1104_2019.pdf
2019-01-01,1103,"INFORMA VECTOR DE TASAS DE DESCUENTO, VTD, PARA VALORIZACIÓN DE PASIVOS (NCG N°374 DE ENERO DE 2015).",https://www.cmfchile.cl/normativa/ofc_1103_2019.pdf
2019-01-01,1102,COMUNICA TASA INTERES DE ACTUALIZACION - AGOSTO 2019,https://www.cmfchile.cl/normativa/ofc_1102_2019.pdf
2019-01-01,1101,COMUNICA NUEVO VALOR UNIDAD DE SEGURO REAJUSTABLE DE AGOSTO 2019.,https://www.cmfchile.cl/normativa/ofc_1101_2019.pdf
2019-01-01,1100,INFORMA TASA DE VALORIZACIÓN DE PASIVOS (CIRCULAR N°1512 DE ENERO DE 2001).,https://www.cmfchile.cl/normativa/ofc_1100_2019.pdf
2019-01-01,1099,"INFORMA VECTOR DE TASAS DE DESCUENTO, VTD, PARA VALORIZACION DE PASIVOS (NCG N° 374 DE ENERO DE 2015).",https://www.cmfchile.cl/normativa/ofc_1099_2019.pdf
2019-01-01,1098,COMUNICA TASA INTERES DE ACTUALIZACION - JULIO 2019,https://www.cmfchile.cl/normativa/ofc_1098_2019.pdf
2019-01-01,1097,COMUNICA NUEVO VALOR UNIDAD DE SEGURO REAJUSTABLE DE JULIO 2019.,https://www.cmfchile.cl/normativa/ofc_1097_2019.pdf
2019-01-01,1096,INFORMA TASA DE VALORIZACIÓN DE PASIVOS (CIRCULAR N°1512 DE ENERO DE 2001).,https://www.cmfchile.cl/normativa/ofc_1096_2019.pdf
2019-01-01,1095,"INFORMA VECTOR DE TASAS DE DESCUENTO, VTD, PARA VALORIZACION DE PASIVOS (NCG N°374 DE ENERO DE 2015)",https://www.cmfchile.cl/normativa/ofc_1095_2019.pdf
2019-01-01,1094,COMUNICA NUEVO VALOR UNIDAD DE SEGURO REAJUSTABLE DE JUNIO 2019.,https://www.cmfchile.cl/normativa/ofc_1094_2019.pdf
2019-01-01,1093,COMUNICA TASA INTERES DE ACTUALIZACION - JUNIO 2019,https://www.cmfchile.cl/normativa/ofc_1093_2019.pdf
2019-01-01,1092,INFORMA TASA DE VALORIZACIÓN DE PASIVOS (CIRCULAR N°1512 DE ENERO DE 2001).,https://www.cmfchile.cl/normativa/ofc_1092_2019.pdf
2019-01-01,1091,"INFORMA VECTOR DE TASAS DE DESCUENTO, VTD, PARA VALORIZACIÓN DE PASIVOS (NCG N° 374 DE ENERO DE 2015)",https://www.cmfchile.cl/normativa/ofc_1091_2019.pdf
2019-01-01,1090,COMUNICA TASA INTERÉS DE ACTUALIZACIÓN - MAYO 2019,https://www.cmfchile.cl/normativa/ofc_1090_2019.pdf
2019-01-01,1089,COMUNICA NUEVO VALOR UNIDAD DE SEGURO REAJUSTABLE DE MAYO 2019.,https://www.cmfchile.cl/normativa/ofc_1089_2019.pdf
2019-01-01,1088,INFORMA TASA DE VALORIZACIÓN DE PASIVOS (CIRCULAR N°1512 DE ENERO DE 2001).,https://www.cmfchile.cl/normativa/ofc_1088_2019.pdf
2019-01-01,1087,"INFORMA VECTOR DE TASAS DE DESCUENTO, VTD, PARA VALORIZACIÓN DE PASIVOS (NCG N°374 DE ENERO DE 2015).",https://www.cmfchile.cl/normativa/ofc_1087_2019.pdf
2019-01-01,2241,EJECUTA ACUERDO DEL CONSEJO DE LA COMISIÓN PARA EL MERCADO FINANCIERO QUE APRUEBA MODIFICACIONES A LA CIRCULAR N° 2110 QUE IMPARTE INSTRUCCIONES RESPECTO DE COMUNICACIÓN DE PRÓRROGA DEL PLAZO DE LIQUIDACIÓN DE SINIESTROS Y DE INFORMACIÓN ESTADÍSTICA AGREGADA DE LIQUIDACIÓN DE SINIESTROS.,https://www.cmfchile.cl/normativa/cir_2241_2019.pdf
2019-01-01,432,"EJECUTA ACUERDO DEL CONSEJO DE LA COMISIÓN PARA EL MERCADO FINANCIERO QUE APRUEBA NORMA DE CARÁCTER GENERAL QUE AUTORIZA BIENES, DOCUMENTOS Y CONTRATOS SUSCEPTIBLES DE SER DEPOSITADOS EN LAS ENTIDADES DE DEPÓSITO Y CUSTODIA DE VALORES.",https://www.cmfchile.cl/normativa/ncg_432_2019.pdf
2019-01-01,1086,COMUNICA TASA INTERES DE ACTUALIZACION - ABRIL 2019,https://www.cmfchile.cl/normativa/ofc_1086_2019.pdf
2019-01-01,1085,COMUNICA NUEVO VALOR UNIDAD DE SEGURO REAJUSTABLE DE ABRIL 2019.,https://www.cmfchile.cl/normativa/ofc_1085_2019.pdf
2019-01-01,1084,INFORMA TASA DE VALORIZACIÓN DE PASIVOS (CIRCULAR N°1512 DE ENERO DE 2001).,https://www.cmfchile.cl/normativa/ofc_1084_2019.pdf
2019-01-01,1083,"INFORMA VECTOR DE TASAS DE DESCUENTO, VTD, PARA VALORIZACIÓN DE PASIVOS (NCG N°374 DE ENERO DE 2015).",https://www.cmfchile.cl/normativa/ofc_1083_2019.pdf
2019-01-01,431,EJECUTA ACUERDO DEL CONSEJO DE LA COMISIÓN PARA EL MERCADO FINANCIERO QUE APRUEBA NORMA DE CARÁCTER GENERAL QUE IMPARTE INSTRUCCIONES SOBRE PLAZOS DE PRESENTACIÓN DE INFORMACIÓN FINANCIERA.,https://www.cmfchile.cl/normativa/ncg_431_2019.pdf
2019-01-01,1082,COMUNICA NUEVO VALOR UNIDAD DE SEGURO REAJUSTABLE DE MARZO 2019.,https://www.cmfchile.cl/normativa/ofc_1082_2019.pdf
2019-01-01,1081,COMUNICA TASA INTERES DE ACTUALIZACION - MARZO 2019,https://www.cmfchile.cl/normativa/ofc_1081_2019.pdf
2019-01-01,1080,"INFORMA VECTOR DE TASAS DE DESCUENTO, VTD, PARA VALORIZACIÓN DE PASIVOS (NCG N°374 DE ENERO DE 2015).",https://www.cmfchile.cl/normativa/ofc_1080_2019.pdf
2019-01-01,1079,INFORMA TASA DE VALORIZACIÓN DE PASIVOS (CIRCULAR N°1512 DE ENERO DE 2001).,https://www.cmfchile.cl/normativa/ofc_1079_2019.pdf
2019-01-01,2240,"EJECUTA ACUERDO DEL CONSEJO DE LA COMISIÓN PARA EL MERCADO FINANCIERO QUE APRUEBA LA NORMA QUE MODIFICA LA CIRCULAR N° 2.236, QUE REQUIERE INFORMACIÓN A LAS COMPAÑÍAS DE SEGUROS GENERALES RESPECTO DE TIEMPOS DE REPARACIÓN DE VEHÍCULOS MOTORIZADOS CON PERDIDA PARCIAL.",https://www.cmfchile.cl/normativa/cir_2240_2019.pdf
2019-01-01,430,EJECUTA ACUERDO DEL CONSEJO DE LA COMISIÓN PARA EL MERCADO FINANCIERO QUE APRUEBA EMISIÓN DE NORMATIVA QUE INDICA.,https://www.cmfchile.cl/normativa/ncg_430_2019.pdf
2019-01-01,1078,COMUNICA NUEVO VALOR UNIDAD DE SEGURO REAJUSTABLE DE FEBRERO 2019.,https://www.cmfchile.cl/normativa/ofc_1078_2019.pdf
2019-01-01,1077,COMUNICA TASA INTERES DE ACTUALIZACIÓN - FEBRERO 2019,https://www.cmfchile.cl/normativa/ofc_1077_2019.pdf
2019-01-01,1076,INFORMA TASA DE VALORIZACIÓN DE PASIVOS (CIRCULAR N°1512  DE ENERO DE 2001).,https://www.cmfchile.cl/normativa/ofc_1076_2019.pdf
2019-01-01,429,MODERNIZA LOS REQUISITOS DE INSCRIPCIÓN DE FACTURAS Y TÍTULOS REPRESENTATIVOS DE LAS MISMAS EN EL REGISTRO DE PRODUCTOS ESTABLECIDO EN LA LEY N° 19.220 DE 1993,https://www.cmfchile.cl/normativa/ncg_429_2019.pdf
2019-01-01,428,"IMPARTE INSTRUCCIONES SOBRE EL SISTEMA DE CONSULTAS Y OFERTAS DE MONTOS DE PENSION ESTABLECIDO POR EL ARTÍCULO 61 BIS DEL DECRETO LEY N°3.500, DE 1980. MODIFICA LA NORMA DE CARACTER GENERAL N°218 DE LA COMISION PARA EL MERCADO FINANCIERO Y EL TITULO II DEL LIBRO III DEL COMPENDIO DE NORMAS DEL SISTEMA DE PENSIONES DE LA SUPERINTENDENCIA DE PENSIONES.",https://www.cmfchile.cl/normativa/ncg_428_2019.pdf
2019-01-01,1075,"INFORMA VECTOR DE TASAS DE DESCUENTO, VTD, PARA VALORIZACIÓN DE PASIVOS (NCG N° 374 DE ENERO DE 2015)",https://www.cmfchile.cl/normativa/ofc_1075_2019.pdf
2018-01-01,1074,INFORMA TASA DE VALORIZACIÓN DE PASIVOS (CIRCULAR N° 1512 DE ENERO DE 2001),https://www.cmfchile.cl/normativa/ofc_1074_2018.pdf
2018-01-01,1073,COMUNICA NUEVO VALOR UNIDAD DE SEGURO REAJUSTABLE DE ENERO 2019.,https://www.cmfchile.cl/normativa/ofc_1073_2018.pdf
2018-01-01,1072,COMUNICA TASA INTERES DE ACTUALIZACION - ENERO 2019,https://www.cmfchile.cl/normativa/ofc_1072_2018.pdf
2018-01-01,1071,"INFORMA VECTOR DE TASAS DE DESCUENTO, VTD, PARA VALORIZACIÓN DE PASIVOS (NCG N° 374 DE ENERO DE 2015).",https://www.cmfchile.cl/normativa/ofc_1071_2018.pdf
2018-01-01,2239,EJECUTA ACUERDO DEL CONSEJO DE LA COMISIÓN PARA EL MERCADO FINANCIERO QUE APRUEBA LA NORMA QUE MODIFICA LA CIRCULAR N° 1835 QUE IMPARTE INSTRUCCIONES RELATIVAS A LA FORMA Y CONTENIDO DE INFORMACIÓN SOBRE INVERSIONES Y DEL SISTEMA DE EVALUACIÓN  DEL RIESGO DE MERCADO DE CARTERA DE INVERSIONES.,https://www.cmfchile.cl/normativa/cir_2239_2018.pdf
2018-01-01,1070,REANUDACIÓN DE LA APLICACIÓN DE SANCIONES POR LOS ESTADOS UNIDOS DE AMÉRICA A LA REPÚBLICA ISLÁMICA DE IRÁN,https://www.cmfchile.cl/normativa/ofc_1070_2018.pdf
2018-01-01,1069,COMUINICA TASA INTERES DE ACTUALIZACION - DICIEMBRE 2018,https://www.cmfchile.cl/normativa/ofc_1069_2018.pdf
2018-01-01,1068,COMUNICA NUEVO VALOR UNIDAD DE SEGURO REAJUSTABLE DE DICIEMBRE 2018.,https://www.cmfchile.cl/normativa/ofc_1068_2018.pdf
2018-01-01,1067,INFORMA TASA DE VALORIZACIÓN DE PASIVOS (CIRCULAR N°1512 DE ENERO 2001).,https://www.cmfchile.cl/normativa/ofc_1067_2018.pdf
2018-01-01,1066,"INFORMA VECTOR DE TASAS DE DESCUENTO, VTD, PARA VALORIZACION DE PASIVOS (NCG N° 374 DE ENERO DE 2015)",https://www.cmfchile.cl/normativa/ofc_1066_2018.pdf
2018-01-01,1065,COMUNICA NUEVO VALOR UNIDAD DE SEGURO REAJUSTABLE DE NOVIEMBRE 2018.,https://www.cmfchile.cl/normativa/ofc_1065_2018.pdf
2018-01-01,1064,COMUNICA TASA INTERES DE ACTUALIZACIÓN - NOVIEMBRE 2018,https://www.cmfchile.cl/normativa/ofc_1064_2018.pdf
2018-01-01,1063,INFORMA TASA DE VALORIZACION DE PASIVOS (CIRCULAR N°1512 DE ENERO DE 2001).,https://www.cmfchile.cl/normativa/ofc_1063_2018.pdf
2018-01-01,1062,"INFORMA VECTOR DE TASAS DE DESCUENTO, VTD, PARA VALORIZACION DE PASIVOS (NCG N° 374 DE ENERO DE 2015).",https://www.cmfchile.cl/normativa/ofc_1062_2018.pdf
2018-01-01,2238,EJECUTA ACUERDO DEL CONSEJO DE LA COMISIÓN PARA EL MERCADO FINANCIERO QUE APRUEBA CIRCULAR QUE MODIFICA LA CIRCULAR N°2.171 DE 2015,https://www.cmfchile.cl/normativa/cir_2238_2018.pdf
2018-01-01,1061,COMUNICA NUEVO VALOR UNIDAD DE SEGURO REAJUSTABLE DE OCTUBRE 2018,https://www.cmfchile.cl/normativa/ofc_1061_2018.pdf
2018-01-01,1060,COMUNICA TASA INTERES DE ACTUALIZACIÓN - OCTUBRE 2018,https://www.cmfchile.cl/normativa/ofc_1060_2018.pdf
2018-01-01,1059,INFORMA TASA DE VALORIZACIÓN DE PASIVOS (CIRCULAR N°1512 DE ENERO 2001).,https://www.cmfchile.cl/normativa/ofc_1059_2018.pdf
2018-01-01,426,EJECUTA ACUERDO DEL CONSEJO DE LA COMISIÓN PARA EL MERCADO FINANCIERO QUE APRUEBA NORMA DE CARÁCTER GENERAL QUE DETERMINA LAS INFRACCIONES DE MENOR ENTIDAD QUE SERÁN SOMETIDAS AL PROCEDIMIENTO SIMPLIFICADO ESTABLECIDO EN EL PÁRRAFO 3 DEL TÍTULO IV DEL D.L. N°3.538.,https://www.cmfchile.cl/normativa/ncg_426_2018.pdf
2018-01-01,2237,"EJECUTA ACUERDO DEL CONSEJO DE LA COMISIÓN PARA EL MERCADO FINANCIERO QUE APRUEBA CIRCULAR QUE INDICA A LOS ÓRGANOS DE ADMINISTRACIÓN DE LAS ENTIDADES DE INFRAESTRUCTURA SOMETIDOS A LA FISCALIZACIÓN DE ESTA COMISIÓN, QUE LOS ESTÁNDARES QUE DEBEN OBSERVAR PARA EFECTOS DE GESTIONAR ADECUADAMENTE LOS RIESGOS INHERENTES A SU GIRO Y CUMPLIR CON SUS OBLIGACIONES LEGALES, SON LOS PRINCIPIOS DE INFRAESTRUCTURAS FINANCIERAS DE MERCADO EMITIDOS POR CPMI-IOSCO.",https://www.cmfchile.cl/normativa/cir_2237_2018.pdf
2018-01-01,1058,"INFORMA VECTOR DE TASAS DE DESCUENTO, VTD, PARA VALORIZACION DE PASIVOS (NCG N° 374 DE ENERO DE 2015).",https://www.cmfchile.cl/normativa/ofc_1058_2018.pdf
2018-01-01,1057,COMUNICA TASA INTERES DE ACTUALIZACION - SEPTIEMBRE 2018,https://www.cmfchile.cl/normativa/ofc_1057_2018.pdf
2018-01-01,1056,COMUNICA NUEVO VALOR UNIDAD DE SEGURO REAJUSTABLE DE SEPTIEMBRE 2018.,https://www.cmfchile.cl/normativa/ofc_1056_2018.pdf
2018-01-01,1055,INFORMA TASA DE VALORIZACIÓN DE PASIVOS (CIRCULAR N°1512 DE ENERO DE 2001).,https://www.cmfchile.cl/normativa/ofc_1055_2018.pdf
2018-01-01,1054,"INFORMA VECTOR DE TASAS DE DESCUENTO, VTD, PARA VALORIZACIÓN DE PASIVOS (NCG N°374 DE ENERO DE 2015).",https://www.cmfchile.cl/normativa/ofc_1054_2018.pdf
2018-01-01,1053,INFORMA TASA DE VALORIZACIÓN DE PASIVOS (CIRCULAR N°1512 DE ENERO DE 2001).,https://www.cmfchile.cl/normativa/ofc_1053_2018.pdf
2018-01-01,1052,COMUNICA TASA INTERES DE ACTUALIZACIÓN - AGOSTO 2018,https://www.cmfchile.cl/normativa/ofc_1052_2018.pdf
2018-01-01,1051,COMUNICA NUEVO VALOR UNIDAD DE SEGURO REAJUSTABLE DE AGOSTO 2018.,https://www.cmfchile.cl/normativa/ofc_1051_2018.pdf
2018-01-01,1050,"INFORMA VECTOR DE TASAS DE DESCUENTO, VTD, PARA VALORIZACION DE PASIVOS (NCG N°374 DE ENERO DE 2015).",https://www.cmfchile.cl/normativa/ofc_1050_2018.pdf
2018-01-01,425,EJECUTA ACUERDO DEL CONSEJO DE LA COMISIÓN PARA EL MERCADO FINANCIERO QUE APRUEBA LA NORMA QUE MODIFICA LA NCG N° 152 QUE IMPARTE NORMAS SOBRE ACTIVOS REPRESENTATIVOS DE RESERVAS TÉCNICAS Y PATRIMONIO DE RIESGO.,https://www.cmfchile.cl/normativa/ncg_425_2018.pdf
2018-01-01,1049,INFORMA TASA DE VALORIZACIÓN DE PASIVOS (CIRCULAR N°1512 DE ENERO DE 2001).,https://www.cmfchile.cl/normativa/ofc_1049_2018.pdf
2018-01-01,1048,COMUNICA TASA INTERES DE ACTUALIZACIÓN - JULIO 2018.,https://www.cmfchile.cl/normativa/ofc_1048_2018.pdf
2018-01-01,1047,COMUNICA NUEVO VALOR UNIDAD DE SEGURO REAJUSTABLE DE JULIO 2018.,https://www.cmfchile.cl/normativa/ofc_1047_2018.pdf
2018-01-01,1046,"INFORMA VECTOR DE TASAS DE DESCUENTO, VTD, PARA VALORIZACIÓN DE PASIVOS (NCG N°374 DE ENERO DE 2015).",https://www.cmfchile.cl/normativa/ofc_1046_2018.pdf
2018-01-01,1045,COMUNICA TASA INTERES DE ACTUALIZACION - JUNIO 2018,https://www.cmfchile.cl/normativa/ofc_1045_2018.pdf
2018-01-01,1044,COMUNICA NUEVO VALOR UNIDAD DE SEGURO REAJUSTABLE DE JUNIO 2018.,https://www.cmfchile.cl/normativa/ofc_1044_2018.pdf
2018-01-01,1043,INFORMA TASA DE VALORIZACIÓN DE PASIVOS (CIRCULAR N°1512 DE ENERO DE 2001).,https://www.cmfchile.cl/normativa/ofc_1043_2018.pdf
2018-01-01,1042,"INFORMA VECTOR DE TASAS DE DESCUENTO, VTD, PARA VALORIZACION DE PASIVOS (NCG N° 374 DE ENERO DE 2015).",https://www.cmfchile.cl/normativa/ofc_1042_2018.pdf
2018-01-01,424,EJECUTA ACUERDO DEL CONSEJO DE LA COMISIÓN PARA EL MERCADO FINANCIERO QUE APRUEBA LA NORMA DE CARÁCTER GENERAL QUE ESTABLECE ESTRUCTURA DE NORMAS Y CÓDIGOS DE CONDUCTA PARA ENTIDADES OBLIGADAS A AUTORREGULARSE.,https://www.cmfchile.cl/normativa/ncg_424_2018.pdf
2018-01-01,1041,RESOLUCIONES N°2.371 Y N°2.375 DEL CONSEJO DE  SEGURIDAD DE LA ONU,https://www.cmfchile.cl/normativa/ofc_1041_2018.pdf
2018-01-01,1040,"IMPARTE INSTRUCCIONES SOBRE PLAZOS DE PRESENTACIÓN DE LA INFORMACIÓN FINANCIERA CORRESPONDIENTE AL EJERCICIO 2018.
APROBADA POR RESOLUCIÓN EXENTA N°1443 DE 18-04-2018",https://www.cmfchile.cl/normativa/ofc_1040_2018.pdf
2018-01-01,1039,COMUNICA NUEVO VALOR UNIDAD DE SEGURO REAJUSTABLE DE MAYO 2018.,https://www.cmfchile.cl/normativa/ofc_1039_2018.pdf
2018-01-01,1038,COMUNICA TASA DE INTERES DE ACTUALIZACION - MAYO 2018,https://www.cmfchile.cl/normativa/ofc_1038_2018.pdf
2018-01-01,1037,INFORMA TASA DE VALORIZACIÓN DE PASIVOS (CIRCULAR N°1512 DE ENERO DE 2001).,https://www.cmfchile.cl/normativa/ofc_1037_2018.pdf
2018-01-01,1036,"INFORMA VECTOR DE TASAS DE DESCUENTO. VTD, PARA VALORIZACIÓN DE PASIVOS (NCG N°374 DE ENERO DE 2015).",https://www.cmfchile.cl/normativa/ofc_1036_2018.pdf
2018-01-01,1035,COMUNICA TASA INTERES DE ACTUALIZACIÓN - ABRIL 2018,https://www.cmfchile.cl/normativa/ofc_1035_2018.pdf
2018-01-01,1034,COMUNICA NUEVO VALOR UNIDAD DE SEGURO REAJUSTABLE DE ABRIL 2018.,https://www.cmfchile.cl/normativa/ofc_1034_2018.pdf
2018-01-01,1033,INFORMA TASA DE VALORIZACIÓN DE PASIVOS (CIRCULAR N°1512 DE ENERO DE 2001).,https://www.cmfchile.cl/normativa/ofc_1033_2018.pdf
2018-01-01,2236,"ESTABLECE NORMAS PARA EL ENVIO DE INFORMACION RELATIVA AL PROCESO DE REPARACION DE VEHICULOS MOTORIZADOS. APROBADA POR RESOLUCION N°793, 06.03.2018.",https://www.cmfchile.cl/normativa/cir_2236_2018.pdf
2018-01-01,423,DETERMINA FORMA Y PLAZO PARA MANIFESTAR VOLUNTAD DE PARTICIPAR EN COMITE DE AUTORREGULACION FINANCIERA / RESOLUCION N° 753 FECHA 02-03-2018,https://www.cmfchile.cl/normativa/ncg_423_2018.pdf
2018-01-01,1032,"INFORMA VECTOR DE TASAS DE DESCUENTO, VTD, PARA VALORIZACION DE PASIVOS (NCG N° 374 DE ENERO DE 2015)",https://www.cmfchile.cl/normativa/ofc_1032_2018.pdf
2018-01-01,1031,COMUNICA TASA DE INTERES DE ACTUALIZACION MARZO 2018,https://www.cmfchile.cl/normativa/ofc_1031_2018.pdf
2018-01-01,1030,COMUNICA NUEVO VALOR UNIDAD DE SEGURO REAJUSTABLE DE MARZO Y TRIMESTRE ABRIL - JUNIO 2018.,https://www.cmfchile.cl/normativa/ofc_1030_2018.pdf
2018-01-01,1029,INFORMA TASA DE VALORIZACION DE PASIVOS (CIRCULAR N° 1512 DE ENERO DE 2001),https://www.cmfchile.cl/normativa/ofc_1029_2018.pdf
2018-01-01,1028,"INFORMA VECTOR DE TASAS DE DESCUENTO, VTD, PARA VALORIZACION DE PASIVOS (NCG N° 374 DE ENERO DE 2015)",https://www.cmfchile.cl/normativa/ofc_1028_2018.pdf
2018-01-01,2235,"SOLICITA APORTES CUMPLIMIENTO DECRETO LEY N°1.757, CORRESPONDIENTE AL MES DE ENERO DE 2018",https://www.cmfchile.cl/normativa/cir_2235_2018.pdf
2018-01-01,1027,COMUNICA TASA INTERES DE ACTUALIZACION - FEBRERO 2018,https://www.cmfchile.cl/normativa/ofc_1027_2018.pdf
2018-01-01,1026,COMUNICA NUEVO VALOR UNIDAD DE SEGURO REAJUSTABLE DE FEBRERO 2018,https://www.cmfchile.cl/normativa/ofc_1026_2018.pdf
2018-01-01,2234,"MODIFICA CIRCULAR N°2121 DE OCTUBRE DE 2013, QUE IMPARTE NORMAS SOBRE EL SEGURO OBLIGATORIO DE ACCIDENTES PERSONALES CAUSADOS POR VEHICULOS MOTORIZADOS CON MATRÍCULA EXTRANJERA DEL ARTÍCULO 60 DE LA LEY N°18.290, Y ESTABLECE FORMATO Y CONTENDO DEL CERTIFICADO DEL SEGURO.",https://www.cmfchile.cl/normativa/cir_2234_2018.pdf
2018-01-01,1025,INFORMA TASA DE VALORIZACION DE PASIVOS (CIRCULAR N°1512 DE ENERO DE 2001),https://www.cmfchile.cl/normativa/ofc_1025_2018.pdf
2018-01-01,1024,"INFORMA VECTOR DE TASAS DE DESCUENTO, VTD, PARA VALORIZACIÓN DE PASIVOS (NCG N°374 DE ENERO 2015).",https://www.cmfchile.cl/normativa/ofc_1024_2018.pdf
2017-01-01,422,"31/01/1995 
  
12/01/2009 
  
26/11/2001 
  
10/01/2002 
  
12/03/2002 
  
09/10/2002 
  
27/03/2003 
  
01/12/2004 
  
26/05/2006 
  
24/08/1981 
  
24/02/1982 
  
28/05/1982 
  
09/06/1982 
  
29/06/1984 
  
12/01/1987 
  
13/02/1987 
  
03/02/1988 
  
29/07/1988 
  
24/12/1990 
  
20/08/1991 
  
06/03/1992 
  
20/03/1992 
  
01/09/1992 
  
17/10/1997 
  
30/01/1998 
  
27/03/2001 
  
20/10/2001 
  
17/01/2005 
  
16/01/2006 
  
17/12/1980 
  
28/01/1983 
  
15/01/1985 
  
14/07/1986 
  
01/03/1989 
  
12/04/1993 
  
11/09/2000 
  
02/11/2000 
  
28/11/2000 
  
20/10/2003 
  
13/01/2005 
  
06/12/2007 
  
02/03/1995",https://www.cmfchile.cl/normativa/ncg_422_2017.pdf
2017-01-01,2233,MODIFICA CIRCULAR N° 2171 DE 2015 EN LOS TERMINOS QUE INDICA.,https://www.cmfchile.cl/normativa/cir_2233_2017.pdf
2017-01-01,2232,"GARANTIA ESTATAL POR PENSION MINIMA PARA PENSIONADOS ACOGIDOS A LA MODALIDAD DE RENTA VITALICIA Y BENEFICIOS SOLIDARIOS. MODIFICA LAS CIRCULARES N°1828 Y 1928, AMBAS, DE LA SUPERINTENDENCIA DE VALORES Y SEGUROS; Y LAS LETRAS K DEL TITULO V Y A DEL TITULO VI, AMBAS, DEL LIBRO III DEL COMPENDIO DE NORMAS DEL SISTEMA DE PENSIONES.",https://www.cmfchile.cl/normativa/cir_2232_2017.pdf
2017-01-01,2231,"SOLICITA APORTES CUMPLIMIENTO DECRETO LEY N° 1.757, CORRESPONDIENTES AL MES DE DICIEMBRE DE 2017.",https://www.cmfchile.cl/normativa/cir_2231_2017.pdf
2017-01-01,1023,COMUNICA TASA INTERES DE ACTUALIZACION - ENERO 2018.,https://www.cmfchile.cl/normativa/ofc_1023_2017.pdf
2017-01-01,1022,COMUNICA NUEVO VALOR UNIDAD DE SEGURO REAJUSTABLE DE ENERO 2018.,https://www.cmfchile.cl/normativa/ofc_1022_2017.pdf
2017-01-01,1021,INFORMA TASA DE VALORIZACION DE PASIVOS (CIRCULAR N° 1512 DE ENERO DE 2001),https://www.cmfchile.cl/normativa/ofc_1021_2017.pdf
2017-01-01,1020,"INFORMA VECTOR DE TASAS DE DESCUENTO, VTD, PARA VALORIZACION DE PASIVOS (NCG N° 374 DE ENERO DE 2015)",https://www.cmfchile.cl/normativa/ofc_1020_2017.pdf
2017-01-01,421,ESTABLECE PRINCIPIOS DE GESTION DEL REASEGURO E INFORMACION SOBRE PROGRAMAS DE REASEGURO.,https://www.cmfchile.cl/normativa/ncg_421_2017.pdf
2017-01-01,1019,IDENTIFICACION DE REASEGURADORES EXTRANJEROS.,https://www.cmfchile.cl/normativa/ofc_1019_2017.pdf
2017-01-01,1018,COMUNICA TASA INTERES DE ACTUALIZACION - DICIEMBRE 2017,https://www.cmfchile.cl/normativa/ofc_1018_2017.pdf
2017-01-01,2230,"SOLICITA APORTES CUMPLIMIENTO DECRETO LEY N° 1.757, CORRESPONDIENTES AL MES DE NOVIEMBRE 2017.",https://www.cmfchile.cl/normativa/cir_2230_2017.pdf
2017-01-01,1017,COMUNICA NUEVO VALOR UNIDAD DE SEGURO REAJUSTABLE DE DICIEMBRE 2017.,https://www.cmfchile.cl/normativa/ofc_1017_2017.pdf
2017-01-01,1016,INFORMA TASA DE VALORIZACION DE PASIVOS (CIRCULAR N° 1512 DE ENERO DE 2001),https://www.cmfchile.cl/normativa/ofc_1016_2017.pdf
2017-01-01,1015,"INFORMA VECTOR DE TASAS DE DESCUENTO, VTD, PARA VALORIZACION DE PASIVOS (NCG N° 374 DE ENERO DE 2015).",https://www.cmfchile.cl/normativa/ofc_1015_2017.pdf
2017-01-01,420,ESTABLECE AUTOEVALUACION DE PRINCIPIOS DE CONDUCTA DE MERCADO EN ENTIDADES ASEGURADORAS Y CORREDORES DE SEGUROS.,https://www.cmfchile.cl/normativa/ncg_420_2017.pdf
2017-01-01,2229,"SOLICITA APORTES CUMPLIMIENTO DECRETO LEY N° 1.757, CORRESPONDIENTES AL MES DE OCTUBRE 2017.",https://www.cmfchile.cl/normativa/cir_2229_2017.pdf
2017-01-01,1014,COMUNICA NUEVO VALOR UNIDAD DE SEGURO REAJUSTABLE DE NOVIEMBRE 2017,https://www.cmfchile.cl/normativa/ofc_1014_2017.pdf
2017-01-01,1013,COMUNICA TASA INTERES DE ACTUALIZACION - NOVIEMBRE 2017,https://www.cmfchile.cl/normativa/ofc_1013_2017.pdf
2017-01-01,1012,INFORMA TASA DE VALORIZACION DE PASIVOS (CIRCULAR N° 1512 DE ENERO DE 2001).,https://www.cmfchile.cl/normativa/ofc_1012_2017.pdf
2017-01-01,1011,"INFORMA VECTOR DE TASAS DE DESCUENTO, VTD, PARA VALORIZACION DE PASIVOS (NCG N° 374 DE ENERO DE 2015)",https://www.cmfchile.cl/normativa/ofc_1011_2017.pdf
2017-01-01,1010,COMUNICA NUEVO VALOR UNIDAD DE SEGURO REAJUSTABLE DE OCTUBRE 2017.,https://www.cmfchile.cl/normativa/ofc_1010_2017.pdf
2017-01-01,1009,COMUNICA TASA INTERES DE ACTUALIZACION - OCTUBRE 2017,https://www.cmfchile.cl/normativa/ofc_1009_2017.pdf
2017-01-01,2228,"SOLICITA APORTES CUMPLIMIENTO DECRETO LEY N° 1.757, CORRESPONDIENTES AL MES DE SEPTIEMBRE DE 2017.",https://www.cmfchile.cl/normativa/cir_2228_2017.pdf
2017-01-01,1008,INFORMA TASA DE VALORIZACION DE PASIVOS (CIRCULAR N° 1512 DE ENERO DE 2001),https://www.cmfchile.cl/normativa/ofc_1008_2017.pdf
2017-01-01,1007,"INFORMA VECTOR DE TASAS DE DESCUENTO, VTD, PARA VALORIZACION DE PASIVOS (NCG N° 374 DE ENERO DE 2015)",https://www.cmfchile.cl/normativa/ofc_1007_2017.pdf
2017-01-01,2227,"SOLICITA APORTES CUMPLIMIENTO DECRETO LEY N° 1757, CORRESPONDIENTES AL MES DE AGOSTO DE 2017.",https://www.cmfchile.cl/normativa/cir_2227_2017.pdf
2017-01-01,1006,COMUNICA NUEVO VALOR UNIDAD DE SEGURO REAJUSTABLE DE SEPTIEMBRE 2017.,https://www.cmfchile.cl/normativa/ofc_1006_2017.pdf
2017-01-01,1005,COMUNICA TASA INTERES DE ACTUALIZACION - SEPTIEMBRE 2017.,https://www.cmfchile.cl/normativa/ofc_1005_2017.pdf
2017-01-01,1004,INFORMA TASA DE VALORIZACION DE PASIVOS (CIRCULAR N° 1512 DE ENERO DE 2001).,https://www.cmfchile.cl/normativa/ofc_1004_2017.pdf
2017-01-01,1003,"INFORMA VECTOR DE TASAS DE DESCUENTO, VTD, PARA VALORIZACION DE PASIVOS (NCG N° 374 DE ENERO DE 2015)",https://www.cmfchile.cl/normativa/ofc_1003_2017.pdf
2017-01-01,1002,COMUNICA NUEVO VALOR UNIDAD DE SEGURO REAJUSTABLE DE AGOSTO 2017.,https://www.cmfchile.cl/normativa/ofc_1002_2017.pdf
2017-01-01,2226,"MODIFICA CIRCULAR N°2022, DE 17 DE MAYO DE 2011, QUE IMPARTE NORMAS SOBRE FORMA, CONTENIDO Y PRESENTACION DE LOS ESTADOS FINANCIEROS DE LAS ENTIDADES ASEGURADORAS Y REASEGURADORAS.",https://www.cmfchile.cl/normativa/cir_2226_2017.pdf
2017-01-01,1001,INFORMA SOBRE BIENES RAICES SUJETOS DE INVERSION EN RELACION AL GIRO EXCLUSIVO.,https://www.cmfchile.cl/normativa/ofc_1001_2017.pdf
2017-01-01,2225,"SOLICITA APORTES CUMPLIMIENTO DECRETO LEY N° 1757, CORRESPONDIENTES AL MES DE JULIO DE 2007.",https://www.cmfchile.cl/normativa/cir_2225_2017.pdf
2017-01-01,1000,COMUNICA TASA INTERES DE ACTUALIZACION - AGOSTO 2017,https://www.cmfchile.cl/normativa/ofc_1000_2017.pdf
2017-01-01,999,INFORMA TASA DE VALORIZACION DE PASIVOS (CIRCULAR N° 1512 DE ENERO DE 2001),https://www.cmfchile.cl/normativa/ofc_999_2017.pdf
2017-01-01,998,"INFORMA VECTOR DE TASAS DE DESCUENTO, VTD, PARA VALORIZACION DE PASIVOS (NCG N° 374 DE ENERO DE 2015).",https://www.cmfchile.cl/normativa/ofc_998_2017.pdf
2017-01-01,997,COMISIONES MAXIMAS A SER PAGADAS POR LOS FONDOS DE PENSIONES POR SUS INVERSIONES EN LOS INSTRUMENTOS QUE SE INDICAN.,https://www.cmfchile.cl/normativa/ofc_997_2017.pdf
2017-01-01,996,PONE EN CONOCIMIENTO CIRCULAR N°57 DE LA UNIDAD DE ANALISIS FINANCIERO.,https://www.cmfchile.cl/normativa/ofc_996_2017.pdf
2017-01-01,2224,SOLICITA APORTES CUMPLIMIENTO DECRETO LEY N° 1757 CORRESPONDIENTES AL MES DE JUNIO DE 2017.,https://www.cmfchile.cl/normativa/cir_2224_2017.pdf
2017-01-01,995,COMUNICA NUEVO VALOR UNIDAD DE SEGURO REAJUSTABLE DE JULIO 2017.,https://www.cmfchile.cl/normativa/ofc_995_2017.pdf
2017-01-01,994,COMUNICA TASA INTERES DE ACTUALIZACION JULIO 2017.,https://www.cmfchile.cl/normativa/ofc_994_2017.pdf
2017-01-01,419,"MODIFICA NORMA DE CARACTER GENERAL N° 417 DE 8 DE MAYO DE 2017, QUE ESTABLECE NORMAS RELATIVAS A LA CONTRATACION DEL SEGURO DE INCENDIO Y ADICIONALES PARA INMUEBLES DE ESTABLECIMIENTOS EDUCACIONALES ADQUIRIDOS CON CREDITOS CON GARANTIA DE LA CORPORACION DE FOMENTO DE LA PRODUCCION Y SU CONTENIDO.",https://www.cmfchile.cl/normativa/ncg_419_2017.pdf
2017-01-01,993,INFORMA TASA DE VALORIZACION DE PASIVOS (CIRCULAR N° 1512 DE ENERO DE 2001),https://www.cmfchile.cl/normativa/ofc_993_2017.pdf
2017-01-01,992,"INFORMA VECTOR DE TASAS DE DESCUENTO,VTD, PARA VALORIZACION DE PASIVOS (NCG N° 374 DE ENERO DE 2015)",https://www.cmfchile.cl/normativa/ofc_992_2017.pdf
2017-01-01,418,MODIFICA NORMA DE CARACTER GENERAL N° 414 DE LA SUPERINTENDENCIA DE VALORES Y SEGUROS Y NORMA DE CARACTER GENERAL N° 192 DE LA SUPERINTENDENCIA DE PENSIONES,https://www.cmfchile.cl/normativa/ncg_418_2017.pdf
2017-01-01,2223,"SOLICITA APORTES CUMPLIMIENTO DECRETO LEY N° 1.757, CORRESPONDIENTES AL MES DE MAYO DE 2017",https://www.cmfchile.cl/normativa/cir_2223_2017.pdf
,,COMUNICA TASA INTERES DE ACTUALIZACION - JUNIO 2017,javascript: alerta();
2017-01-01,990,COMUNICA NUEVO VALOR UNIDAD DE SEGURO REAJUSTABLE DE JUNIO 2017,https://www.cmfchile.cl/normativa/ofc_990_2017.pdf
2017-01-01,417,ESTABLECE NORMAS RELATIVAS A LA CONTRATACION DEL SEGURO DE INCENDIO Y ADICIONALES PARA INMUEBLES DE ESTABLECIMIENTOS EDUCACIONALES ADQUIRIDOS CON CREDITOS CON GARANTIA DE LA CORPORACION DE FOMENTO DE LA PRODUCCION Y SU CONTENIDO.,https://www.cmfchile.cl/normativa/ncg_417_2017.pdf
2017-01-01,989,INFORMA TASA DE VALORIZACION DE PASIVOS (CIRCULAR N° 1512 DE ENERO DE 2001).,https://www.cmfchile.cl/normativa/ofc_989_2017.pdf
2017-01-01,988,"INFORMA VECTOR DE TASAS DE DESCUENTO, VTD, PARA VALORIZACION DE PASIVOS (NCG N° 374 DE ENERO DE 2015).",https://www.cmfchile.cl/normativa/ofc_988_2017.pdf
2017-01-01,416,"MODIFICA NORMA DE CARACTER GENERAL N° 411, SOBRE CALIFICACION DE LA GARANTIA DE CIERRE DE FAENAS E INSTALACIONES MINERAS.  LEY N° 20.551.",https://www.cmfchile.cl/normativa/ncg_416_2017.pdf
2017-01-01,2222,"SOLICITA APORTES CUMPLIMIENTO DECRETO LEY N° 1.757, CORRESPONDIENTES AL MES DE ABRIL DE 2017.",https://www.cmfchile.cl/normativa/cir_2222_2017.pdf
2017-01-01,987,COMUNICA TASA INTERES DE ACTUALIZACION - MAYO 2017,https://www.cmfchile.cl/normativa/ofc_987_2017.pdf
2017-01-01,986,COMUNICA NUEVO VALOR UNIDAD DE SEGURO REAJUSTABLE DE MAYO 2017.,https://www.cmfchile.cl/normativa/ofc_986_2017.pdf
2017-01-01,985,INFORMA TASA DE VALORIZACION DE PASIVOS (CIRCULAR N° 1512 DE ENERO 2001),https://www.cmfchile.cl/normativa/ofc_985_2017.pdf
2017-01-01,984,"INFORMA VECTOR DE TASAS DE DESCUENTO, VTD, PARA VALORIZACION DE PASIVOS (NCG N° 374 DE ENERO DE 2015)",https://www.cmfchile.cl/normativa/ofc_984_2017.pdf
2017-01-01,415,"MODIFICA NORMA DE CARACTER GENERAL N° 152, SOBRE ACTIVOS REPRESENTATIVOS DE RESERVAS TERNICAS Y PATRIMONIO DE RIESGO.",https://www.cmfchile.cl/normativa/ncg_415_2017.pdf
2017-01-01,2221,"SOLICITA APORTES CUMPLIMIENTO DECRETO LEY N° 1.757, CORRESPONDIENTES AL MES DE MARZO DE 2017.",https://www.cmfchile.cl/normativa/cir_2221_2017.pdf
2017-01-01,983,COMUNICA TASA INTERES DE ACTUALIZACION - ABRIL 2017.,https://www.cmfchile.cl/normativa/ofc_983_2017.pdf
2017-01-01,982,IMPARTE INSTRUCCIONES RELATIVAS A LA MANTENCION DE LA SUSPENSION DE LA  INCORPORACION DE NOTAS ESTRUCTURADAS Y CUALQUIER OTRO ACTIVO QUE TENGA COMO SUBYACENTE INSTRUMENTOS ESTRUCTURADOS EN LA MEDICION DE CALCE Y TSA.,https://www.cmfchile.cl/normativa/ofc_982_2017.pdf
2017-01-01,981,COMUNICA NUEVO VALOR UNIDAD DE SEGURO REAJUSTABLE DE ABRIL 2017,https://www.cmfchile.cl/normativa/ofc_981_2017.pdf
2017-01-01,980,INFORMA TASA DE VALORIZACION DE PASIVOS (CIRCULAR N° 1512 DE ENERO DE 2001).,https://www.cmfchile.cl/normativa/ofc_980_2017.pdf
2017-01-01,979,"INFORMA VECTOR DE TASAS DE DESCUENTO, VTD, PARA VALORIZACION DE PASIVOS NCG N° 374 DE ENERO DE 2015.",https://www.cmfchile.cl/normativa/ofc_979_2017.pdf
2017-01-01,978,COMUNICA TASA INTERES DE ACTUALIZACION - MARZO 2017,https://www.cmfchile.cl/normativa/ofc_978_2017.pdf
2017-01-01,2220,"SOLICITA APORTES CUMPLIMIENTO DECRETO LEY N° 1.757, CORRESPONDIENTES AL MES DE FEBRERO DE 2017",https://www.cmfchile.cl/normativa/cir_2220_2017.pdf
2017-01-01,977,COMUNICA NUEVO VALOR UNIDAD DE SEGURO REAJUSTABLE DE MARZO 2017,https://www.cmfchile.cl/normativa/ofc_977_2017.pdf
2017-01-01,976,INFORMA TASA DE VALORIZACION DE PASIVOS (CIRCULAR N° 1512 DE ENERO DE 2001).,https://www.cmfchile.cl/normativa/ofc_976_2017.pdf
2017-01-01,975,"INFORMA VECTOR DE TASAS DE DESCUENTO, VTD, PARA VALORIZACION DE PASIVOS (NCG N° 374 DE ENERO DE 2015)",https://www.cmfchile.cl/normativa/ofc_975_2017.pdf
2017-01-01,2219,"MODIFICA CIRCULAR N° 2131, QUE IMPARTE INSTRUCCIONES SOBRE ATENCION DE CLIENTES Y TRAMITACION DE CONSULTAS Y REGLAMOS",https://www.cmfchile.cl/normativa/cir_2219_2017.pdf
2017-01-01,414,"IMPARTE INSTRUCCIONES SOBRE EL SISTEMA DE CONSULTAS Y OFERTAS DE MONTOS DE PENSION ESTABLECIDO POR EL ARTÍCULO 61 BIS DEL D.L. N° 3.500, DE 1980.    MODIFICA LA NORMA DE CARACTER GENERAL N° 218 DE LA SUPERINTENDENCIA DE VALORES Y SEGUROS Y EL TÍTULO II DEL LIBRO III DEL COMPENDIO DE NORMAS DE LA SUPERINTENDENCIA DE PENSIONES.",https://www.cmfchile.cl/normativa/ncg_414_2017.pdf
2017-01-01,974,COMUNICA TASA INTERES DE ACTUALIZACION - FEBRERO 2017,https://www.cmfchile.cl/normativa/ofc_974_2017.pdf
2017-01-01,973,COMUNICA NUEVO VALOR UNIDAD DE SEGURO REAJUSTABLE DE FEBRERO 2017.,https://www.cmfchile.cl/normativa/ofc_973_2017.pdf
2017-01-01,972,PRECISA ALCANCE DEL INCISO FINAL DEL ARTICULO 583 DEL CODIGO DE COMERCIO.,https://www.cmfchile.cl/normativa/ofc_972_2017.pdf
2017-01-01,2218,"SOLICITA APORTES CUMPLIMIENTO DECRETO LEY N° 1.757, CORRESPONDIENTES AL MES DE ENERO DE 2017",https://www.cmfchile.cl/normativa/cir_2218_2017.pdf
2017-01-01,971,INFORMA TASA DE VALORIZACION DE PASIVOS (CIRCULAR N° 1512 DE ENERO DE 2001).,https://www.cmfchile.cl/normativa/ofc_971_2017.pdf
2017-01-01,970,"INFORMA VECTOR DE TASAS DE DESCUENTO, VTD, PARA VALORIZACION DE PASIVOS (NCG N° 374 DE ENERO DE 2015).",https://www.cmfchile.cl/normativa/ofc_970_2017.pdf
2016-01-01,2217,"MODIFICA CIRCULAR 1459, QUE IMPARTE NORMAS SOBRE CERTIFICADO SEGURO OBLIGATORIO LEY N° 18490. DEROGA OFICIO CIRCULAR N° 508 DE 2009.",https://www.cmfchile.cl/normativa/cir_2217_2016.pdf
2016-01-01,2216,"IMPARTE INSTRUCCIONES SOBRE IMPLEMENTACION IFRS. MODIFICA CIRCULAR N° 2022, DE 17 DE MAYO DE 2011, QUE IMPARTE NORMAS SOBRE FORMA, CONTENIDO Y PRESENTACION DE LOS ESTADOS FINANCIEROS DE LAS ENTIDADES ASEGURADORAS Y REASEGURADORAS.",https://www.cmfchile.cl/normativa/cir_2216_2016.pdf
2016-01-01,413,"MODIFICA NCG 306, QUE IMPARTE INSTRUCCIONES SOBRE CONSTITUCIÓN DE RESERVAS TECNICAS EN SEGUROS DISTINTOS DE LOS PREVISIONALES DEL D.L. 3500 DE 1980",https://www.cmfchile.cl/normativa/ncg_413_2016.pdf
2016-01-01,2215,SOLICITA APORTES CUMPLIMIENTO DECRETO LEY N° 1.757 CORRESPONDIENTES AL MES DE DICIEMBRE DE 2016.,https://www.cmfchile.cl/normativa/cir_2215_2016.pdf
2016-01-01,969,COMUNICA TASA INTERES DE ACTUALIZACION - ENERO 2017.,https://www.cmfchile.cl/normativa/ofc_969_2016.pdf
2016-01-01,968,COMUNICA NUEVO VALOR UNIDAD DE SEGURO REAJUSTABLE DE ENERO DE 2017.,https://www.cmfchile.cl/normativa/ofc_968_2016.pdf
2016-01-01,967,INFORMA TASA DE VALORIZACION DE PASIVOS (CIRCULAR N° 1512 DE ENERO DE 2001).,https://www.cmfchile.cl/normativa/ofc_967_2016.pdf
2016-01-01,966,"REEMPLAZA OFICIOS CIRCULARES N° 7.267, DE 2000, Y N° 219, DE 2004.",https://www.cmfchile.cl/normativa/ofc_966_2016.pdf
2016-01-01,965,"INFORMA VECTOR DE TASAS DE DESCUENTO, VTD, PARA VALORIZACION DE PASIVOS (NCG N° 374 DE ENERO DE 2015).",https://www.cmfchile.cl/normativa/ofc_965_2016.pdf
2016-01-01,964,COMUNICA TASA INTERES DE ACTUALIZACION - DICIEMBRE 2016,https://www.cmfchile.cl/normativa/ofc_964_2016.pdf
2016-01-01,2214,"SOLICITA APORTES CUMPLIMIENTO DECRETO LEY N° 1.757, CORRESPONDIENTES AL MES DE NOVIEMBRE DE 2016",https://www.cmfchile.cl/normativa/cir_2214_2016.pdf
2016-01-01,963,COMUNICA NUEVO VALOR UNIDAD DE SEGURO REAJUSTABLE DE DICIEMBRE 2016.,https://www.cmfchile.cl/normativa/ofc_963_2016.pdf
2016-01-01,962,INFORMA TASA DE VALORIZACION DE PASIVOS (CIRCULAR N° 1512 DE ENERO DE 2001),https://www.cmfchile.cl/normativa/ofc_962_2016.pdf
2016-01-01,961,"INFORMA VECTOR DE TASAS DE DESCUENTO, VTD, PARA VALORIZACION DE PASIVOS (NCG N° 374 DE ENERO DE 2015).",https://www.cmfchile.cl/normativa/ofc_961_2016.pdf
2016-01-01,2213,"MODIFICA LAS LETRAS A Y B DEL TITULO XVI DEL LIBRO III DEL COMPENDIO DE NORMAS DEL SISTEMA DE PENSIONES, LAS CIRCULARES N°S. 2775 Y 2868 DE LA SUPERINTENDENCIA DE SEGURIDAD SOCIAL Y LAS CIRCULARES N°S. 2045 Y 2084 DE LA SUPERINTENDENCIA DE VALORES Y SEGUROS",https://www.cmfchile.cl/normativa/cir_2213_2016.pdf
2016-01-01,2212,MODIFICA LA LETRA K DEL TITULO V DEL LIBRO III DEL COMPENDIO DE NORMAS DEL SISTEMA DE PENSIONES Y LA CIRCULAR N° 1928 DE LA SUPERINTENDENCIA DE VALORES Y SEGUROS.,https://www.cmfchile.cl/normativa/cir_2212_2016.pdf
2016-01-01,2211,"MODIFICA CIRCULAR N° 1713, DE  08.04.2004, SOBRE ENVÍO DE INFORMACIÓN MENSUAL DE MUTUOS HIPOTECARIOS ENDOSABLES.",https://www.cmfchile.cl/normativa/cir_2211_2016.pdf
2016-01-01,960,COMUNICA TASA INTERES DE ACTUALIZACION -  NOVIEMBRE 2016.,https://www.cmfchile.cl/normativa/ofc_960_2016.pdf
2016-01-01,2210,MODIFICA CIRCULAR N° 1.003 DE 1991 EN LOS TERMINOS QUE INDICA,https://www.cmfchile.cl/normativa/cir_2210_2016.pdf
2016-01-01,959,INFORMA TASA DE VALORIZACION DE PASIVOS (CIRCULAR N° 1512 DE ENERO DE 2001),https://www.cmfchile.cl/normativa/ofc_959_2016.pdf
2016-01-01,958,COMUNICA NUEVO VALOR UNIDAD DE SEGURO REAJUSTABLE DE NOVIEMBRE 2016.,https://www.cmfchile.cl/normativa/ofc_958_2016.pdf
2016-01-01,2209,"SOLICITA APORTES CUMPLIMIENTO DECRETO LEY N° 1.757, CORRESPONDIENTES AL MES DE OCTUBRE DE 2016",https://www.cmfchile.cl/normativa/cir_2209_2016.pdf
2016-01-01,957,"INFORMA VECTOR DE TASAS DE DESCUENTO, VTD, PARA VALORIZACION DE PASIVOS (NCG N° 374 DE ENERO DE 2015).",https://www.cmfchile.cl/normativa/ofc_957_2016.pdf
2016-01-01,956,"CERTIFICADO SEGURO OBLIGATORIO, LEY N° 18490.",https://www.cmfchile.cl/normativa/ofc_956_2016.pdf
2016-01-01,955,COMUNICA NUEVO VALOR UNIDAD DE SEGURO REAJUSTABLE DE OCTUBRE 2016.,https://www.cmfchile.cl/normativa/ofc_955_2016.pdf
2016-01-01,954,COMUNICA TASA INTERES DE ACTUALIZACION - OCTUBRE 2016.,https://www.cmfchile.cl/normativa/ofc_954_2016.pdf
2016-01-01,2208,"MODIFICA CIRCULAR N° 1194, QUE ESTABLECE NORMAS PARA EL ENVIO DE INFORMACION DE SEGUROS PREVISIONALES E INDICES DE COBERTURA DEL SISTEMA DE CALCE EN MEDIOS MAGNETICOS",https://www.cmfchile.cl/normativa/cir_2208_2016.pdf
2016-01-01,2207,"SOLICITA APORTES CUMPLIMIENTO DECRETO LEY N° 1757, CORRESPONDIENTES AL MES DE SEPTIEMBRE DE 2016.",https://www.cmfchile.cl/normativa/cir_2207_2016.pdf
2016-01-01,412,"ESTABLECE FORMA, PERIODICIDAD Y EXIGENCIAS QUE DEBEN CUMPLIRSE PARA EFECTOS DE LA ACREDITACION DE CONOCIMIENTOS.",https://www.cmfchile.cl/normativa/ncg_412_2016.pdf
2016-01-01,953,INFORMA TASA DE VALORIZACION DE PASIVOS (CIRCULAR N° 1512 DE ENERO DE 2001),https://www.cmfchile.cl/normativa/ofc_953_2016.pdf
2016-01-01,952,"INFORMA VECTOR DE TASAS DE DESCUENTO, VTD, PARA VALORIZACION DE PASIVOS (NCG N° 374 DE ENERO DE 2105)",https://www.cmfchile.cl/normativa/ofc_952_2016.pdf
2016-01-01,411,CALIFICACION DE LA GARANTIA DE CIERRE DE FAENAS E INSTALACIONES MINERAS. LEY N° 20.551.,https://www.cmfchile.cl/normativa/ncg_411_2016.pdf
2016-01-01,2206,"SOLICITA APORTES CUMPLIMIENTO DECRETO LEY N° 1757, CORRESPONDIENTES AL MES DE AGOSTO DE 2016",https://www.cmfchile.cl/normativa/cir_2206_2016.pdf
2016-01-01,951,COMUNICA NUEVO VALOR UNIDAD DE SEGUROS REAJUSTABLE DE SEPTIEMBRE 2016,https://www.cmfchile.cl/normativa/ofc_951_2016.pdf
2016-01-01,950,COMUNICA TASA INTERES DE ACTUALIZACION - SEPTIEMBRE 2016,https://www.cmfchile.cl/normativa/ofc_950_2016.pdf
2016-01-01,949,INFORMA TASA DE VALORIZACION DE PASIVOS (CIRCULAR N° 1512 DE ENERO DE 2001),https://www.cmfchile.cl/normativa/ofc_949_2016.pdf
2016-01-01,948,"INFORMA VECTOR DE TASAS DE DESCUENTO, VTD, PARA VALORIZACION DE PASIVOS (NCG N° 374 DE ENERO DE 2015).",https://www.cmfchile.cl/normativa/ofc_948_2016.pdf
2016-01-01,410,"SEÑALA ENTIDADES QUE SERAN CONSIDERADAS INVERSIONISTA INSTITUCIONAL.
PRECISA ALCANCE DE LA DEFINICION CONTENIDA EN LA LETRA E) DEL ARTICULO 4° BIS DE LA LEY 18.045.
MODIFICA NORMA DE CARACTER GENERAL N° 291 DE 2010.",https://www.cmfchile.cl/normativa/ncg_410_2016.pdf
2016-01-01,947,PRECISA ALCANCE DEL CODIGO DE COMERCIO EN RELACION AL DENOMINADO DEDUCIBLE PROVISORIO O ESPECIAL.,https://www.cmfchile.cl/normativa/ofc_947_2016.pdf
2016-01-01,946,COMUNICA TASA INTERES DE ACTUALIZACION - AGOSTO 2016,https://www.cmfchile.cl/normativa/ofc_946_2016.pdf
2016-01-01,2205,SOLICITA APORTES CUMPLIMIENTO DECRETO LEY N° 1.757 CORRESPONDIENTES AL MES DE JULIO DE 2016,https://www.cmfchile.cl/normativa/cir_2205_2016.pdf
2016-01-01,945,COMUNICA NUEVO VALOR UNIDAD DE SEGURO REAJUSTABLE DE AGOSTO 2016,https://www.cmfchile.cl/normativa/ofc_945_2016.pdf
2016-01-01,944,INFORMA TASA DE VALORIZACION DE PASIVOS (CIRCULAR N° 1512 DE ENERO DE 2001),https://www.cmfchile.cl/normativa/ofc_944_2016.pdf
2016-01-01,943,IMPARTE INSTRUCCIONES EN RELACION A LA APLICACIÓN DE LAS TABLAS DE MORTALIDAD 2014 EN EL CALCULO DEL TEST DE SUFICIENCIA DE ACTIVOS (TSA),https://www.cmfchile.cl/normativa/ofc_943_2016.pdf
2016-01-01,942,"INFORMA VECTOR DE TASAS DE DESCUENTO, VTD, PARA VALORIZACION DE PASIVOS (NCG N° 374 DE ENERO DE 2015)",https://www.cmfchile.cl/normativa/ofc_942_2016.pdf
2016-01-01,941,COMISIONES MAXIMAS A SER PAGADAS POR LOS FONDOS DE PENSIONES POR SUS INVERSIONES EN LOS INSTRUMENTOS QUE SE INDICAN,https://www.cmfchile.cl/normativa/ofc_941_2016.pdf
2016-01-01,940,COMUNICA TASA INTERES DE ACTUALIZACION JULIO 2016.,https://www.cmfchile.cl/normativa/ofc_940_2016.pdf
2016-01-01,939,COMUNICA NUEVO VALOR UNIDAD DE SEGURO REAJUSTABLE DE JULIO 2016.,https://www.cmfchile.cl/normativa/ofc_939_2016.pdf
2016-01-01,2204,"SOLICITA APORTES CUMPLIMIENTO DECRETO LEY N° 1.757, CORRESPONDIENTES AL MES DE JUNIO DE 2016.",https://www.cmfchile.cl/normativa/cir_2204_2016.pdf
2016-01-01,938,INFORMA TASA DE VALORIZACION DE PASIVOS (CIRCULAR N° 1512 DE ENERO DE 2001),https://www.cmfchile.cl/normativa/ofc_938_2016.pdf
2016-01-01,937,"INFORMA VECTOR DE TASAS DE DESCUENTO, VTD, PARA VALORIZACION DE PASIVOS (NCG N° 374 DE ENERO DE 2015)",https://www.cmfchile.cl/normativa/ofc_937_2016.pdf
2016-01-01,936,COMUNICA TASA INTERES DE ACTUALIZACION - JUNIO 2016,https://www.cmfchile.cl/normativa/ofc_936_2016.pdf
2016-01-01,2203,"SOLICITA APORTES CUMPLIMIENTO DECRETO LEY N° 1757, CORRESPONDIENTES AL MES DE MAYO DE 2016.",https://www.cmfchile.cl/normativa/cir_2203_2016.pdf
2016-01-01,935,COMUNICA NUEVO VALOR UNIDAD DE SEGURO REAJUSTABLE DE JUNIO DE 2016,https://www.cmfchile.cl/normativa/ofc_935_2016.pdf
2016-01-01,934,INFORMA TASA DE VALORIZACION DE PASIVOS (CIRCULAR N° 1512 DE ENERO DE 2001).,https://www.cmfchile.cl/normativa/ofc_934_2016.pdf
2016-01-01,933,"INFORMA VECTOR DE TASAS DE DESCUENTO, VTD, PARA VALORIZACION DE PASIVOS (NCG N° 374 DE ENERO DE 2015)",https://www.cmfchile.cl/normativa/ofc_933_2016.pdf
2016-01-01,2202,MODIFICA CIRCULAR N° 1835 DE FECHA 23.04.2007,https://www.cmfchile.cl/normativa/cir_2202_2016.pdf
2016-01-01,2201,"SOLICITA APORTES CUMPLIMIENTO DECRETO LEY N° 1.757, CORRESPONDIENTES AL MES DE ABRIL DE 2016",https://www.cmfchile.cl/normativa/cir_2201_2016.pdf
2016-01-01,932,COMUNICA TASA INTERES DE ACTUALIZACION - MAYO 2016,https://www.cmfchile.cl/normativa/ofc_932_2016.pdf
2016-01-01,931,COMUNICA NUEVO VALOR UNIDAD DE SEGURO REAJUSTABLE DE MAYO 2016,https://www.cmfchile.cl/normativa/ofc_931_2016.pdf
2016-01-01,409,"1.SEÑALA LA FORMA DE PRESENTAR LA SOLICITUD DE INSCRIPCION EN EL REGISTRO ESPECIAL DE ADMINISTRADORES DE MANDATO.
2.ESTABLECE LAS CONDICIONES QUE DEBERAN CUMPLIR LOS APODERADOS DE ENTIDADES AUTORIZADOS PARA ADMINISTRAR ACTIVOS DE TERCEROS, CONSTITUIDAS EN EL EXTRANJERO, PARA DESEMPEÑARSE COMO MANDATARIOS DEL MANDATO ESPECIAL DE ADMINISTRACION DE CARTERA DE VALORES.
3.DEFINE EL CONTENIDO DEL PLAN DE LIQUIDACION DE LOS VALORES QUE INTEGRAN EL PATRIMONIO SUJETO AL MANDATO ESPECIAL DE ...",https://www.cmfchile.cl/normativa/ncg_409_2016.pdf
2016-01-01,930,INFORMA TASA DE VALORIZACION DE PASIVOS (CIRCULAR N° 1512 DE ENERO DE 2001),https://www.cmfchile.cl/normativa/ofc_930_2016.pdf
2016-01-01,929,"INFORMA VECTOR DE TASAS DE DESCUENTO, VTD, PARA VALORIZACION DE PASIVOS (NCG N° 374 DE ENERO DE 2015)",https://www.cmfchile.cl/normativa/ofc_929_2016.pdf
2016-01-01,408,"MODIFICA NCG N° 309, QUE ESTABLECE PRINCIPIOS DE GOBIERNO CORPORATIVO EN ENTIDADES ASEGURADORAS Y REASEGURADORAS.",https://www.cmfchile.cl/normativa/ncg_408_2016.pdf
2016-01-01,2200,"MODIFICA CIRCULAR N° 2.193, DE 24.12.2015, SOBRE ENVIO DE INFORMACION MENSUAL DE MUTUOS HIPOTECARIOS ENDOSABLES",https://www.cmfchile.cl/normativa/cir_2200_2016.pdf
2016-01-01,928,COMUNICA TASA INTERES DE ACTUALIZACION -  ABRIL 2016.,https://www.cmfchile.cl/normativa/ofc_928_2016.pdf
2016-01-01,2199,"SOLICITA APORTES CUMPLIMIENTO DECRETO LEY N° 1.757, CORRESPONDIENTE AL MES DE MARZO DE 2016.",https://www.cmfchile.cl/normativa/cir_2199_2016.pdf
2016-01-01,407,MODIFICA NORMA DE CARACTER GENERAL N° 302 DE 2011 EN LOS TERMINOS QUE INDICA.,https://www.cmfchile.cl/normativa/ncg_407_2016.pdf
2016-01-01,927,COMUNICA NUEVO VALOR UNIDAD DE SEGURO REAJUSTABLE DE ABRIL 2016.,https://www.cmfchile.cl/normativa/ofc_927_2016.pdf
2016-01-01,926,INFORMA TASA DE VALORIZACION DE PASIVOS (CIRCULAR N° 1512 DE ENERO DE 2001),https://www.cmfchile.cl/normativa/ofc_926_2016.pdf
2016-01-01,406,"MODIFICA NCG N° 306, QUE IMPARTE INSTRUCCIONES SOBRE CONSTITUCION DE RESERVAS TECNICAS EN SEGUROS DISTINTOS DE LOS PREVISIONALES DEL D.L. N° 3.500, DE 1980.",https://www.cmfchile.cl/normativa/ncg_406_2016.pdf
2016-01-01,405,"MODIFICA NCG N° 318, QUE IMPARTE INSTRUCCIONES SOBRE APLICACION DE NORMAS IFRS EN LA CONSTITUCION DE RESERVAS TECNICAS DE LOS SEGUROS DE RENTA VITALICIA Y DE INVALIDEZ Y SOBREVIVENCIA, DEL D.L. N° 3.500 DE 1980.",https://www.cmfchile.cl/normativa/ncg_405_2016.pdf
2016-01-01,925,"COMUNICA TASA DE INTERES DE ACTUALIZACION-MARZO 2016.  DEROGA OFICIO CIRCULAR N° 923, DE 11.02.2016",https://www.cmfchile.cl/normativa/ofc_925_2016.pdf
2016-01-01,924,"INFORMA VECTOR DE TASAS DE DESCUENTO, VTD, PARA VALORIZACION DE PASIVOS (NCG N° 374 DE ENERO DE 2015).",https://www.cmfchile.cl/normativa/ofc_924_2016.pdf
2016-01-01,2198,"SOLICITA APORTES CUMPLIMIENTO DECRETO LEY N°1757, CORRESPONDIENTES AL MES DE FEBRERO 2016.",https://www.cmfchile.cl/normativa/cir_2198_2016.pdf
2016-01-01,923,COMUNICA TASA INTERES DE ACTUALIZACION - MARZO 2016.,https://www.cmfchile.cl/normativa/ofc_923_2016.pdf
2016-01-01,922,COMUNICA NUEVO VALOR UNIDAD DE SEGURO REAJUSTABLE DE MARZO 2016.,https://www.cmfchile.cl/normativa/ofc_922_2016.pdf
2016-01-01,921,INFORMA TASA DE VALORIZACION DE PASIVOS (CIRCULAR N° 1512 DE ENERO DE 2001),https://www.cmfchile.cl/normativa/ofc_921_2016.pdf
2016-01-01,920,"INFORMA VECTOR DE TASAS DE DESCUENTO, VTD, PARA VALORIZACION DE PASIVOS (NCG N° 374 DE ENERO DE 2015).",https://www.cmfchile.cl/normativa/ofc_920_2016.pdf
2016-01-01,2197,"IMPARTE INSTRUCCIONES SOBRE APLICACION DE TABLAS DE MORTALIDAD CB-2014, RV-2014, B-2014, MI-2014, FIJADAS POR NORMA DE CARACTER GENERAL N° 398, DE 20 DE NOVIEMBRE DE 2015.",https://www.cmfchile.cl/normativa/cir_2197_2016.pdf
2016-01-01,404,"MODIFICA NCG 306, QUE IMPARTE INSTRUCCIONES SOBRE CONSTITUCION DE RESERVAS TECNICAS EN SEGUROS DISTINTOS DE LOS PREVISIONALES DEL D.L. N° 3500, DE 1980.",https://www.cmfchile.cl/normativa/ncg_404_2016.pdf
2016-01-01,2196,"MODIFICA LAS LETRAS A Y B DEL TITULO XVI DEL LIBRO III DEL COMPENDIO DE NORMAS DEL SISTEMA DE PENSIONES, LAS CIRCULARES N° 2775 Y 2868 DE LA SUPERINTENDENCIA DE SEGURIDAD SOCIAL Y LAS CIRCULARES N° 2045 Y 2084 DE LA SUPERINTENDENCIA DE VALORES Y SEGUROS.",https://www.cmfchile.cl/normativa/cir_2196_2016.pdf
2016-01-01,403,"ESTABLECE CONDICIONES QUE DEBEN CUMPLIRSE PARA LA ADQUISICION DE VIVIENDAS CON PROMESA DE COMPRAVENTA, POR PARTE DE FONDOS FISCALIZADOS Y SOCIEDADES SECURITIZADORAS.",https://www.cmfchile.cl/normativa/ncg_403_2016.pdf
2016-01-01,2195,MODIFICA CIRCULAR N° 1459 DE DICIEMBRE DE 1999 QUE IMPARTE NORMAS SOBRE CERTIFICADO SEGURO OBLIGATORIO LEY N° 18.490,https://www.cmfchile.cl/normativa/cir_2195_2016.pdf
2016-01-01,2194,SOLICITA APORTES CUMPLIMIENTO DECRETO LEY N° 1.757 CORRESPONDIENTES AL MES DE ENERO DE 2016,https://www.cmfchile.cl/normativa/cir_2194_2016.pdf
2016-01-01,919,COMUNICA TASA INTERES DE ACTUALIZACION - FEBRERO 2016,https://www.cmfchile.cl/normativa/ofc_919_2016.pdf
2016-01-01,918,COMUNICA NUEVO VALOR UNIDAD DE SEGURO REAJUSTABLE DE FEBRERO 2016,https://www.cmfchile.cl/normativa/ofc_918_2016.pdf
2016-01-01,917,INFORMA TASA DE VALORIZACION DE PASIVOS (CIRCULAR N° 1512 DE ENERO DE 2001),https://www.cmfchile.cl/normativa/ofc_917_2016.pdf
2016-01-01,916,MODIFICA OFICIO CIRCULAR N° 374 DE 2006,https://www.cmfchile.cl/normativa/ofc_916_2016.pdf
2016-01-01,915,"INFORMA VECTOR DE TASAS DE DESCUENTO, VTD, PARA VALORIZACION DE PASIVOS (NCG N° 374 DE ENERO DE 2015)",https://www.cmfchile.cl/normativa/ofc_915_2016.pdf
2016-01-01,914,SOLICITA INFORMACION QUE INDICA,https://www.cmfchile.cl/normativa/ofc_914_2016.pdf
2015-01-01,2193,"MODIFICA CIRCULAR N° 1713 DE 08.04.2004, SOBRE ENVIO DE INFORMACION MENSUAL DE MUTUOS HIPOTECARIOS ENDOSABLES.",https://www.cmfchile.cl/normativa/cir_2193_2015.pdf
2015-01-01,402,CUMPLIMIENTO DEL ARTICULO 9° BIS DEL DFL 251 DE 1931.,https://www.cmfchile.cl/normativa/ncg_402_2015.pdf
2015-01-01,401,"MODIFICA NORMA DE CARACTER GENERAL N° 311, SOBRE VALORIZACION DE INVERSIONES.",https://www.cmfchile.cl/normativa/ncg_401_2015.pdf
2015-01-01,400,"MODIFICA NORMA DE CARACTER GENERAL N° 152, SOBRE ACTIVOS REPRESENTATIVOS DE RESERVAS TECNICAS Y PATRIMONIO DE RIESGO.",https://www.cmfchile.cl/normativa/ncg_400_2015.pdf
2015-01-01,913,COMUNICA TASA INTERES DE ACTUALIZACION ENERO 2016,https://www.cmfchile.cl/normativa/ofc_913_2015.pdf
2015-01-01,2192,"SOLICITA APORTES CUMPLIMIENTO DECRETO LEY N° 1757, MODIFICADO POR LEY N° 19798, DE 25 DE ABRIL DE 2002, CORRESPONDIENTES AL MES DE DICIEMBRE 2015.",https://www.cmfchile.cl/normativa/cir_2192_2015.pdf
2015-01-01,912,COMUNICA NUEVO VALOR UNIDAD DE SEGURO REAJUSTABLE DE ENERO 2016,https://www.cmfchile.cl/normativa/ofc_912_2015.pdf
2015-01-01,2191,MODIFICA CIRCULAR N° 2171 DE 2015 EN LOS TERMINOS QUE INDICA,https://www.cmfchile.cl/normativa/cir_2191_2015.pdf
2015-01-01,911,INFORMA TASA DE VALORIZACION DE PASIVOS (CIRCULAR N° 1512 DE ENERO DE 2001).,https://www.cmfchile.cl/normativa/ofc_911_2015.pdf
2015-01-01,910,"INFORMA VECTOR DE TASAS DE DESCUENTO, VTD, PARA VALORIZACION DE PASIVOS (NCG N° 374 DE ENERO DE 2015)",https://www.cmfchile.cl/normativa/ofc_910_2015.pdf
2015-01-01,399,"MODIFICA NORMA DE CARACTER GENERAL N° 200 DE 2006, SOBRE OPERACIONES DE COBERTURA DE RIESGOS FINANCIEROS, INVERSIÓN EN PRODUCTOS DERIVADOS FINANCIEROS Y OPERACIONES DE PRESTAMO DE ACCIONES.",https://www.cmfchile.cl/normativa/ncg_399_2015.pdf
2015-01-01,398,"FIJA TABLAS DE MORTALIDAD CB-H-2014 (HOMBRES), MI-H-2014 (HOMBRES), RV-M-2014 (MUJERES), B-M-2014 (MUJERES), Y MI-M-2014 (MUJERES)",https://www.cmfchile.cl/normativa/ncg_398_2015.pdf
2015-01-01,909,COMUNICA TASA INTERES DE ACTUALIZACION DICIEMBRE 2015,https://www.cmfchile.cl/normativa/ofc_909_2015.pdf
2015-01-01,908,COMUNICA NUEVO VALOR UNIDAD DE SEGURO REAJUSTABLE DE DICIEMBRE 2015.,https://www.cmfchile.cl/normativa/ofc_908_2015.pdf
2015-01-01,2190,"SOLICITA APORTES CUMPLIMIENTO DECRETO LEY N° 1.757, MODIFICADO POR LEY N° 19.798 DE 25 DE ABRIL DE 2002 CORRESPONDIENTES AL MES DE NOVIEMBRE DE 2015",https://www.cmfchile.cl/normativa/cir_2190_2015.pdf
2015-01-01,397,MODIFICA LA NCG 136 QUE ESTABLECE NORMAS RELATIVAS AL OTORGAMIENTO Y ADQUISICION DE MUTUOS HIPOTECARIOS ENDOSABLES POR LAS ENTIDADES ASEGURADORAS Y REASEGURADORAS Y AL REGISTRO Y OPERACION DE LOS AGENTES ADMINISTRADORES DE MUTUOS HIPOTECARIOS ENDOSABLES,https://www.cmfchile.cl/normativa/ncg_397_2015.pdf
2015-01-01,907,INFORMA TASA DE VALORIZACION DE PASIVOS CIRCULAR N° 1512 DE ENERO DE 2001.,https://www.cmfchile.cl/normativa/ofc_907_2015.pdf
2015-01-01,906,"INFORMA VECTOR DE TASAS DE DESCUENTO, VTD, PARA VALORIZACION DE PASIVOS (NCG N° 374 DE ENERO DE 2015)",https://www.cmfchile.cl/normativa/ofc_906_2015.pdf
2015-01-01,905,ACLARA ASPECTOS RELACIONADOS CON EL ARTICULO 24 TRANSITORIO DE LA LEY 20780 EN LO REFERIDO A LAS MATERIAS DE COMPETENCIA DE LA SUPERINTENDENCIA DE VALORES Y SEGUROS.,https://www.cmfchile.cl/normativa/ofc_905_2015.pdf
2015-01-01,2189,"MODIFICA LA LETRA B DEL TITULO XVI DEL LIBRO III DEL COMPENDIO DE NORMAS DEL SISTEMA DE PENSIONES, LA CIRCULAR N° 2868 DE LA SUPERINTENDENCIA DE SEGURIDAD SOCIAL Y LA CIRCULAR N° 2084 DE LA SUPERINTENDENCIA DE VALORES Y SEGUROS",https://www.cmfchile.cl/normativa/cir_2189_2015.pdf
2015-01-01,904,COMUNICA TASA INTERES DE ACTUALIZACION NOVIEMBRE 2015,https://www.cmfchile.cl/normativa/ofc_904_2015.pdf
2015-01-01,903,COMUNICA NUEVO VALOR UNIDAD DE SEGURO REAJUSTABLE DE NOVIEMBRE 2015.,https://www.cmfchile.cl/normativa/ofc_903_2015.pdf
2015-01-01,2188,SOLICITA APORTES CUMPLIMIENTO DECRETO LEY N° 1.757 MODIFICADO POR LEY N° 19.798 DE 25 DE ABRIL DE 2002 CORRESPONDIENTES AL MES DE OCTUBRE DE 2015,https://www.cmfchile.cl/normativa/cir_2188_2015.pdf
2015-01-01,902,INFORMA TASA DE VALORIZACION DE PASIVOS CIRCULAR N° 1512 DE ENERO DE 2001,https://www.cmfchile.cl/normativa/ofc_902_2015.pdf
2015-01-01,901,"INFORMA VECTOR DE TASAS DE DESCUENTO, VTD, PARA VALORIZACION DE PASIVOS (NCG N° 374 DE ENERO DE 2015)",https://www.cmfchile.cl/normativa/ofc_901_2015.pdf
2015-01-01,2187,"MODIFICA CIRCULAR N° 2062, QUE INSTRUYE RESPECTO AL TRATAMIENTO DE RECALCULO DE PENSION, EN POLIZAS DE SEGUROS DE RENTA VITALICIA DEL D.L. N° 3538, DE 1980",https://www.cmfchile.cl/normativa/cir_2187_2015.pdf
2015-01-01,396,MODIFICA NCG N° 136 QUE ESTABLECE NORMAS RELATIVAS AL OTORGAMIENTO Y ADQUISICION DE MUTUOS HIPOTECARIOS ENDOSABLES POR LAS ENTIDADES ASEGURADORAS Y REASEGURADORAS Y AL REGISTRO Y OPERACION DE LOS AGENTES ADMINISTRADORES DE MUTUOS HIPOTECARIOS ENDOSABLES,https://www.cmfchile.cl/normativa/ncg_396_2015.pdf
2015-01-01,2186,SOLICITA APORTES CUMPLIMIENTO DECRETO LEY N° 1.757 MODIFICADO POR LEY N° 19.798 DE 25 DE ABRIL DE 2002 CORRESPONDIENTES AL MES DE SEPTIEMBRE DE 2015,https://www.cmfchile.cl/normativa/cir_2186_2015.pdf
2015-01-01,395,MODIFICA EL TITULO VII DEL LIBRO V SOBRE ASPECTOS ADMINISTRATIVOS Y OPERACIONALES DE LAS ADMINISTRADORAS DE FONDOS DE PENSIONES Y DEL INSTITUTO DE PREVISION SOCIAL DEL COMPENDIO DE NORMAS DEL SISTEMA DE PENSIONES Y LA NORMA DE CARACTER GENERAL N° 234 DE LA SUPERINTENDENCIA DE VALORES Y SEGUROS.,https://www.cmfchile.cl/normativa/ncg_395_2015.pdf
2015-01-01,394,MODIFICA EL TITULO II DEL LIBRO III SOBRE BENEFICIOS PREVISIONALES DEL COMPENDIO DE NORMAS DEL SISTEMA DE PENSIONES Y LA NORMA DE CARACTER GENERAL N° 218 DE LA SUPERINTENDENCIA DE VALORES Y SEGUROS,https://www.cmfchile.cl/normativa/ncg_394_2015.pdf
2015-01-01,393,MODIFICA NORMA DE CARACTER GENERAL N° 208 QUE ESTABLECE NORMAS RELATIVAS AL OTORGAMIENTO DE PRESTAMOS DE DINERO A PERSONAS NATURALES Y JURIDICAS POR PARTE DE LAS ENTIDADES ASEGURADORAS.,https://www.cmfchile.cl/normativa/ncg_393_2015.pdf
2015-01-01,392,MODIFICA NORMA DE CARACTER GENERAL N° 342 QUE REGULA EL SISTEMA DE INFORMACION DE CONSULTAS DE SEGUROS ESTABLECIDO EN EL ARTICULO 12 DEL D.F.L. N° 251 DE 1931.,https://www.cmfchile.cl/normativa/ncg_392_2015.pdf
2015-01-01,900,COMUNICA NUEVO VALOR UNIDAD DE SEGURO REAJUSTABLE DE OCTUBRE 2015,https://www.cmfchile.cl/normativa/ofc_900_2015.pdf
2015-01-01,899,COMUNICA TASA INTERES DE ACTUALIZACION OCTUBRE 2015,https://www.cmfchile.cl/normativa/ofc_899_2015.pdf
2015-01-01,2185,MODIFICA CIRCULAR N° 2095 QUE ESTABLECE NORMAS PARA EL ENVIO DE INFORMACION DE SEGUROS DE INVALIDEZ Y SOBREVIVENCIA.,https://www.cmfchile.cl/normativa/cir_2185_2015.pdf
2015-01-01,2184,MODIFICA CIRCULAR N° 1194 QUE ESTABLECE NORMAS PARA EL ENVIO DE INFORMACION DE SEGUROS PREVISIONALES E INDICES DE COBERTURA DEL SISTEMA DE CALCE EN MEDIOS MAGNETICOS.,https://www.cmfchile.cl/normativa/cir_2184_2015.pdf
2015-01-01,391,MODIFICA NCG 243 QUE IMPARTE INSTRUCCIONES RELATIVAS A LA CONSTITUCION DE RESERVAS TECNICAS EN SEGURO DE INVALIDEZ Y SOBREVIVENCIA DEL D.L. N° 3500 DE 1980.,https://www.cmfchile.cl/normativa/ncg_391_2015.pdf
2015-01-01,898,INFORMA TASA DE VALORIZACION DE PASIVOS CIRCULAR N° 1512 DE ENERO DE 2001,https://www.cmfchile.cl/normativa/ofc_898_2015.pdf
2015-01-01,897,INFORMA VECTOR DE TASAS DE DESCUENTO VTD PARA VALORIZACION DE PASIVOS (NCG N° 374 DE ENERO DE 2015),https://www.cmfchile.cl/normativa/ofc_897_2015.pdf
2015-01-01,2183,MODIFICA CIRCULAR N° 2180 QUE IMPARTE INSTRUCCIONES SOBRE COMERCIALIZACION DE SEGUROS CON CUENTA UNICA DE INVERSION (CUI),https://www.cmfchile.cl/normativa/cir_2183_2015.pdf
2015-01-01,390,"1. AUTORIZA INSTRUMENTOS BIENES Y CONTRATOS EN QUE PODRAN EFECTUARSE APORTES Y PAGARSE RESCATES.
2. DEROGA NORMA DE CARACTER GENERAL N° 312 DE 2011",https://www.cmfchile.cl/normativa/ncg_390_2015.pdf
2015-01-01,389,MODIFICA NORMA DE CARACTER GENERAL N° 376 DE 2015,https://www.cmfchile.cl/normativa/ncg_389_2015.pdf
2015-01-01,896,COMUNICA TASA INTERES DE ACTUALIZACION SEPTIEMBRE 2015,https://www.cmfchile.cl/normativa/ofc_896_2015.pdf
2015-01-01,2182,SOLICITA APORTES CUMPLIMIENTO DECRETO LEY N°1757 MODIFICADO POR LEY N° 19798 DE 25 DE ABRIL DE 2002 CORRESPONDIENTES AL MES DE AGOSTO 2015,https://www.cmfchile.cl/normativa/cir_2182_2015.pdf
2015-01-01,895,COMUNICA NUEVO VALOR UNIDAD DE SEGURO REAJUSTABLE DE SEPTIEMBRE 2015,https://www.cmfchile.cl/normativa/ofc_895_2015.pdf
2015-01-01,894,INFORMA TASA DE VALORIZACION DE PASIVOS CIRCULAR N° 1512 DE ENERO 2001,https://www.cmfchile.cl/normativa/ofc_894_2015.pdf
2015-01-01,893,"INFORMA VECTOR DE TASAS DE DESCUENTO, VTD, PARA VALORIZACION DE PASIVOS (NCG N° 374 DE ENERO DE 2015)",https://www.cmfchile.cl/normativa/ofc_893_2015.pdf
2015-01-01,2181,"SOLICITA APORTES CUMPLIMIENTO DECRETO LEY N° 1.757, MODIFICADO POR LEY N° 19.798, DE 25 DE ABRIL DE 2002, CORRESPONDIENTES AL MES DE JULIO DE 2015",https://www.cmfchile.cl/normativa/cir_2181_2015.pdf
2015-01-01,892,COMUNICA NUEVO VALOR UNIDAD DE SEGURO REAJUSTABLE DE AGOSTO 2015,https://www.cmfchile.cl/normativa/ofc_892_2015.pdf
2015-01-01,891,COMUNICA TASA INTERES DE ACTUALIZACION - AGOSTO 2015,https://www.cmfchile.cl/normativa/ofc_891_2015.pdf
2015-01-01,388,MODIFICA EL TITULO VIII DEL LIBRO V SOBRE ASESORIA PREVISIONAL DEL COMPENDIO DE NORMAS DEL SISTEMA DE PENSIONES Y LA NCG N° 221 DE LA SUPERINTENDENCIA DE VALORES Y SEGUROS,https://www.cmfchile.cl/normativa/ncg_388_2015.pdf
2015-01-01,890,INFORMA TASA DE VALORIZACION DE PASIVOS CIRCULAR N° 1512 DE ENERO DE 2001,https://www.cmfchile.cl/normativa/ofc_890_2015.pdf
2015-01-01,889,INFORMA VECTOR DE TASAS DE DESCUENTO VTD PARA VALORIZACION DE PASIVOS NCG N° 374 DE ENERO DE 2015,https://www.cmfchile.cl/normativa/ofc_889_2015.pdf
2015-01-01,888,COMISIONES MAXIMAS A SER PAGADAS POR LOS FONDOS DE PENSIONES POR SUS INVERSIONES EN LOS INSTRUMENTOS QUE SE INDICAN,https://www.cmfchile.cl/normativa/ofc_888_2015.pdf
2015-01-01,2180,IMPARTE INSTRUCCIONES SOBRE COMERCIALIZACION DE SEGUROS CON CUENTA UNICA DE INVERSION (CUI),https://www.cmfchile.cl/normativa/cir_2180_2015.pdf
2015-01-01,2179,IMPARTE INSTRUCCIONES DE ENVIO DE INFORMACION DE GRANDES RIESGOS. NCG 53 DE 2 ENERO DE 1995,https://www.cmfchile.cl/normativa/cir_2179_2015.pdf
2015-01-01,387,"MODIFICA NCG N° 306, QUE IMPARTE INSTRUCIONES SOBRE CONSTITUCION DE RESERVAS TECNICAS EN SEGUROS DISTINTOS DE LOS PREVISIONALES DEL D.L. N° 3.500, DE 1980",https://www.cmfchile.cl/normativa/ncg_387_2015.pdf
2015-01-01,887,COMUNICA TASA INTERES DE ACTUALIZACION JULIO 2015,https://www.cmfchile.cl/normativa/ofc_887_2015.pdf
2015-01-01,2178,"SOLICITA APORTES CUMPLIMIENTO DECRETO LEY N° 1.757 MODIFICADO POR LEY N° 19.798, DE 25 DE ABRIL DE 2002, CORRESPONDIENTES AL MES DE JUNIO DE 2015",https://www.cmfchile.cl/normativa/cir_2178_2015.pdf
2015-01-01,886,COMUNICA NUEVO VALOR UNIDAD DE SEGURO REAJUSTABLE DE JULIO 2015.,https://www.cmfchile.cl/normativa/ofc_886_2015.pdf
2015-01-01,386,MODIFICA NORMA DE CARACTER GENERAL N° 30 DE 1989 EN LOS TERMINOS QUE INDICA,https://www.cmfchile.cl/normativa/ncg_386_2015.pdf
2015-01-01,385,"ESTABLECE NORMAS PARA LA DIFUSION DE INFORMACION RESPECTO DE LAS PRACTICAS DE GOBIERNO CORPORATIVO ADOPTADOS POR LAS SOCIEDADES ANONIMAS ABIERTAS.
DEROGA NORMA DE CARACTER GENERAL N° 341 DE 2012",https://www.cmfchile.cl/normativa/ncg_385_2015.pdf
2015-01-01,885,INFORMA TASA DE VALORIZACION DE PASIVOS CIRCULAR N° 1512 DE ENERO DE 2001,https://www.cmfchile.cl/normativa/ofc_885_2015.pdf
2015-01-01,884,INFORMA VECTOR DE TASAS DE DESCUENTO VTD PARA VALORIZACION DE PASIVOS (NCG N° 374 DE ENERO DE 2015),https://www.cmfchile.cl/normativa/ofc_884_2015.pdf
2015-01-01,384,"MODIFICA NORMA DE CARACTER GENERAL N° 152, SOBRE ACTIVOS REPRESENTATIVOS DE RESERVAS TECNICAS Y PATRIMONIO DE RIESGO",https://www.cmfchile.cl/normativa/ncg_384_2015.pdf
2015-01-01,883,COMUNICA TASA INTERES DE ACTUALIZACION -JUNIO 2015,https://www.cmfchile.cl/normativa/ofc_883_2015.pdf
2015-01-01,882,COMUNICA NUEVO VALOR UNIDAD DE SEGURO REAJUSTABLE DE JUNIO 2015,https://www.cmfchile.cl/normativa/ofc_882_2015.pdf
2015-01-01,2177,SOLICITA APORTES CUMPLIMIENTO DECRETO LEY N° 1757 MODIFICADO POR LEY  N° 19798 DE 25 DE ABRIL DE 2002 CORRESPONDIENTES AL MES DE MAYO 2015,https://www.cmfchile.cl/normativa/cir_2177_2015.pdf
2015-01-01,881,INFORMA TASA DE VALORIZACION DE PASIVOS (CIRCULAR N° 1512 DE ENERO DE 2001),https://www.cmfchile.cl/normativa/ofc_881_2015.pdf
2015-01-01,880,INFORMA VECTOR DE TASAS DE DESCUENTO VTD PARA VALORIZACION DE PASIVOS (NCG N° 374 DE ENERO DE 2015),https://www.cmfchile.cl/normativa/ofc_880_2015.pdf
2015-01-01,2176,"SOLICITA APORTES CUMPLIMIENTO DECRETO LEY N° 1.757, MODIFICADO POR LEY N° 19.798, DE 25 DE ABRIL DE 2002, CORRESPONDIENTES AL MES DE ABRIL DE 2015",https://www.cmfchile.cl/normativa/cir_2176_2015.pdf
2015-01-01,879,COMUNICA TASA INTERES DE ACTUALIZACION - MAYO 2015,https://www.cmfchile.cl/normativa/ofc_879_2015.pdf
2015-01-01,878,COMUNICA NUEVO VALOR UNIDAD DE SEGURO REAJUSTABLE DE MAYO DE 2015,https://www.cmfchile.cl/normativa/ofc_878_2015.pdf
2015-01-01,877,INFORMA TASA DE VALORIZACION DE PASIVOS (CIRCULAR N° 1512 DE ENERO DE 2001),https://www.cmfchile.cl/normativa/ofc_877_2015.pdf
2015-01-01,876,"INFORMA VECTOR DE TASAS DE DESCUENTO, VTD, PARA VALORIZACION DE PASIVOS (NCG N° 374 DE ENERO DE 2015)",https://www.cmfchile.cl/normativa/ofc_876_2015.pdf
2015-01-01,383,AUTORIZA ACTIVIDADES COMPLEMENTARIAS A ADMINISTRADORAS DE FONDOS.  DEROGA CIRCULAR N° 1.566 DE 2001 Y SUS MODIFICACIONES,https://www.cmfchile.cl/normativa/ncg_383_2015.pdf
2015-01-01,382,ESTABLECE REQUISITOS DE INFORMACION EN COLOCACIONES DE INSTRUMENTOS DE DEUDA PARA EFECTOS DEL ARTICULO 104 DE LA LEY SOBRE IMPUESTO A LA RENTA.  MODIFICA NORMA DE CARACTER GENERAL N° 30 DE 1989,https://www.cmfchile.cl/normativa/ncg_382_2015.pdf
2015-01-01,381,MODIFICA EL TITULO VII DEL LIBRO V DEL COMPENDIO DE NORMAS DEL SISTEMA DE PENSIONES Y LA NORMA DE CARACTER GENERAL N° 234 DE LA SUPERINTENDENCIA DE VALORES Y SEGUROS QUE ESTABLECEN UNA REGULACION CONJUNTA PARA LA CONTRATACION DEL SEGURO DE INVALIDEZ Y SOBREVIVENCIA,https://www.cmfchile.cl/normativa/ncg_381_2015.pdf
2015-01-01,875,COMUNICA TASA INTERES DE ACTUALIZACION ABRIL 2015,https://www.cmfchile.cl/normativa/ofc_875_2015.pdf
2015-01-01,2175,SOLICITA APORTES CUMPLIMIENTO DECRETO LEY N° 1.757 MODIFICADO POR LEY N° 19.798 DE 25 DE ABRIL DE 2002 CORRESPONDIENTES AL MES DE MARZO 2015,https://www.cmfchile.cl/normativa/cir_2175_2015.pdf
2015-01-01,874,COMUNICA NUEVO VALOR UNIDAD DE SEGURO REAJUSTABLE DE ABRIL 2015,https://www.cmfchile.cl/normativa/ofc_874_2015.pdf
2015-01-01,380,"REGULA EL ACTUAR DE LOS CORREDORES DE BOLSA, AGENTES DE VALORES Y CORREDORES DE BOLSA DE PRODUCTOS RESPECTO DE SU RELACION CON EL CLIENTE.  ESTABLECE REQUISITOS Y DOCUMENTACION QUE DEBEN MANTENER LOS INTERMEDIARIOS.  DEROGA NORMAS DE CARACTER  GENERAL N° 12 DE 1982 Y N° 203 DE 2006 Y CIRCULARES N° 549 DE 1985 Y N° 1177 DE 1994",https://www.cmfchile.cl/normativa/ncg_380_2015.pdf
2015-01-01,873,INFORMA TASA DE VALORIZACION DE PASIVOS CIRCULAR N° 1512 DE ENERO DE 2001,https://www.cmfchile.cl/normativa/ofc_873_2015.pdf
2015-01-01,872,EFECTUA ACLARACIONES QUE INDICA,https://www.cmfchile.cl/normativa/ofc_872_2015.pdf
2015-01-01,871,COMUNICA NUEVO VALOR UNIDAD DE SEGURO REAJUSTABLE DE MARZO 2015,https://www.cmfchile.cl/normativa/ofc_871_2015.pdf
2015-01-01,870,COMUNICA TASA INTERES DE ACTUALIZACION - MARZO 2015,https://www.cmfchile.cl/normativa/ofc_870_2015.pdf
2015-01-01,2174,SOLICITA APORTES CUMPLIMIENTO DECRETO LEY N° 1.757 MODIFICADO POR LEY N° 19.798 DE 25 DE ABRIL DE 2002 CORRESPONDIENTES AL MES DE FEBRERO DE 2015,https://www.cmfchile.cl/normativa/cir_2174_2015.pdf
2015-01-01,869,INFORMA TASA DE VALORIZACION DE PASIVOS (CIRCULAR N° 1512 DE ENERO DE 2001),https://www.cmfchile.cl/normativa/ofc_869_2015.pdf
2015-01-01,379,"MODIFICACIONES A LA NORMA DE CARACTER GENERAL SVS N° 330, CIRCULAR SBIF BANCOS N° 3.530, COOPERATIVAS N° 147 Y FILIALES N° 62 QUE REGULA LA CONTRATACION INDIVIDUAL Y COLECTIVA DE SEGUROS ASOCIADOS A CREDITOS HIPOTECARIOS, CONDICIONES MINIMAS QUE DEBERAN CONTEMPLAR LAS BASES DE LICITACION DE ESTOS E INFORMACION QUE SE DEBERA ENTREGAR A LOS DEUDORES ASEGURADOS",https://www.cmfchile.cl/normativa/ncg_379_2015.pdf
2015-01-01,378,MODIFICA EL TITULO IV DEL LIBRO II DEL COMPENDIO DE NORMAS DEL SISTEMA DE PENSIONES LA NORMA DE CARACTER N° 227 DE LA SUPERINTENDENCIA DE VALORES Y SEGUROS Y LA CIRCULAR N° 3446 DE LA SUPERINTENDENCIA DE BANCOS E INSTITUCIONES FINANCIERAS QUE ESTABLECE REGULACIONES COMUNES EN RELACION AL AHORRO PREVISIONAL VOLUNTARIO COLECTIVO,https://www.cmfchile.cl/normativa/ncg_378_2015.pdf
2015-01-01,868,IMPARTE INSTRUCCIONES RELATIVAS A MANTENCIÓN DE LA SUSPENSIÓN DE LA INCORPORACIÓN DE NOTAS ESTRUCTURADAS Y CUALQUIER OTRO ACTIVO QUE TENGA COMO SUBYACENTE INSTRUMENOS ESTRUCTURADOS EN LA MEDICIÓN DE CALCE Y TSA. DEROGA OFICIO CIRCULAR N° 774 DE 2013.,https://www.cmfchile.cl/normativa/ofc_868_2015.pdf
2015-01-01,2173,MODIFICA CIRCULAR N° 2062 QUE INSTRUYE RESPECTO AL TRATAMIENTO DE RECALCULO DE PENSION EN POLIZAS DE SEGUROS DE RENTA VITALICIA DEL D.L. N° 3.500 DE 1980,https://www.cmfchile.cl/normativa/cir_2173_2015.pdf
2015-01-01,2172,MODIFICA CIRCULAR N° 2151 DE 05 DE JUNIO DE 2014 QUE IMPARTE INSTRUCCIONES PARA ENVIO DE INFORMACION DE PRODUCTOS COMERCIALIZADOS Y DE RESERVAS TECNICAS BAJO NORMA DE CARACTER GENERAL 306,https://www.cmfchile.cl/normativa/cir_2172_2015.pdf
2015-01-01,377,IMPARTE NORMAS SOBRE  CONTRATACION DE SEGUROS DE RENTAS VITALICIAS DEL D.L. N° 3.500 DE 1980.   REMPLAZA NORMA DE CARACTAR GENERAL N° 163 DE 21 DE JUNIO DE 2004,https://www.cmfchile.cl/normativa/ncg_377_2015.pdf
2015-01-01,2171,"AUTORIZA PLANES DE AHORRO PREVISIONAL VOLUNTARIO Y PLANES DE AHORRO PREVISIONAL VOLUNTARIO COLECTIVO E IMPARTE INSTRUCCIONES SOBRE LA MATERIA.
DEROGA CIRCULAR N° 1.898 DE 2008",https://www.cmfchile.cl/normativa/cir_2171_2015.pdf
2015-01-01,376,"16/05/1997 
  
15/04/2004 
  
09/03/2001 
  
06/10/2005 
  
29/12/2005 
  
28/12/2006 
  
24/05/2011 
  
29/06/2011 
  
15/05/1986 
  
06/12/1989 
  
02/02/1990 
  
02/02/1990 
  
18/03/1991 
  
28/03/1991 
  
20/09/1991 
  
28/02/1992 
  
23/07/1992 
  
08/09/1994 
  
29/05/1995 
  
08/01/1996 
  
25/01/1996 
  
10/08/1998 
  
16/01/2001 
  
17/01/2002 
  
19/07/2005 
  
07/03/2006 
  
31/12/2010 
  
26/08/2011 
  
28/10/2011 
  
20/01/2009 
  
27/03/2002 
  
29/08/2008 
  
19/01/2009 
  
22/01/2001 
  
26/08/1992 
  
20/07/1990 
  
01/12/1994 
  
06/02/1995 
  
26/11/2001 
  
22/01/2001 
  
28/04/2006 
  
03/02/2010 
  
20/04/2011 
  
10/05/1988 
  
30/01/1990 
  
20/03/1995 
  
08/04/2004 
  
12/03/2004 
  
25/08/2009 
  
22/01/2001 
  
20/07/1990 
  
30/01/1998 
  
17/07/2013 
  
24/01/2005 
  
24/06/2011 
  
09/12/1994 
  
12/07/2000",https://www.cmfchile.cl/normativa/ncg_376_2015.pdf
2015-01-01,375,MODIFICA NORMAS DE CARACTER GENERAL N° 30 DE 1989 Y N° 201 DE 2006,https://www.cmfchile.cl/normativa/ncg_375_2015.pdf
2015-01-01,374,MODIFICA NORMA DE CARACTER GENERAL N° 318 SOBRE APLICACION DE NORMAS IFRS EN LA CONSTITUCION DE RESERVAS TECNICAS DE LOS SEGUROS DE RENTA VITALICIA Y DE INVALIDEZ Y SOBREVIVENCIA DEL D.L. N° 3.500 DE 1980,https://www.cmfchile.cl/normativa/ncg_374_2015.pdf
2015-01-01,373,MODIFICA NORMA DE CARACTER GENERAL N° 209 QUE IMPARTE INSTRUCCIONES RELATIVAS AL ANALISIS DE SUFICIENCIA DE ACTIVOS (TSA) EN SEGUROS DE RENTAS VITALICIAS,https://www.cmfchile.cl/normativa/ncg_373_2015.pdf
2015-01-01,2170,SOLICITA APORTES CUMPLIMIENTO DECRETO LEY N° 1.757 MODIFICADO POR LEY N° 19.798 DE 25 DE ABRIL DE 2002 CORRESPONDIENTES AL MES DE ENERO DE 2015,https://www.cmfchile.cl/normativa/cir_2170_2015.pdf
2015-01-01,867,COMUNICA NUEVO VALOR UNIDAD DE SEGURO REAJUSTABLE DE FEBRERO 2015,https://www.cmfchile.cl/normativa/ofc_867_2015.pdf
2015-01-01,866,COMUNICA TASA INTERES DE ACTUALIZACION - FEBRERO 2015,https://www.cmfchile.cl/normativa/ofc_866_2015.pdf
2015-01-01,865,PRECISA ALCANCE DE ALGUNAS DISPOSICIONES DEL NUEVO TITULO VIII DEL LIBRO II DEL CODIGO DE COMERCIO,https://www.cmfchile.cl/normativa/ofc_865_2015.pdf
2015-01-01,864,INFORMA TASA DE VALORIZACION DE PASIVOS (CIRCULAR N° 1512 DE ENERO DE 2001,https://www.cmfchile.cl/normativa/ofc_864_2015.pdf
2015-01-01,863,REGULA REINSCRIPCION DE CORREDORES Y LIQUIDADORES ELIMINADOS DEL REGISTRO,https://www.cmfchile.cl/normativa/ofc_863_2015.pdf
2014-01-01,2169,"MODIFICA CIRCULAR N° 2143, DE 24 DE ENERO DE 2014",https://www.cmfchile.cl/normativa/cir_2169_2014.pdf
2014-01-01,2168,"MODIFICA CIRCULAR N° 2.137, DE 13 DE ENERO DE 2014",https://www.cmfchile.cl/normativa/cir_2168_2014.pdf
2014-01-01,2167,"MODIFICA CIRCULAR Nº 2110, DE 2013",https://www.cmfchile.cl/normativa/cir_2167_2014.pdf
2014-01-01,2166,"AUTORIZA CIERRE DE OPERACIONES DE FONDOS QUE INDICA, EL 31 DE DICIEMBRE DE CADA AÑO",https://www.cmfchile.cl/normativa/cir_2166_2014.pdf
2014-01-01,2165,"SOLICITA APORTES CUMPLIMIENTO DECRETO LEY Nº 1.757, MODIFICADO POR LEY Nº 19.798, DE 25 DE ABRIL DE 2002, CORRESPONDIENTES AL MES DE DICIEMBRE 2014",https://www.cmfchile.cl/normativa/cir_2165_2014.pdf
2014-01-01,862,COMUNICA TASA INTERES DE ACTUALIZACION - ENERO 2015,https://www.cmfchile.cl/normativa/ofc_862_2014.pdf
2014-01-01,861,COMUNICA NUEVO VALOR UNIDAD DE SEGURO REAJUSTABLE DE ENERO 2015.,https://www.cmfchile.cl/normativa/ofc_861_2014.pdf
2014-01-01,372,"MODIFICA NORMA DE CARACTER GENERAL Nº 91, REFERIDA A AGENTES DE VENTAS DE SEGUROS DE RENTAS VITALICIAS DEL D.L. Nº 3.500 DE 1980",https://www.cmfchile.cl/normativa/ncg_372_2014.pdf
2014-01-01,2164,MODIFICA CIRCULAR Nº 1806 QUE IMPARTE INSTRUCCIONES SOBRE PROVISIONES PARA MUTUOS HIPOTECARIOS ENDOSABLES,https://www.cmfchile.cl/normativa/cir_2164_2014.pdf
2014-01-01,371,"MODIFICA NORMA DE CARACTER GENERAL Nº 311 DE 2011, SOBRE VALORIZACION DE INVERSIONES",https://www.cmfchile.cl/normativa/ncg_371_2014.pdf
2014-01-01,860,INFORMA TASA DE VALORIZACION DE PASIVOS (CIRCULAR Nº 1512 DE ENERO DE 2001),https://www.cmfchile.cl/normativa/ofc_860_2014.pdf
2014-01-01,2163,"MODIFICA CIRCULAR Nº 1815, QUE ESTABLECE NORMAS PARA EL ENVIO DE INFORMACION SOBRE POLIZAS DE RENTA VITALICIA PREVISIONAL DEL D.L. Nº 3.500 DE 1980.",https://www.cmfchile.cl/normativa/cir_2163_2014.pdf
2014-01-01,370,"ESTABLECE REGULACIONES PARA LA FUSION, DIVISION Y TRANSFORMACION DE FONDOS O SUS SERIES.
MODIFICA SECCION III DE LA NORMA DE CARACTER GENERAL Nº 365 DE 2014
DEROGA CIRCULAR Nº 2.023 DE 2011",https://www.cmfchile.cl/normativa/ncg_370_2014.pdf
2014-01-01,859,COMUNICA NUEVO VALOR UNIDAD DE SEGURO REAJUSTABLE DE DICIEMBRE 2014,https://www.cmfchile.cl/normativa/ofc_859_2014.pdf
2014-01-01,858,COMUNICA TASA INTERES DE ACTUALIZACION - DICIEMBRE 2014,https://www.cmfchile.cl/normativa/ofc_858_2014.pdf
2014-01-01,2162,"SOLICITA APORTES CUMPLIMIENTO DECRETO LEY Nº 1.757, MODIFICADO POR LEY Nº 19.798, DE 25 DE ABRIL DE 2002, CORREPONDIENTES AL MES DE NOVIEMBRE 2014",https://www.cmfchile.cl/normativa/cir_2162_2014.pdf
2014-01-01,857,INFORMA TASA DE VALORIZACION DE PASIVOS (CIRCULAR Nº 1512 DE ENERO DE 2001),https://www.cmfchile.cl/normativa/ofc_857_2014.pdf
2014-01-01,2161,MODIFICA CIRCULAR N° 1194 QUE ESTABLECE NORMAS PARA EL ENVIO DE INFORMACION DE SEGUROS PREVISIONALES DEL D.L. N° 3.500,https://www.cmfchile.cl/normativa/cir_2161_2014.pdf
2014-01-01,856,ESTABLECE FORMA EXCEPCIONAL DE CONTABILIZACION DE LOS CAMBIOS EN ACTIVOS Y PASIVOS POR IMPUESTOS DIFERIDOS PRODUCIDOS POR LA LEY N° 20.780,https://www.cmfchile.cl/normativa/ofc_856_2014.pdf
2014-01-01,2160,SOLICITA APORTES CUMPLIMIENTO DECRETO LEY N° 1.757 MODIFICADO OR LEY N° 19.798 DE 25 DE ABRIL DE 2002 CORRESPONDIENTES AL MES DE OCTUBRE 2014,https://www.cmfchile.cl/normativa/cir_2160_2014.pdf
2014-01-01,855,COMUNICA NUEVO VALOR UNIDAD DE SEGURO REAJUSTABLE DE NOVIEMBRE 2014,https://www.cmfchile.cl/normativa/ofc_855_2014.pdf
2014-01-01,854,COMUNICA TASA INTERES DE ACTUALIZACION - NOVIEMBRE 2014,https://www.cmfchile.cl/normativa/ofc_854_2014.pdf
2014-01-01,369,MODIFICA NORMA DE CARACTER GENERAL N° 295 DE 2010 EN LOS TERMINOS QUE INDICA,https://www.cmfchile.cl/normativa/ncg_369_2014.pdf
2014-01-01,853,INFORMA TASA DE VALORIZACION DE PASIVOS (CIRCULAR Nº 1512 DE ENERO DE 2001,https://www.cmfchile.cl/normativa/ofc_853_2014.pdf
2014-01-01,368,REGULA FORMA Y CONTENIDO DEL REGISTRO DE APORTANTES.  DEROGA CIRCULAR N° 2025 DE 2011 Y SUS MODIFICACIONES,https://www.cmfchile.cl/normativa/ncg_368_2014.pdf
2014-01-01,852,COMUNICA TASA INTERES DE ACTUALIZACION - OCTUBRE 2014,https://www.cmfchile.cl/normativa/ofc_852_2014.pdf
2014-01-01,851,COMUNICA NUEVO VALOR UNIDAD DE SEGURO REAJUSTABLE DE OCTUBRE DE 2014,https://www.cmfchile.cl/normativa/ofc_851_2014.pdf
2014-01-01,2159,SOLICITA APORTES CUMPLIMIENTO DECRETO LEY N° 1.757 MODIFICADO POR LEY 19.798 DE 25 DE ABRIL DE 2002 CORRESPONDIENTES AL MES DE SEPTIEMBRE DE 2014,https://www.cmfchile.cl/normativa/cir_2159_2014.pdf
2014-01-01,850,INFORMA TASA DE VALORIZACION DE PASIVOS (CIRCULAR Nº 1512 DE ENERO DE 2001,https://www.cmfchile.cl/normativa/ofc_850_2014.pdf
2014-01-01,2158,"SOLICITA APORTES CUMPLIMIENTO DECRETO LEY Nº 1.757, MODIFICADO POR LEY Nº 19.798, DE 25 DE ABRIL DE 2002, CORRESPONDIENTES AL MES DE AGOSTO 2014.",https://www.cmfchile.cl/normativa/cir_2158_2014.pdf
2014-01-01,2157,"IMPARTE INSTRUCCIONES RESPECTO DE LA FORMA DE ENVIO DE LA INFORMCION REQUERIDA EN LA NCG Nº 330, RELATIVA A LICITACIONES DE SEGUROS ART. 40 D.FL.251, DE 1931.",https://www.cmfchile.cl/normativa/cir_2157_2014.pdf
2014-01-01,849,COMUNICA TASA INTERES DE ACTUALIZACION - SEPTIEMBRE 2014,https://www.cmfchile.cl/normativa/ofc_849_2014.pdf
2014-01-01,848,COMUNICA NUEVO VALOR UNIDAD DE SEGURO REAJUSTABLE DE SEPTIEMBRE 2014.,https://www.cmfchile.cl/normativa/ofc_848_2014.pdf
2014-01-01,847,INFORMA TASA DE VALORIZACION DE PASIVOS (CIRCULAR N° 1512 DE 2001),https://www.cmfchile.cl/normativa/ofc_847_2014.pdf
2014-01-01,846,COMISIONES MAXIMAS A SER PAGADAS POR LOS FONDOS DE PENSIONES POR SUS INVERSIONES EN LOS INSTRUMENTOS QUE SE INDICAN,https://www.cmfchile.cl/normativa/ofc_846_2014.pdf
2014-01-01,367,"AUTORIZA TRANSACCIONES DE VALORES EXTRANJEROS FUERA DE BOLSA, EN LOS TERMINOS QUE INDICA.",https://www.cmfchile.cl/normativa/ncg_367_2014.pdf
2014-01-01,366,"IMPARTE INSTRUCCIONES SOBRE LA NEGOCIACION DE VALORES EXTRANJEROS EN CHILE. 
DEROGA NORMA DE CARACTER GENERAL Nº 240 DE 2009 Y CIRCULAR Nº 1.768 DE 2005.",https://www.cmfchile.cl/normativa/ncg_366_2014.pdf
2014-01-01,2156,"SOLICITA APORTES CUMPLIMIENTO DECRETO LEY Nº 1.757, MODIFICADO POR LEY Nº 19.798, DE 25 DE ABRIL DE 2002, CORRESPONDIENTES AL MES DE JULIO 2014.",https://www.cmfchile.cl/normativa/cir_2156_2014.pdf
2014-01-01,845,COMUNICA TASA INTERES DE ACTUALIZACION - AGOSTO 2014,https://www.cmfchile.cl/normativa/ofc_845_2014.pdf
2014-01-01,844,COMUNICA NUEVO VALOR UNIDAD DE SEGURO REAJUSTABLE DE AGOSTO 2014,https://www.cmfchile.cl/normativa/ofc_844_2014.pdf
2014-01-01,843,INFORMA TASA DE VALORIZACION DE PASIVOS (CIRCULAR N° 1512 DE ENERO DE 2001),https://www.cmfchile.cl/normativa/ofc_843_2014.pdf
2014-01-01,2155,"MODIFICA CIRCULAR Nº 1240, DE 1995, QUE AUTORIZA A LAS ENTIDADES ASEGURADORAS Y REASEGURADORAS CONSTITUIR O PARTICIPAR EN EL EXTRANJERO EN SOCIEDADES FILIALES DE SU MISMO OBJETO EXCLUSIVO.",https://www.cmfchile.cl/normativa/cir_2155_2014.pdf
2014-01-01,2154,"MODIFICA CIRCULARES Nº 1.951 DE 2009 Y 1.965 DE 2010, EN LOS TERMINOS QUE INDICA",https://www.cmfchile.cl/normativa/cir_2154_2014.pdf
2014-01-01,2153,"MODIFICA CIRCULAR Nº 2137, DE 13.01.2014",https://www.cmfchile.cl/normativa/cir_2153_2014.pdf
2014-01-01,2152,SOLICITA APORTES CUMPLIMIENTO DECRETO LEY N° 1.757 MODIFICADO POR LEY N° 19.798 DE 25 DE ABRIL DE 2002 CORRESPONDIENTES AL MES DE JUNIO DE 2014,https://www.cmfchile.cl/normativa/cir_2152_2014.pdf
2014-01-01,842,COMUNICA NUEVO VALOR UNIDAD DE SEGURO REAJUSTABLE DE JULIO 2014,https://www.cmfchile.cl/normativa/ofc_842_2014.pdf
2014-01-01,841,COMUNICA TASA INTERES DE ACTUALIZACION JULIO 2014,https://www.cmfchile.cl/normativa/ofc_841_2014.pdf
2014-01-01,2151,"IMPARTE INSTRUCIONES PARA ENVIO DE INFORMACION DE PRODUCTOS COMERCIALIZADOS Y DE RESERVAS TECNICAS BAJO NORMA DE CARACTER GENERAL N° 306.
DEROGA OFICIO CIRCULAR N° 383 DE 29/01/2007",https://www.cmfchile.cl/normativa/cir_2151_2014.pdf
2014-01-01,840,INFORMA TASA DE VALORIZACION DE PASIVOS CIRCULAR 1512 DE ENERO DE 2001,https://www.cmfchile.cl/normativa/ofc_840_2014.pdf
2014-01-01,2150,SOLICITA APORTES CUMPLIMIENTO DECRETO LEY N° 1.757 MODIFICADO POR LEY N° 19.798 DE 25 DE ABRIL DE 2002 CORRESPONDIENTES AL MES DE MAYO DE 2014,https://www.cmfchile.cl/normativa/cir_2150_2014.pdf
2014-01-01,839,COMUNICA TASA INTERES DE ACTUALIZACION -JUNIO 2014,https://www.cmfchile.cl/normativa/ofc_839_2014.pdf
2014-01-01,838,COMUNICA NUEVO VALOR UNIDAD DE SEGURO REAJUSTABLE DE JUNIO DE 2014,https://www.cmfchile.cl/normativa/ofc_838_2014.pdf
2014-01-01,365,"ESTABLECE CONTENIDOS MINIMOS DE REGLAMENTOS Y TEXTOS DE CONTRATOS DE FONDOS, REGULA PROCEDIMIENTO DE DEPOSITO E IMPARTE INSTRUCCIONES RESPECTO A LAS MODIFICACIONES INTRODUCIDAS A LOS ANTECEDENTES DEPOSITADOS.   DEROGA CIRCULARES N° 1.538 DE 2001, N° 1.754 DE 2005, N° 1.841 DE 2007, N° 1.947 DE 2009, N° 2.027 DE 2011 Y N° 2.032 DE 2011 Y OFICIOS CIRCULARES N° 19 DE 2001, N° 417 DE 2007 Y N° 704 DE 2011",https://www.cmfchile.cl/normativa/ncg_365_2014.pdf
2014-01-01,837,INFORMA TASA DE VALORIZACION DE PASIVOS (CIRCULAR N° 1512 DE ENERO DE 2001),https://www.cmfchile.cl/normativa/ofc_837_2014.pdf
2014-01-01,836,SOLICITA INFORMES QUE INDICA,https://www.cmfchile.cl/normativa/ofc_836_2014.pdf
2014-01-01,364,"ESTABLECE REQUISITOS DE INSCRIPCION DE ENTIDADES INFORMANTES DEL ARTICULO 7° DE LA LEY N° 18.045 Y DEL ARTICULO 90 DE LA LEY N° 20.712 Y OBLIGACIONES DE INFORMACION A ESAS ENTIDADES.
DEROGA NORMA DE CARACTER GENERAL N° 284 Y NORMA DE CARACTER GENERAL N° 285 DE 2010 Y CIRCULAR N° 1954 DE 2009",https://www.cmfchile.cl/normativa/ncg_364_2014.pdf
2014-01-01,363,ESTABLECE NORMAS Y REQUISITOS DE INSCRIPCION Y FUNCIONAMIENTO DEL REGISTRO DE ADMINISTRADORAS DE CARTERAS,https://www.cmfchile.cl/normativa/ncg_363_2014.pdf
2014-01-01,2149,MODIFICA CIRCULAR N° 2.131 QUE IMPARTE INSTRUCCIONES SOBRE ATENCION DE CLIENTES Y TRAMITACION DE CONSULTAS Y RECLAMOS,https://www.cmfchile.cl/normativa/cir_2149_2014.pdf
2014-01-01,835,COMUNICA NUEVO VALOR UNIDAD DE SEGURO REAJUSTABLE DE MAYO 2014,https://www.cmfchile.cl/normativa/ofc_835_2014.pdf
2014-01-01,834,COMUNICA TASA INTERES DE ACTUALIZACION MAYO 2014,https://www.cmfchile.cl/normativa/ofc_834_2014.pdf
2014-01-01,2148,IMPARTE INSTRUCCIONES SOBRE COMERCIALIZACION TELEFONICA DE SEGUROS DEROGA CIRCULAR N° 1587,https://www.cmfchile.cl/normativa/cir_2148_2014.pdf
2014-01-01,2147,SOLICITA APORTES CUMPLIMIENTO DECRETO LEY N° 1757 MODIFICADO POR LEY N° 19798 DE 25 DE ABRIL DE 2002 CORRESPONDIENTES AL MES DE ABRIL 2014,https://www.cmfchile.cl/normativa/cir_2147_2014.pdf
2014-01-01,833,INFORMA TASA DE VALORIZACION DE PASIVOS CIRCULAR 1512 DE ENERO DE 2001,https://www.cmfchile.cl/normativa/ofc_833_2014.pdf
2014-01-01,832,SOLICITA INFORMACION EN RELACION CON EL TERREMOTO ACAECIDO EL 1 DE ABRIL DE 2014,https://www.cmfchile.cl/normativa/ofc_832_2014.pdf
2014-01-01,831,COMUNICA TASA INTERES DE ACTUALIZACION - ABRIL 2014,https://www.cmfchile.cl/normativa/ofc_831_2014.pdf
2014-01-01,830,COMUNICA NUEVO VALOR UNIDAD DE SEGURO REAJUSTABLE DE ABRIL 2014,https://www.cmfchile.cl/normativa/ofc_830_2014.pdf
2014-01-01,2146,SOLICITA APORTES CUMPLIMIENTO DECRETO LEY N° 1757 MODIFICADO POR LEY 19798 DE 25 DE ABRIL DE 2002 CORRESPONDIENTES AL MES DE MARZO 2014,https://www.cmfchile.cl/normativa/cir_2146_2014.pdf
2014-01-01,362,ESTABLECE REQUISITOS Y CONDICIONES PARA LA REALIZACION DE ACTIVIDADES COMPLEMENTARIAS POR PARTE DE LAS ENTIDADES CLASIFICADORAS DE RIESGO,https://www.cmfchile.cl/normativa/ncg_362_2014.pdf
2014-01-01,361,"09/06/1988 
  
31/05/1990 
  
09/06/1988 
  
13/05/1993 
  
19/02/2001 
  
27/05/1991 
  
08/09/1994 
  
02/03/1995 
  
22/01/2001 
  
10/09/2002 
  
30/11/1989 
  
20/01/1992 
  
27/07/1992 
  
01/02/1989 
  
08/09/1994",https://www.cmfchile.cl/normativa/ncg_361_2014.pdf
2014-01-01,829,INFORMA TASA DE VALORIZACION DE PASIVOS (CIRCULAR N° 1512 DE ENERO DE 2001,https://www.cmfchile.cl/normativa/ofc_829_2014.pdf
2014-01-01,827,COMUNICA TASA INTERES DE ACTUALIZACION - MARZO 2014,https://www.cmfchile.cl/normativa/ofc_827_2014.pdf
2014-01-01,826,IMPARTE INSTRUCCIONES SOBRE PLAZO DE PRESENTACION DE INFORMACION FINANCIERA CORRESPONDIENTE AL EJERCICIO 2013,https://www.cmfchile.cl/normativa/ofc_826_2014.pdf
2014-01-01,2145,MODIFICA CIRCULARES QUE INDICA,https://www.cmfchile.cl/normativa/cir_2145_2014.pdf
2014-01-01,2144,"SOLICITA APORTES CUMPLIMIENTO DECRETO LEY N° 1.757, MODIFICADO POR LEY N° 19.798, DE 25 DE ABRIL DE 2002, CORRESPONDIENTES AL MES DE FEBRERO DE 2014",https://www.cmfchile.cl/normativa/cir_2144_2014.pdf
2014-01-01,825,CORRIGE OFICIO CIRCULAR 823 DE 31 DE ENERO DE 2014,https://www.cmfchile.cl/normativa/ofc_825_2014.pdf
2014-01-01,828,COMUNICA NUEVO VALOR UNIDAD DE SEGURO REAJUSTABLE DE MARZO 2014,https://www.cmfchile.cl/normativa/ofc_828_2014.pdf
2014-01-01,824,INFORMA TASA DE VALORIZACION DE PASIVOS CIRCULAR N°1512 DE ENERO DE 2001,https://www.cmfchile.cl/normativa/ofc_824_2014.pdf
2014-01-01,823,INSTRUYE SOBRE ENVIO DE INFORMACION FINANCIERA ANUAL DE SUBSIDIARIAS CORRESPONDIENTE AL EJERCICIO 2013,https://www.cmfchile.cl/normativa/ofc_823_2014.pdf
2014-01-01,822,INFORMA ADOPCION DE IFRS PARA ORGANIZACIONES DEPORTIVAS PROFESIONALES,https://www.cmfchile.cl/normativa/ofc_822_2014.pdf
2014-01-01,821,IMPARTE INSTRUCCIONES RELACIONADAS CON LA COMERCIALIZACION DE SEGUROS SUJETOS AL D.L. N° 1.092 DE 1975,https://www.cmfchile.cl/normativa/ofc_821_2014.pdf
2014-01-01,2143,"IMPARTE NORMAS SOBRE FORMA Y CONTENIDO DE LOS ESTADOS FINANCIEROS DE LOS AGENTES ADMINISTRADORES DE MUTUOS HIPOTECARIOS ENDOSABLES.
DEROGA CIRCULARES QUE INDICA",https://www.cmfchile.cl/normativa/cir_2143_2014.pdf
2014-01-01,360,MODIFICA NORMA DE CARACTER GENERAL N° 235 DE 2009 EN LOS TERMINOS QUE INDICA,https://www.cmfchile.cl/normativa/ncg_360_2014.pdf
2014-01-01,820,COMUNICA NUEVO VALOR UNIDAD DE SEGURO REAJUSTABLE DE FEBRERO 2014,https://www.cmfchile.cl/normativa/ofc_820_2014.pdf
2014-01-01,2142,MODIFICA CIRCULAR N° 1266 DE 1996,https://www.cmfchile.cl/normativa/cir_2142_2014.pdf
2014-01-01,2141,MODIFICA CIRCULAR N° 1890 DE 21 DE AGOSTO DE 2008,https://www.cmfchile.cl/normativa/cir_2141_2014.pdf
2014-01-01,2140,MODIFICA CIRCULAR N° 1584 DE 21 DE ENERO DE 2002,https://www.cmfchile.cl/normativa/cir_2140_2014.pdf
2014-01-01,2139,MODIFICA CIRCULAR N° 1583 DE 21 DE ENERO DE 2002,https://www.cmfchile.cl/normativa/cir_2139_2014.pdf
2014-01-01,2138,IMPARTE INSTRUCCIONES SOBRE IMPLEMENTACION IFRS. MODIFICA CIRCULAR N° 2022 DE 17 DE MAYO DE 2011 QUE IMPARTE NORMAS SOBRE FORMA CONTENIDO Y PRESENTACION DE LOS ESTADOS FINANCIEROS DE LAS ENTIDADES ASEGURADORAS Y REASEGURADORAS,https://www.cmfchile.cl/normativa/cir_2138_2014.pdf
2014-01-01,2137,IMPARTE NORMAS SOBRE FORMA Y CONTENIDO DE LOS ESTADOS FINANCIEROS DE CORREDORES DE SEGUROS QUE NO SEAN PERSONAS NATURALES. DEROGA CIRCULARES QUE INDICA,https://www.cmfchile.cl/normativa/cir_2137_2014.pdf
2014-01-01,819,COMUNICA TASA INTERES DE ACTUALIZACION FEBRERO 2014,https://www.cmfchile.cl/normativa/ofc_819_2014.pdf
2014-01-01,2136,"SOLICITA APORTES CUMPLIMIENTO DECRETO LEY N° 1.757, MODIFICADO POR LEY N° 19.798, DE 25 DE ABRIL DE 2002, CORRESPONDIENTES AL MES DE ENERO DE 2014",https://www.cmfchile.cl/normativa/cir_2136_2014.pdf
2014-01-01,2135,MODIFICA CIRCULAR N° 1679 DE 10 DE SEPTIEMBRE DE 2003,https://www.cmfchile.cl/normativa/cir_2135_2014.pdf
2014-01-01,818,INFORMA TASA DE VALORIZACION DE PASIVOS CIRCULAR N° 1512 DE ENERO DE 2001,https://www.cmfchile.cl/normativa/ofc_818_2014.pdf
2014-01-01,359,MODIFICA NCG N° 306 QUE IMPARTE INSTRUCCIONES SOBRE CONSTITUCION DE RESERVAS TECNICAS DE SEGUROS DISTINTOS DE LOS PREVISIONALES D.L. N° 3.500 DE 1980,https://www.cmfchile.cl/normativa/ncg_359_2014.pdf
2013-01-01,2134,MODIFICA CIRCULAR 1222 DEL 31 DE MAYO DE 1995,https://www.cmfchile.cl/normativa/cir_2134_2013.pdf
2013-01-01,2133,IMPARTE INSTRUCCIONES SOBRE CONTABILIZACION DE CREDITOS REPROGRAMADOS SEGUN LEY N° 20572 DE 2012 Y SUS RESPECTIVAS PROVISIONES,https://www.cmfchile.cl/normativa/cir_2133_2013.pdf
2013-01-01,817,AUTORIZA CIERRE DE OPERACIONES DE FONDOS MUTUOS EL 31 DE DICIEMBRE DE 2013 Y ESTABLECE REQUERIMIENTOS DE INFORMACION A LOS PARTICIPES,https://www.cmfchile.cl/normativa/ofc_817_2013.pdf
2013-01-01,358,PRORROGA VIGENCIA DE TABLAS DE MORTALIDAD RV-2009 HOMBRES Y MUJERES PARA PENSIONADOS POR VEJEZ,https://www.cmfchile.cl/normativa/ncg_358_2013.pdf
2013-01-01,357,MODIFICA NORMA DE CARACTER GENERAL N°215 DE 2008 EN LOS TERMINOS QUE INDICA,https://www.cmfchile.cl/normativa/ncg_357_2013.pdf
2013-01-01,356,ESTABLECE REGULACIONES COMUNES CON RELACION AL SEGURO DE INVALIDEZ Y SOBREVIVENCIA. MODIFICA EL TITULO VII DEL LIBRO V DEL COMPENDIO DE NORMAS DEL SISTEMA DE PENSIONES Y LA NORMA DE CARACTER GENERAL 234 DE LA SUPERINTENDENCIA DE VALORES Y SEGUROS,https://www.cmfchile.cl/normativa/ncg_356_2013.pdf
2013-01-01,816,COMUNICA TASA INTERES DE ACTUALIZACION ENERO 2014,https://www.cmfchile.cl/normativa/ofc_816_2013.pdf
2013-01-01,815,INFORMA TASA DE VALORIZACION DE PASIVOS (CIRCULAR N° 1512 DE ENERO DE 2001),https://www.cmfchile.cl/normativa/ofc_815_2013.pdf
2013-01-01,814,COMUNICA NUEVO VALOR UNIDAD DE SEGURO REAJUSTABLE DE ENERO 2014,https://www.cmfchile.cl/normativa/ofc_814_2013.pdf
2013-01-01,2132,SOLICITA APORTES CUMPLIMIENTO DECRETO LEY N° 1.757 MODIFICADO POR LEY N° 19.798 DE 25 DE ABRIL DE 2002 CORRESPONDIENTES AL MES DE DICIEMBRE DE 2013,https://www.cmfchile.cl/normativa/cir_2132_2013.pdf
2013-01-01,355,MODIFICA LAS SECCIONES I A IV DE LA NORMA DE CARACTER GENERAL N° 275 DE 2010 EN LOS TERMINOS QUE INDICA,https://www.cmfchile.cl/normativa/ncg_355_2013.pdf
2013-01-01,2131,"IMPARTE INSTRUCCIONES SOBRE ATENCION DE CLIENTES Y TRAMITACION DE CONSULTAS Y RECLAMOS.  REEMPLAZA Y DEROGA CIRCULARES N° 1487, DE 2000 Y 1760 DE 2005",https://www.cmfchile.cl/normativa/cir_2131_2013.pdf
2013-01-01,813,IMPARTE INSTRUCCIONES RELACIONADAS CON LA COMERCIALIZACION DE SEGUROS SUJETOS AL D.L. N° 1.092 DE 1975,https://www.cmfchile.cl/normativa/ofc_813_2013.pdf
2013-01-01,2130,"MODIFICA CIRCULAR N° 1893 DE 2008, QUE IMPARTE INSTRUCCIONES SOBRE POLIZAS DE SEGUROS COMO PLANES DE AHORRO PREVISIONAL VOLUNTARIO Y PLANES DE AHORRO PREVISIONAL VOLUNTARIO COLECTIVO",https://www.cmfchile.cl/normativa/cir_2130_2013.pdf
2013-01-01,2129,"SOLICITA APORTES CUMPLIMIENTO DECRETO LEY N° 1.757, MODIFICADO POR LEY N° 19.798 DE 25 DE ABRIL DE 2002, CORRESPONDIENTES AL MES DE NOVIEMBRE DE 2013",https://www.cmfchile.cl/normativa/cir_2129_2013.pdf
2013-01-01,2128,"DEROGASE LA CIRCULAR CONJUNTA SBIF N° 3321 Y SVS N° 1758, DE 6 DE JULIO DE 2005",https://www.cmfchile.cl/normativa/cir_2128_2013.pdf
2013-01-01,812,COMUNICA TASA INTERES DE ACTUALIZACION - DICIEMBRE 2013,https://www.cmfchile.cl/normativa/ofc_812_2013.pdf
2013-01-01,811,COMUNICA NUEVO VALOR UNIDAD DE SEGURO REAJUSTABLE DE DICIEMBRE 2013,https://www.cmfchile.cl/normativa/ofc_811_2013.pdf
2013-01-01,2127,MODIFICA CIRCULAR N° 1935 QUE  IMPARTE NORMAS RELATIVAS A SEGUROS  DE SALUD.,https://www.cmfchile.cl/normativa/cir_2127_2013.pdf
2013-01-01,2126,MODIFICA CIRCULAR N° 1390 QUE  IMPARTE INSTRUCCIONES RELATIVAS A INTERMEDIACION DE SEGUROS,https://www.cmfchile.cl/normativa/cir_2126_2013.pdf
2013-01-01,810,INFORMA TASA DE VALORIZACION DE PASIVOS (CIRCULAR N° 1512 DE ENERO DE 2001),https://www.cmfchile.cl/normativa/ofc_810_2013.pdf
2013-01-01,354,IMPARTE INSTRUCCIONES SOBRE EL SISTEMA DE CONSULTAS Y OFERTAS DE MONTOS DE PENSION ESTABLECIDO POR EL ARTICULO 61 BIS DEL D.L. N° 3.500 DE 1980.  MODIFICA LA NORMA DE CARACTER GENERAL N° 348 DE LA SUPERINTENDENCIA DE VALORES Y SEGUROS Y LA NORMA DE CARACTER GENERAL N° 89 DE LA SUPERINTENDENCIA DE PENSIONES DE 3 DE JULIO DE 2013,https://www.cmfchile.cl/normativa/ncg_354_2013.pdf
2013-01-01,2125,DEROGA CIRCULAR 644 QUE APRUEBA CLAUSULA ARBITRAL EN TODOS LOS MODELOS DE POLIZAS QUE LA CONTENGAN,https://www.cmfchile.cl/normativa/cir_2125_2013.pdf
2013-01-01,2124,MODIFICA CIRCULAR N°1459 DE 1999 QUE IMPARTE NORMAS SOBRE CERTIFICADO SEGURO OBLIGATORIO LEY N°18490,https://www.cmfchile.cl/normativa/cir_2124_2013.pdf
2013-01-01,353,MODIFICA NORMA DE CARACTER GENERAL N°349 QUE ESTABLECE NORMAS RELATIVAS AL DEPOSITO DE POLIZAS Y DISPOSICIONES MINIMAS DE LAS POLIZAS DE SEGUROS,https://www.cmfchile.cl/normativa/ncg_353_2013.pdf
2013-01-01,2123,"IMPARTE INSTRUCCIONES SOBRE:  I. INFORMACION A INCLUIR EN POLIZAS DE SEGUROS;  II.  INFORMACION DE LAS PRIMAS Y COMISIONES;  III.  REGLAS PARA SEGUROS CONTRATADOS EN FORMA COLECTIVA,  IV.  NORMAS GENERALES SOBRE INFORMACION A ENTREGAR AL PUBLICO ACERCA DEL ASEGURADOR Y CORREDOR DE SEGUROS, Y;  V.  NORMAS SOBRE PROMOCION, PUBLICIDAD Y OFERTA DE SEGUROS Y DE BENEFICIOS ASOCIADOS A LA CONTRATACION DE POLIZAS DE SEGUROS.  REEMPLAZA Y DEROGA CIRCULARES N° 1457, DE 1999 Y N° 1759, DE 2005",https://www.cmfchile.cl/normativa/cir_2123_2013.pdf
2013-01-01,2122,"MODIFICA CIRCULAR N° 1893 DE 2008, QUE IMPARTE INSTRUCCIONES SOBRE POLIZAS DE SEGUROS COMO PLANES DE AHORRO PREVISIONAL VOLUNTARIO Y PLANES DE AHORRO PREVISIONAL VOLUNTARIO COLECTIVO",https://www.cmfchile.cl/normativa/cir_2122_2013.pdf
2013-01-01,352,"ESTABLECE NORMAS PARA LA OFERTA PUBLICA DE VALORES EXTRANJEROS EN CHILE.
DEROGA NORMAS DE CARACTER GENERAL N° 88 DE 1999, N° 217 DE 2008 Y N° 241 DE 2009",https://www.cmfchile.cl/normativa/ncg_352_2013.pdf
2013-01-01,2121,IMPARTE NORMAS SOBRE EL SEGURO OBLIGATORIO DE ACCIDENTES PERSONALES CAUSADOS POR VEHICULOS MOTORIZADOS CON MATRICULA EXTRANJERA DEL ARTICULO 60 DE LA LEY N° 18.290 Y ESTABLECE FORMATO Y CONTENIDO DEL CERTIFICADO DEL SEGURO,https://www.cmfchile.cl/normativa/cir_2121_2013.pdf
2013-01-01,2120,IMPARTE NORMAS SOBRE EL ENVIO DE INFORMACION PERIODICA RELATIVA A LOS SEGUROS DE TERREMOTO,https://www.cmfchile.cl/normativa/cir_2120_2013.pdf
2013-01-01,809,ACLARA OBLIGACIONES EN RELACION AL ENVIO DE INFORMACION A LA SUPERINTENDENCIA,https://www.cmfchile.cl/normativa/ofc_809_2013.pdf
2013-01-01,2119,"SOLICITA APORTES CUMPLIMENTO DECRETO LEY N° 1.757, MODIFICADO POR LEY N° 19.798 DE 25 DE ABRIL DE 2002, CORRESPONDIENTES AL MES DE OCTUBRE DE 2013",https://www.cmfchile.cl/normativa/cir_2119_2013.pdf
2013-01-01,808,COMUNICA TASA INTERES DE ACTUALIZACION - NOVIEMBRE 2013,https://www.cmfchile.cl/normativa/ofc_808_2013.pdf
2013-01-01,807,COMUNICA NUEVO VALOR UNIDAD DE SEGURO REAJUSTABLE DE NOVIEMBRE 2013,https://www.cmfchile.cl/normativa/ofc_807_2013.pdf
2013-01-01,806,INFORMA TASA DE VALORIZACION DE PASIVOS (CIRCULAR N° 1512 DE ENERO DE 2001),https://www.cmfchile.cl/normativa/ofc_806_2013.pdf
2013-01-01,805,CERTIFICADO SEGURO OBLIGATORIO LEY N° 18.490,https://www.cmfchile.cl/normativa/ofc_805_2013.pdf
2013-01-01,804,COMUNICA TASA INTERES DE ACTUALIZACION OCTUBRE 2013,https://www.cmfchile.cl/normativa/ofc_804_2013.pdf
2013-01-01,803,COMUNICA NUEVO VALOR UNIDAD DE SEGURO REAJUSTABLE DE OCTUBRE 2013,https://www.cmfchile.cl/normativa/ofc_803_2013.pdf
2013-01-01,351,MODIFICA NCG N°152 DE 2002 QUE IMPARTE NORMAS SOBRE ACTIVOS REPRESENTATIVOS DE RESERVAS TECNICAS Y PATRIMONIO DE RIESGO,https://www.cmfchile.cl/normativa/ncg_351_2013.pdf
2013-01-01,2118,MODIFICA CIRCULAR 2095 QUE ESTABLECE NORMAS PARA EL ENVIO DE INFORMACION DE SEGUROS DE INVALIDEZ Y SOBREVIVIENCIA,https://www.cmfchile.cl/normativa/cir_2118_2013.pdf
2013-01-01,2117,SOLICITA APORTES CUMPLIMIENTO DECRETO LEY N° 1.757 MODIFICADO POR LEY N° 19.798 DE 25 DE ABRIL DE 2002 CORRESPONDIENTES AL MES DE SEPTIEMBRE DE 2013,https://www.cmfchile.cl/normativa/cir_2117_2013.pdf
2013-01-01,802,INFORMA TASA DE VALORIZACION DE PASIVOS (CIRCULAR N° 1512 DE ENERO DE 2001),https://www.cmfchile.cl/normativa/ofc_802_2013.pdf
2013-01-01,350,MODIFICA NORMA DE CARACTER GENERAL N° 331 DE 21 DE MARZO DE 2012,https://www.cmfchile.cl/normativa/ncg_350_2013.pdf
2013-01-01,801,COMUNICA TASA INTERES DE ACTUALIZACION-SEPTIEMBRE 2013,https://www.cmfchile.cl/normativa/ofc_801_2013.pdf
2013-01-01,800,COMUNICA NUEVO VALOR UNIDAD DE SEGURO REAJUSTABLE DE SEPTIEMBRE 2013,https://www.cmfchile.cl/normativa/ofc_800_2013.pdf
2013-01-01,2116,SOLICITA APORTES CUMPLIMIENTO DECRETO LEY N° 1.757 MODIFICADO POR LEY N° 19.798 DE 25 DE ABRIL DE 2002 CORRESPONDIENTES AL MES DE AGOSO DE 2013,https://www.cmfchile.cl/normativa/cir_2116_2013.pdf
2013-01-01,799,INFORMA TASA DE VALORIZACION DE PASIVOS (CIRCULAR N° 1512 DE ENERO DE 2001),https://www.cmfchile.cl/normativa/ofc_799_2013.pdf
2013-01-01,2115,IMPARTE INSTRUCCIONES SOBRE EL ENVIO DE LAS SENTENCIAS SEÑALADAS EN EL ARTICULO 543 DEL CODIGO DE COMERCIO.,https://www.cmfchile.cl/normativa/cir_2115_2013.pdf
2013-01-01,2114,"IMPARTE INSTRUCCIONES SOBRE LA DEVOLUCION DE LA PRIMA PAGADA NO GANADA POR EL ASEGURADOR.  DEROGA CIRCUAR N° 1.762, DE 14/07/2005 Y OFICIO CIRCULAR N° 778, DE 08/02/2013",https://www.cmfchile.cl/normativa/cir_2114_2013.pdf
2013-01-01,349,ESTABLECE NORMAS RELATIVAS AL DEPOSITO DE POLIZAS Y DISPOSICIONES MINIMAS DE LAS POLIZAS DE SEGUROS. DEROGA NORMA DE CARACTER GENERAL N° 124 DE 2001.,https://www.cmfchile.cl/normativa/ncg_349_2013.pdf
2013-01-01,798,COMISIONES MAXIMAS A SER PAGADAS POR LOS FONDOS DE PENSIONES POR SUS INVERSIONES EN LOS INSTRUMENTOS QUE SE INDICAN,https://www.cmfchile.cl/normativa/ofc_798_2013.pdf
2013-01-01,2113,MODIFICA CIRCULAR N°1085 DE 1992 SOBRE CODIFICACION DE INSTRUMENTOS EN LOS TERMINOS QUE INDICA,https://www.cmfchile.cl/normativa/cir_2113_2013.pdf
2013-01-01,2112,MODIFICA CIRCULARES N° 1.579 DE 2002 Y N° 1.027 DE 2011 PARA FONDOS MUTUOS EN LOS TERMINOS QUE SE INDICA,https://www.cmfchile.cl/normativa/cir_2112_2013.pdf
2013-01-01,2111,"SOLICITA APORTES CUMPLIMIENTO DECRETO LEY N° 1.757, MODIFICADO POR LEY N° 19.798, DE 25 DE ABRIL DE 2002, CORRESPONDIENTES AL MES DE JULIO DE 2013",https://www.cmfchile.cl/normativa/cir_2111_2013.pdf
2013-01-01,797,COMUNICA NUEVO VALOR UNIDAD DE SEGURO REAJUSTABLE DE AGOSTO 2013,https://www.cmfchile.cl/normativa/ofc_797_2013.pdf
2013-01-01,796,COMUNICA TASA INTERES DE ACTUALIZACION-AGOSTO 2013,https://www.cmfchile.cl/normativa/ofc_796_2013.pdf
2013-01-01,2110,IMPARTE INSTRUCCIONES RESPECTO DE COMUNICACION DE PRORROGA EN PLAZO DE LIQUIDACION DE SINIESTROS,https://www.cmfchile.cl/normativa/cir_2110_2013.pdf
2013-01-01,795,INFORMA TASA DE VALORIZACION DE PASIVOS (CIRCULAR N° 1512 DE ENERO DE 2001),https://www.cmfchile.cl/normativa/ofc_795_2013.pdf
2013-01-01,348,MODIFICA EL TITULO II DEL LIBRO III SOBRE BENEFICIOS PREVISIONALES DEL COMPENDIO DE NORMAS DEL SISTEMA DE PENSIONES Y LA NCG N° 218 DE LA SUPERINTENDENCIA DE VALORES Y SEGUROS,https://www.cmfchile.cl/normativa/ncg_348_2013.pdf
2013-01-01,2109,MODIFICA CIRCULAR 2106 DE 31 DE MAYO DE 2013.,https://www.cmfchile.cl/normativa/cir_2109_2013.pdf
2013-01-01,794,INFORMA TASA DE VALORIZACION DE PASIVOS (CIRCULAR N° 1512 DE ENERO DE 2001),https://www.cmfchile.cl/normativa/ofc_794_2013.pdf
2013-01-01,2108,"DEFINE ALCANCE Y ESTABLECE REQUISITOS A LOS INTERMEDIARIOS DE VALORES Y ADMINISTRADORAS DE FONDOS, PARA EL EJERCICIO DE LA ACTIVIDAD DE ADMINISTRACION DE CARTERA DE TERCEROS.
DEROGA CIRCULARES N° 1.862 DE 15.01.2008 Y N° 1.894 DE 24.09.2008",https://www.cmfchile.cl/normativa/cir_2108_2013.pdf
2013-01-01,347,"MODIFICACIONES A LA NORMA DE  CARACTER GENERAL SVS N° 330, CIRCULAR SBIF BANCOS N° 3.530, COOPERATIVAS N° 147, FILIALES N° 62, QUE REGULA LA CONTRATACION INDIVIDUAL Y COLECTIVA DE SEGUROS ASOCIADOS A CREDITOS, CONDICIONES MINIMAS QUE DEBERAN CONTEMPLAR LAS BASES DE LICITACION DE ESTOS E INFORMACION QUE SE DEBERA ENTREGAR A LOS DEUDORES ASEGURADOS.",https://www.cmfchile.cl/normativa/ncg_347_2013.pdf
2013-01-01,793,COMUNICA NUEVO VALOR UNIDAD DE SEGURO REAJUSTABLE DE JULIO 2013,https://www.cmfchile.cl/normativa/ofc_793_2013.pdf
2013-01-01,792,COMUNICA TASA INTERES DE ACTUALIZACION - JULIO 2013,https://www.cmfchile.cl/normativa/ofc_792_2013.pdf
2013-01-01,2107,SOLICITA APORTES CUMPLIMIENTO DECRETO LEY N° 1.757 MODIFICADO POR LEY N° 19.798 DE 25 DE ABRIL DE 2002 CORRESPONDIENTES AL MES DE JUNIO DE 2013.,https://www.cmfchile.cl/normativa/cir_2107_2013.pdf
2013-01-01,2106,ESTABLECE OBLIGACON DE INFORMAR RESPECTO AL PROCEDIMIENTO DE LIQUIDACION DE SINIESTROS EN POLIZAS DE SEGUROS. DEROGA CIRCULAR N° 1116 DE 7 DE ABRIL DE 1993.,https://www.cmfchile.cl/normativa/cir_2106_2013.pdf
2013-01-01,2105,"MODIFICA LA LETRA K DEL TITULO V DEL LIBRO III DEL COMPENDIO DE NORMAS DEL SISTEMA DE PENSIONES, Y LA CIRCULAR N° 1928 DE LA SUPERINTENDENCIA DE VALORES Y SEGUROS",https://www.cmfchile.cl/normativa/cir_2105_2013.pdf
2013-01-01,2104,"SOLICITA APORTES CUMPLIMIENTO DECRETO LEY N° 1.757, MODIFICADO POR LEY N° 19.798, DE 25 DE ABRIL DE 2002, CORRESPONDIENTES AL MES DE MAYO DE 2013",https://www.cmfchile.cl/normativa/cir_2104_2013.pdf
2013-01-01,791,COMUNICA TASA INTERES DE ACTUALIZACION JUNIO 2013,https://www.cmfchile.cl/normativa/ofc_791_2013.pdf
2013-01-01,790,COMUNICA NUEVO VALOR UNIDAD DE SEGURO REAJUSTABLE DE JUNIO 2013,https://www.cmfchile.cl/normativa/ofc_790_2013.pdf
2013-01-01,789,INFORMA TASA DE VALORIZACION DE PASIVOS (CIRCULAR N° 1512 DE ENERO DE 2001),https://www.cmfchile.cl/normativa/ofc_789_2013.pdf
2013-01-01,2103,IMPARTE INSTRUCCIONES QUE INDICA RELATIVAS AL NUEVO REGLAMENTO DE AUXILIARES DEL COMERCIO DE SEGUROS Y PROCEDIMIENTO DE LIQUIDACION DE SINIESTROS,https://www.cmfchile.cl/normativa/cir_2103_2013.pdf
2013-01-01,346,"SUSTITUYE SECCIONES I, II Y III Y MODIFICA SECCIONES IV Y V DE NORMA DE CARACTER GENERAL N° 30",https://www.cmfchile.cl/normativa/ncg_346_2013.pdf
2013-01-01,2102,ESTABLECE NORMAS DE INSCRIPCION EXCLUSION Y FUNCIONAMIENTO DEL REGISTRO DE INSPECTORES DE CUENTAS Y AUDITORES EXTERNOS. DEROGA CIRCULARES N° 327 Y N° 350 AMBAS DE 1.983.,https://www.cmfchile.cl/normativa/cir_2102_2013.pdf
2013-01-01,345,EXIME A DETERMINADAS OFERTAS PUBLICAS DE VALORES DEL REQUISITO DE INSCRIPCION EN VIRTUD DE LO ESTABLECIDO EN EL INCISO TERCERO EL ARTICULO 4° DE LA LEY N° 18.045. DEROGA NORMAS DE CARACTER GENERAL N° 21 DE 1988 Y N° 99 DE 2000,https://www.cmfchile.cl/normativa/ncg_345_2013.pdf
2013-01-01,788,IMPARTE INSTRUCCIONES SOBRE PLAZOS DE PRESENTACION DE LA INFORMACION FINANCIERA CORRESPONDIENTE AL EJERCICIO 2013,https://www.cmfchile.cl/normativa/ofc_788_2013.pdf
2013-01-01,2101,MODIFICA LA LETRA K DEL TITULO V DEL LIBRO III DEL COMPENDIO DE NORMAS DEL SISTEMA DE PENSIONES Y LA CIRCULAR N°1928 DE LA SUPERINTENDENCIA DE VALORES Y SEGUROS,https://www.cmfchile.cl/normativa/cir_2101_2013.pdf
2013-01-01,2100,"SOLICIA APORTES CUMPLIMIENTO DECRETO LEY N° 1.757, MODIFICADO POR LEY N° 19.798, DE 25 DE ABRIL DE 2002, CORRESPONDIENTES AL MES DE ABRIL DE 2013",https://www.cmfchile.cl/normativa/cir_2100_2013.pdf
2013-01-01,787,COMUNICA NUEVO VALOR UNIDAD DE SEGURO REAJUSTABLE DE MAYO 2013,https://www.cmfchile.cl/normativa/ofc_787_2013.pdf
2013-01-01,786,COMUNICA TASA INTERES DE ACTUALIZACION MAYO 2013,https://www.cmfchile.cl/normativa/ofc_786_2013.pdf
2013-01-01,785,INFORMA TASA DE VALORIZACION DE PASIVOS (CIRCULAR N° 1512 DE ENERO DE 2001),https://www.cmfchile.cl/normativa/ofc_785_2013.pdf
2013-01-01,2099,"MODIFICA CIRCULAR N° 1893, DE 16 DE SEPTIEMBRE DE 2008, QUE IMPARTE INSTRUCCIONES SOBRE POLIZAS DE SEGUROS COMO PLANES DE AHORRO PREVISIONAL VOLUNTARIO Y PLANES DE AHORRO PREVISIONAL VOLUNTARIO COLECTIVO",https://www.cmfchile.cl/normativa/cir_2099_2013.pdf
2013-01-01,2098,"SOLICITA APORTES CUMPLIMIENTO DECRETO LEY N° 1.757, MODIFICADO POR LEY N° 19.798, DE 25 DE ABRIL DE 2002, CORRESPONDIENTES AL MES DE MARZO DE 2013",https://www.cmfchile.cl/normativa/cir_2098_2013.pdf
2013-01-01,784,COMUNICA NUEVO VALOR UNIDAD DE SEGURO REAJUSTABLE DE ABRIL 2013,https://www.cmfchile.cl/normativa/ofc_784_2013.pdf
2013-01-01,783,COMUNICA TASA INTERES DE ACTUALIZACION ABRIL 2013,https://www.cmfchile.cl/normativa/ofc_783_2013.pdf
2013-01-01,782,INFORMA TASA DE VALORIZACION DE PASIVOS (CIRCULAR N° 1512 DE ENERO DE 2001),https://www.cmfchile.cl/normativa/ofc_782_2013.pdf
2013-01-01,781,SOLICITA INFORMES DE AUDITORES EXTERNOS QUE INDICA,https://www.cmfchile.cl/normativa/ofc_781_2013.pdf
2013-01-01,780,APLICACION CIRCULAR N° 1.809 PREVENCION DE LAVADO DE ACTIVOS Y FINANCIAMIENTO DEL TERRORISMO EN PERSONAS EXPUESTAS POLITICAMENTE,https://www.cmfchile.cl/normativa/ofc_780_2013.pdf
2013-01-01,2097,MODIFICA CIRCULAR N° 2010 DE 18 DE FEBRERO DE 2011,https://www.cmfchile.cl/normativa/cir_2097_2013.pdf
2013-01-01,779,IMPARTE INSTRUCCIONES SOBRE PLAZOS DE PRESENTACION DE LA INFORMACION FINANCIERA CORRESPONDIENTE AL EJERCICIO 2013,https://www.cmfchile.cl/normativa/ofc_779_2013.pdf
2013-01-01,778,ACLARACION DE CIRCULAR N° 1762 DE 2005.,https://www.cmfchile.cl/normativa/ofc_778_2013.pdf
2013-01-01,777,COMUNICA NUEVO VALOR UNIDAD DE SEGUROS REAJUSTABLE DE MARZO 2013,https://www.cmfchile.cl/normativa/ofc_777_2013.pdf
2013-01-01,776,COMUNICA TASA INTERES DE ACTUALIZACION - MARZO 2013,https://www.cmfchile.cl/normativa/ofc_776_2013.pdf
2013-01-01,2096,SOLICITA APORTES CUMPLIMIENTO DECRETO LEY N° 1.757 MODIFICADO POR LEY N° 19.798 DE 25 DE ABRIL DE 2002 CORRESPONDIENTES AL MES DE FEBRERO DE 203,https://www.cmfchile.cl/normativa/cir_2096_2013.pdf
2013-01-01,775,INFORMA TASA DE VALORIZACION DE PASIVOS (CIRCULAR N° 1512 DE ENERO DE 2001),https://www.cmfchile.cl/normativa/ofc_775_2013.pdf
2013-01-01,2095,ESTABLECE NORMAS PARA EL ENVIO DE INFORMACION DE SEGUROS DE INVALIDEZ Y SOBREVIVENCIA.,https://www.cmfchile.cl/normativa/cir_2095_2013.pdf
2013-01-01,774,PRORROGA SUSPENSION DE LA INCORPORACION DE NOTAS O INSTRUMENTOS ESTRUCTURADOS EN LA MEDICION DE CALCE Y TSA SEGUN CIRCULAR N° 1512 DE 2001 Y NCG N° 209 DE 2007. DEROGA OFICIO CIRCULAR N° 661 DE 9 DE FEBRERO DE 2011,https://www.cmfchile.cl/normativa/ofc_774_2013.pdf
2013-01-01,773,APLICACION CIRCULAR N° 1809 PREVENCION DE LAVADO DE ACTIVOS Y FINANCIAMIENTO DEL TERRORISMO EN PERSONAS EXPUESTAS POLITICAMENTE,https://www.cmfchile.cl/normativa/ofc_773_2013.pdf
2013-01-01,2094,MODIFICA CIRCULAR N° 1459 SOBRE CERTIFICADO SEGURO OBLIGATORIO LEY N° 18.490.,https://www.cmfchile.cl/normativa/cir_2094_2013.pdf
2013-01-01,344,PRORROGA VIGENCIA DE TABLAS DE MORTALIDAD MI-2006 HOMBRES Y MUJERES PARA PENSIONADOS POR INVALIDEZ Y BENEFICIARIOS INVALIDOS DE PENSION DE SOBREVIVENCIA Y TABLA B-2006 HOMBRES Y MUJERES PARA BENEFICIARIOS NO INVALIDOS DE PENSION DE SOBREVIVENCIA,https://www.cmfchile.cl/normativa/ncg_344_2013.pdf
2013-01-01,772,RESOLUCION EXENTA N°027 DE 11.01.2013,https://www.cmfchile.cl/normativa/ofc_772_2013.pdf
2013-01-01,2093,SOLICITA APORTES CUMPLIMIENTO DECRETO LEY N° 1.757 MODIFICADO POR LEY N° 19.798 DE 25 DE ABRIL DE 2002 CORRESPONDIENTES AL MES DE ENERO DE 2013,https://www.cmfchile.cl/normativa/cir_2093_2013.pdf
2013-01-01,343,MODIFICA LA NORMA DE CARACTER GENERAL N° 325 DE 2011 SOBRE SISTEMA DE GESTION DE RIESGO DE LAS ASEGURADORAS Y EVALUACION DE SOLVENCIA DE LAS COMPAÑIAS POR PARTE DE LA SUPERINTENDENCIA,https://www.cmfchile.cl/normativa/ncg_343_2013.pdf
2013-01-01,771,COMUNICA TASA INTERES DE ACTUALIZACION - FEBRERO 2013.,https://www.cmfchile.cl/normativa/ofc_771_2013.pdf
2013-01-01,770,COMUNICA NUEVO VALOR UNIDAD DE SEGURO REAJUSTABLE DE FEBRERO 2013,https://www.cmfchile.cl/normativa/ofc_770_2013.pdf
2013-01-01,769,INFORMA TASA DE VALORIZACION DE PASIVOS (CIRCULAR N° 1512 DE ENERO DE 2001,https://www.cmfchile.cl/normativa/ofc_769_2013.pdf
2013-01-01,768,PRECISA PRESENTACION DE ESTADOS FINANCIEROS ANUALES AUDITADOS,https://www.cmfchile.cl/normativa/ofc_768_2013.pdf
2012-01-01,767,POSTERGA ADOPCION DE NORMAS INTERNACIONALES DE INFORMACION FINANCIERA (IFRS) PARA ADMINISTRADORAS DE MUTUOS HIPOTECARIOS,https://www.cmfchile.cl/normativa/ofc_767_2012.pdf
2012-01-01,766,POSTERGA ADOPCION DE NORMAS INTERNACIONALES DE INFORMACION FINANCIERA (IFRS) PARA CORREDORAS DE SEGUROS QUE INDICA,https://www.cmfchile.cl/normativa/ofc_766_2012.pdf
2012-01-01,765,AUTORIZA CIERRE DE OPERACIONES DE FONDOS MUTUOS EL 31 DE DICIEMBRE DE 2012 Y ESTABLECE REQUERIMIENTOS DE INFORMACION A LOS PARTICIPES,https://www.cmfchile.cl/normativa/ofc_765_2012.pdf
2012-01-01,764,EFECTUA ACLARACIONES Y COMPLEMENTA INSTRUCCIONES RELATIVAS A LA ELECCION DE EMPRESAS DE AUDITORIA EXTERNA IMPARTIDAS EN OFICIO CIRCULAR 718 DE 2012,https://www.cmfchile.cl/normativa/ofc_764_2012.pdf
2012-01-01,763,"SOLICITA INFORMACION SOBRE LA REFORMA TRIBUTARIA DE ESTADOS UNIDOS DE AMERICA DE MARZO DE 2010, DENOMINADA ""FOREING ACCOUNT TAX COMPLIANCE ACT""",https://www.cmfchile.cl/normativa/ofc_763_2012.pdf
2012-01-01,762,COMUNICA TASA INTERES DE ACTUALIZACION - ENERO 2013.,https://www.cmfchile.cl/normativa/ofc_762_2012.pdf
2012-01-01,342,"REGULA EL SISTEMA DE INFORMACION DE CONSULTAS DE SEGUROS, ESTABLECIDO EN EL ARTICULO 12 DEL D.F.L. N° 251, DE 1931",https://www.cmfchile.cl/normativa/ncg_342_2012.pdf
2012-01-01,761,COMUNICA NUEVO VALOR UNIDAD DE SEGURO REAJUSTABLE DE ENERO 2013,https://www.cmfchile.cl/normativa/ofc_761_2012.pdf
2012-01-01,2092,"SOLICITA APORTES CUMPLIMIENTO DECRETO LEY N° 1757, MODIFICADO POR LEY N° 19798 DE 25 DE ABRIL DE 2002, CORRESPONDIENTES AL MES DE DICIEMBRE DE 2012.",https://www.cmfchile.cl/normativa/cir_2092_2012.pdf
2012-01-01,760,INFORMA TASA DE VALORIZACION DE PASIVOS (CIRCULAR N° 1512 DE ENERO DE 2001,https://www.cmfchile.cl/normativa/ofc_760_2012.pdf
2012-01-01,341,ESTABLECE NORMAS PARA LA DIFUSION DE INFORMACION RESPECTO DE LOS ESTANDARES DE GOBIERNO CORPORATIVO ADOPTADOS POR LAS SOCIEDADES ANONIMAS ABIERTAS,https://www.cmfchile.cl/normativa/ncg_341_2012.pdf
2012-01-01,759,ACLARACION DE CRITERIOS Y CUENTAS DE ESTADOS FINANCIEROS BAJO IFRS,https://www.cmfchile.cl/normativa/ofc_759_2012.pdf
2012-01-01,758,COMUNICA NUEVO VALOR UNIDAD DE SEGURO REAJUSTABLE DE DICIEMBRE 2012,https://www.cmfchile.cl/normativa/ofc_758_2012.pdf
2012-01-01,757,COMUNICA TASA INTERES DE ACTUALIZACION - DICIEMBRE 2012,https://www.cmfchile.cl/normativa/ofc_757_2012.pdf
2012-01-01,2091,"SOLICITA APORTES CUMPLIMIENTO DECRETO LEY N° 1757, MODIFICADO POR LEY N° 19798 DE 25 DE ABRIL DE 2002, CORRESPONDIENTES AL MES DE NOVIEMBRE DE 2012.",https://www.cmfchile.cl/normativa/cir_2091_2012.pdf
2012-01-01,756,INFORMA TASA DE VALORIZACION DE PASIVOS (CIRCULAR N° 1512 DE ENERO DE 2001),https://www.cmfchile.cl/normativa/ofc_756_2012.pdf
2012-01-01,340,MODIFICA NORMA DE CARACTER GENERAL N° 295 DE 2010,https://www.cmfchile.cl/normativa/ncg_340_2012.pdf
2012-01-01,2090,MODIFICA CIRCULAR N° 1893 DE 2008 QUE IMPARTE INSTRUCCIONES SOBRE POLIZAS DE SEGUROS COMO PLANES DE AHORRO PREVISIONAL VOLUNTARIO Y PLANES DE AHORRO PREVISIONAL VOLUNTARIO COLECTIVO,https://www.cmfchile.cl/normativa/cir_2090_2012.pdf
2012-01-01,755,COMUNICA NUEVO VALOR UNIDAD DE SEGURO REAJUSTABLE DE NOVIEMBRE 2012,https://www.cmfchile.cl/normativa/ofc_755_2012.pdf
2012-01-01,754,COMUNICA TASA INTERES DE ACTUALIZACION - NOVIEMBRE 2012,https://www.cmfchile.cl/normativa/ofc_754_2012.pdf
2012-01-01,2089,"SOLICITA APORTES CUMPLIMIENTO DECRETO LEY N° 1.757, MODIFICADO POR LEY N° 19.798 DE 25 DE ABRIL DE 2002 CORRESPONDIENTES AL MES DE OCTUBRE DE 2012",https://www.cmfchile.cl/normativa/cir_2089_2012.pdf
2012-01-01,753,INFORMA TASA DE VALORIZACION DE PASIVOS(CIRCULAR N°1512 DE ENERO DE 2001),https://www.cmfchile.cl/normativa/ofc_753_2012.pdf
2012-01-01,339,"IMPARTE INSTRUCCIONES SOBRE EL SISTEMA DE CONSULTAS Y OFERTAS DE MONTOS DE PENSION ESTABLECIDO POR EL ARTICULO 61 BIS DEL D.L. N° 3.500, DE 1980.  MODIFICA LA NORMA DE CARACTER GENERAL N° 335 DE LA SUPERINTENDENCIA DE VALORES Y SEGUROS Y LA NORMA DE CARACTER GENERAL N° 43 DE LA SUPERINTENDENCIA DE PENSIONES, DE 7 DE MAYO DE 2012",https://www.cmfchile.cl/normativa/ncg_339_2012.pdf
2012-01-01,2088,"IMPARTE INSTRUCCIONES A LAS ISAPRES Y COMPAÑIAS DE SEGUROS, SOBRE EL PROCEDIMIENTO DE COBRO Y PAGO DEL SEGURO OBLIGATORIO DE ACCIDENTES PERSONALES, ESTABLECIDO EN LEY N° 18.490",https://www.cmfchile.cl/normativa/cir_2088_2012.pdf
2012-01-01,2087,REQUERIMIENTO DE INFORMACION SOBRE INGRESOS OBTENIDOS POR PARTE DE LAS CLASIFICADORAS DE RIESGO.  DEROGA CIRCULAR N° 1.844 DE 2007,https://www.cmfchile.cl/normativa/cir_2087_2012.pdf
2012-01-01,2086,"MODIFICA CIRCULAR N° 1.535, DE 27 DE MARZO DE 2001, SOBRE INFORMACION CONTINUA DE LAS CLASIFICADORAS DE RIESGO",https://www.cmfchile.cl/normativa/cir_2086_2012.pdf
2012-01-01,2085,IMPARTE NORMAS SOBRE FORMA Y CONTENIDO DE LOS ESTADOS FINANCIEROS DE LAS CLASIFICADORAS DE RIESGO Y DEL INFORME DE GESTION ANUAL.  DEROGA CIRCULAR N° 851 DE 1989,https://www.cmfchile.cl/normativa/cir_2085_2012.pdf
2012-01-01,752,COMUNICA TASA INTERES DE ACTUALIZACION - OCTUBRE 2012,https://www.cmfchile.cl/normativa/ofc_752_2012.pdf
2012-01-01,2084,"ESTABLECE REGULACIONES COMUNES RELATIVAS A LAS OBLIGACIONES DE LAS ADMINISTRADORAS DE FONDOS DE PENSIONES, COMPAÑIAS DE SEGUROS DE VIDA, MUTUALIDADES DE EMPLEADORES DE LA LEY N°16.744, INSTITUTO DE SEGURIDAD LABORAL E INSTITUTO DE PREVISION SOCIAL, RESPECTO DE LA DETERMINACION Y PAGO DE LOS BENEFICIOS RELATIVOS A LA REBAJA A 5% DE LA COTIZACION LEGAL DE SALUD. MODIFICASE EL TITULO XVI DEL LIBRO III DEL COMPENDIO DE NORMAS DEL SISTEMA DE PENSIONES DE LA SUPERINTENDENCIA DE PENSIONES",https://www.cmfchile.cl/normativa/cir_2084_2012.pdf
2012-01-01,2083,"SOLICITA APORTES CUMPLIMIENTO DECRETO LEY N° 1.757, MODIFICADO POR LEY N° 19.798, DE 25 DE ABRIL DE 2002, CORRESPONDIENTES AL MES DE SEPTIEMBRE DE 2012.",https://www.cmfchile.cl/normativa/cir_2083_2012.pdf
2012-01-01,751,INFORMA TASA DE VALORIZACION DE PASIVOS (CIRCULAR N° 1512 DE ENERO DE 2001),https://www.cmfchile.cl/normativa/ofc_751_2012.pdf
2012-01-01,750,COMUNICA NUEVO VALOR UNIDAD DE SEGURO REAJUSTABLE DE OCTUBRE 2012,https://www.cmfchile.cl/normativa/ofc_750_2012.pdf
2012-01-01,2082,"MODIFICA CIRCULAR N°2.027 DE 2011, FONDOS MUTUOS, EN LOS TERMINOS QUE INDICA",https://www.cmfchile.cl/normativa/cir_2082_2012.pdf
2012-01-01,338,ESTABLECE REGULACIONES COMUNES CON RELACION AL SEGURO DE INVALIDEZ Y SOBREVIVENCIA. MODIFICA EL TITULO VII DEL LIBRO V DEL COMPENDIO DE NORMAS DEL SISTEMA DE PENSIONES DE LA SUPERINTENDENCIA DE PENSIONES Y LA NORMA DE CARACTER GENERAL N°234 DE LA SUPERINTENDENCIA DE VALORES Y SEGUROS,https://www.cmfchile.cl/normativa/ncg_338_2012.pdf
2012-01-01,749,INFORMA TRATAMIENTO TRIBUTARIO DE LAS RESERVAS TECNICAS,https://www.cmfchile.cl/normativa/ofc_749_2012.pdf
2012-01-01,2081,"SOLICITA APORTES CUMPLIMIENTO DECRETO LEY N° 1.757, MODIFICADO POR LEY N° 19.798, DE 25 DE ABRIL DE 2002, CORRESPONDIENTES AL MES DE AGOSTO DE 2012",https://www.cmfchile.cl/normativa/cir_2081_2012.pdf
2012-01-01,748,COMUNICA TASA INTERES DE ACTUALIZACION SEPTIEMBRE 2012,https://www.cmfchile.cl/normativa/ofc_748_2012.pdf
2012-01-01,747,COMUNCA NUEVO VALOR UNIDAD DE SEGURO REAJUSTABLE DE SEPTIEMBRE 2012,https://www.cmfchile.cl/normativa/ofc_747_2012.pdf
2012-01-01,746,INFORMA TASA DE VALORIZACION DE PASIVOS (CIRCULAR N° 1512 DE ENERO DE 2001),https://www.cmfchile.cl/normativa/ofc_746_2012.pdf
2012-01-01,2080,"MODIFICA CIRCULAR N° 2052, DE 20 DE DICIEMBRE DE 2011 Y CIRCULAR N° 1893, DE 16 DE SEPTIEMBRE DE 2008, QUE IMPARTE INSTRUCCIONES SOBRE POLIZAS DE SEGUROS COMO PLANES DE AHORRO PREVISIONAL VOLUNTARIO Y PLANES DE AHORRO PREVISIONAL VOLUNTARIO COLECTIVO",https://www.cmfchile.cl/normativa/cir_2080_2012.pdf
2012-01-01,337,"ESTABLECE REGULACIONES COMUNES EN RELACION CON COTIZACIONES VOLUNTARIAS, DEPOSITOS CONVENIDOS Y DEPOSITOS DE AHORRO PREVISIONAL VOLUNTARIO.  MODIFICA LIBRO II, TITULO II DEL COMPENDIO DE NORMAS DEL SISTEMA DE PENSIONES DE LA SUPERINTENDENCIA DE PENSIONES, CIRCULAR N° 3.445 DE LA SUPERINTENDENCIA DE BANCOS E INSTITUCIONES FINANCIERAS Y NORMA DE CARACTER GENERAL N° 226 DE LA SUPERINTENDENCIA DE VALORES Y SEGUROS",https://www.cmfchile.cl/normativa/ncg_337_2012.pdf
2012-01-01,745,IMPARTE INSTRUCCIONES REFERIDAS A LA CONTRATACION DE SEGUROS A LOS QUE SE REFIERE EL ARTICULO 40 DEL DFL N° 251 DE 1931 (LEY DE SEGUROS),https://www.cmfchile.cl/normativa/ofc_745_2012.pdf
2012-01-01,744,COMUNICA TASA INTERES DE ACTUALIZACION - AGOSTO 2012,https://www.cmfchile.cl/normativa/ofc_744_2012.pdf
2012-01-01,2079,"SOLICITA APORTES CUMPLIMIENTO DECRETO LEY N° 1.757, MODIFICADO POR LEY N° 19.798, DE 25 DE ABRIL DE 2002, CORRESPONDIENTES AL MES DE JULIO DE 2012",https://www.cmfchile.cl/normativa/cir_2079_2012.pdf
2012-01-01,2078,MODIFICA CIRCULAR N° 1835 DE FECHA 23.04.2007,https://www.cmfchile.cl/normativa/cir_2078_2012.pdf
2012-01-01,743,COMUNCA NUEVO VALOR UNIDAD DE SEGURO REAJUSTABLE DE AGOSTO 2012,https://www.cmfchile.cl/normativa/ofc_743_2012.pdf
2012-01-01,2077,MODIFICA CIRCULAR N° 1962 DE 19 DE ENERO DE 2010.,https://www.cmfchile.cl/normativa/cir_2077_2012.pdf
2012-01-01,742,COMISIONES MAXIMAS A SER PAGADAS POR LOS FONDOS DE PENSIONES POR SUS INVERSIONES EN LOS INSTRUMENTOS QUE SE INDICAN,https://www.cmfchile.cl/normativa/ofc_742_2012.pdf
2012-01-01,741,INFORMA TASA DE VALORIZACION DE PASIVOS (CIRCULAR N° 1512 DE ENERO DE 2001),https://www.cmfchile.cl/normativa/ofc_741_2012.pdf
2012-01-01,2076,"MODIFICA CIRCULAR N° 2050 DE 07 DE DICIEMBRE DE 2011 QUE IMPARTE INSTRUCCIONES SOBRE IMPLEMENTACION IFRS Y MODIFICA CIRCULAR N° 2022 DE 17 DE MAYO DE 2011 QUE IMPARTE NORMAS SOBRE FORMA, CONTENIDO Y PRESENTACION DE LOS ESTADOS FINANCIEROS DE LAS ENTIDADES ASEGURADORAS Y REASEGURADORAS",https://www.cmfchile.cl/normativa/cir_2076_2012.pdf
2012-01-01,336,"ESTABLECE OFERTAS DE VALORES QUE NO CONSTITUYEN OFERTAS PUBLICAS, EN VIRTUD DE LO ESTABLECIDO EN EL INCISO SEGUNDO DEL ARTÍCULO 4° DE LA LEY N° 18.045",https://www.cmfchile.cl/normativa/ncg_336_2012.pdf
2012-01-01,2075,MODIFICA CIRCULAR N° 2052 DE 20 DE DICIEMBRE DE 2011 QUE MODIFICA CIRCULAR N° 1893 DE 16 DE SEPTIEMBRE DE 2008 QUE IMPARTE INSTRUCCIONES SOBRE POLIZAS DE SEGUROS COMO PLANES DE AHORRO PREVISIONAL VOLUNTARIO Y PLANES DE AHORRO PREVISIONAL VOLUNTARIO COLECTIVO,https://www.cmfchile.cl/normativa/cir_2075_2012.pdf
2012-01-01,740,COMUNICA NUEVO VALOR UNIDAD DE SEGURO REAJUSTABLE DE JULIO 2012,https://www.cmfchile.cl/normativa/ofc_740_2012.pdf
2012-01-01,2074,"SOLICITA APORTES CUMPLIMIENTO DECRETO LEY N° 1.757, MODIFICADO POR LEY N° 19.798, DE 25 DE ABRIL DE 2002, CORRESPONDIENTES AL MES DE JUNIO DE 2012",https://www.cmfchile.cl/normativa/cir_2074_2012.pdf
2012-01-01,739,COMUNICA TASA INTERES DE ACTUALIZACION - JULIO 2012,https://www.cmfchile.cl/normativa/ofc_739_2012.pdf
2012-01-01,738,INFORMA TASA DE VALORIZACION DE PASIVOS (CIRCULAR N° 1512 DE ENERO DE 2001),https://www.cmfchile.cl/normativa/ofc_738_2012.pdf
2012-01-01,2073,"IMPARTE INSTRUCCIONES SOBRE IMPLEMENTACION IFRS.
MODIFICA CIRCULARES N° 2022 Y N° 2050, DE 17 DE MAYO DE 2011 Y DE 07 DE DICIEMBRE DE 2011 RESPECTIVAMENTE, QUE IMPARTE NORMAS SOBRE FORMA, CONTENIDO Y PRESENTACION DE LOS ESTADOS FINANCIEROS DE LAS ENTIDADES ASEGURADORAS Y REASEGURADORAS",https://www.cmfchile.cl/normativa/cir_2073_2012.pdf
2012-01-01,737,IMPARTE INSTRUCCIONES A LAS BOLSAS DE VALORES RESPECTO A LA MANTENCION DE INFORMACION RELACIONADA CON LAS OFERTAS QUE SE INGRESAN A LOS DISTINTOS SISTEMAS DE NEGOCIACON BURSATIL,https://www.cmfchile.cl/normativa/ofc_737_2012.pdf
2012-01-01,736,INFORMA SOBRE TRATAMIENTO DE LOS DEPOSITOS CONVENIDOS EN POLIZAS DE SEGURO AUTORIZADAS COMO PLANES DE AHORRO PREVISIONAL VOLUNTARIO,https://www.cmfchile.cl/normativa/ofc_736_2012.pdf
2012-01-01,2072,MODIFICA CIRCULAR N° 1194 DE 20 DE ENERO DE 1995 QUE ESTABLECE NORMAS PARA EL ENVIO DE INFORMACION DE SEGUROS PREVISIONALES DEL D.L. N° 3.500,https://www.cmfchile.cl/normativa/cir_2072_2012.pdf
2012-01-01,735,COMUNICA TASA INTERES DE ACTUALIZACION - JUNIO 2012,https://www.cmfchile.cl/normativa/ofc_735_2012.pdf
2012-01-01,734,COMUNICA NUEVO VALOR UNIDAD DE SEGURO REAJUSTABLE DE JUNIO 2012,https://www.cmfchile.cl/normativa/ofc_734_2012.pdf
2012-01-01,2071,"SOLICITA APORTES CUMPLIMIENTO DECRETO LEY N° 1.757, MODIFICADO POR LEY N° 19.798, DE 25 DE ABRIL DE 2002, CORRESPONDIENTES AL MES DE MAYO DE 2012",https://www.cmfchile.cl/normativa/cir_2071_2012.pdf
2012-01-01,733,INFORMA TASA DE VALORIZACION DE PASIVOS (CIRCULAR N° 1512 DE ENERO DE 2001),https://www.cmfchile.cl/normativa/ofc_733_2012.pdf
2012-01-01,335,"IMPARTE INSTRUCCIONES SOBRE EL SISTEMA DE CONSULTAS Y OFERTAS DE MONTOS DE PENSION ESTABLECIDO POR EL ART. 61 BIS DEL D.L. N° 3.500, DE 1980.  MODIFICA NCG N° 218, DE LA SUPERINTENDENCIA DE VALORES Y SEGUROS Y EL TITULO II DEL LIBRO III DEL COMPENDIO DE NORMAS DE LA SUPERINTENDENCIA DE PENSIONES.  DEROGA LOS OFICIOS ORDINARIOS N° 5.280, 21.878, 14.757, 8.465 Y 11.551 DE LA SUPERINTENDENCIA DE VALORES Y SEGUROS; Y LOS OFICIOS ORDINARIOS N°  12.032, 31.923,  25.094, 18.075 Y 9.559 DE LA SUPERNINTE",https://www.cmfchile.cl/normativa/ncg_335_2012.pdf
2012-01-01,732,"IMPARTE INSTRUCCIONES QUE INDICA, POR SUSPENSION DE OFERTA PUBLICA, COTIZACION Y TRANSACCION DE ACCIONES DE SOCIEDAD DE INVERSIONES PAMPA CALICHERA S.A., NORTE GRANDE S.A., SOCIEDAD DE INVERSIONES ORO BLANCO S.A. Y POTASIOS DE CHILE S.A.",https://www.cmfchile.cl/normativa/ofc_732_2012.pdf
2012-01-01,731,SOLICITA INFORMES DE CONTROL INTERNO QUE INDICA,https://www.cmfchile.cl/normativa/ofc_731_2012.pdf
2012-01-01,730,SOLICITA INFORME DE CONTROL INTERNO QUE INDICA,https://www.cmfchile.cl/normativa/ofc_730_2012.pdf
2012-01-01,2070,MODIFICA CIRCLAR N° 1.809 DE 2006 EN LOS TERMINOS QUE INDICA,https://www.cmfchile.cl/normativa/cir_2070_2012.pdf
2012-01-01,2069,"SOLICITA APORTES CUMPLIMIENTO DECRETO LEY N° 1.757, MODIFICADO POR LEY N° 19.798, DE 25 DE ABRIL DE 2002, CORRESPONDIENTES AL MES DE ABRIL DE 2012",https://www.cmfchile.cl/normativa/cir_2069_2012.pdf
2012-01-01,729,"SOLICITA INFORMES DE LOS AUDITORES EXTERNOS, REFERIDOS EN CIRCULARES N° 980 DE 1990 Y N° 1.202 DE 1995",https://www.cmfchile.cl/normativa/ofc_729_2012.pdf
2012-01-01,728,COMUNICA NUEVO VALOR UNIDAD DE SEGURO REAJUSTABLE DE MAYO 2012,https://www.cmfchile.cl/normativa/ofc_728_2012.pdf
2012-01-01,727,COMUNICA TASA INTERES DE ACTUALIZACION - MAYO 2012,https://www.cmfchile.cl/normativa/ofc_727_2012.pdf
2012-01-01,726,INFORMA TASA DE VALORIZACION DE PASIVOS (CIRCULAR N° 1512 DE ENERO DE 2001),https://www.cmfchile.cl/normativa/ofc_726_2012.pdf
2012-01-01,2068,MODIFICA CIRCULAR N°2020 DE 02 DE MAYO 2011 EN LOS TERMINOS QUE INDICA,https://www.cmfchile.cl/normativa/cir_2068_2012.pdf
2012-01-01,334,OTORGA AUTORIZACION PARA REALIZAR ACTIVIDAD COMPLEMENTARIA QUE INDICA DE ACUERDO A LO ESTABLECIDO EN EL ARTICULO 1° DE LA LEY N° 18876,https://www.cmfchile.cl/normativa/ncg_334_2012.pdf
2012-01-01,2067,"ESTABLECE INSTRUCCIONES PARA LA PUBLICACION DE ESTADOS FINANCIEROS BAJO IFRS.
DEROGA CIRCULAR N° 1.799 DE 10.03.2006",https://www.cmfchile.cl/normativa/cir_2067_2012.pdf
2012-01-01,333,"MODIFICA NORMA DE CARACTER GENERAL 136, DE 2002, RELATIVA AL OTORGAMIENTO Y ADQUISICIÓN DE MUTUOS HIPOTECARIOS ENDOSABLES",https://www.cmfchile.cl/normativa/ncg_333_2012.pdf
2012-01-01,2066,MODIFICA CIRCULARES N° 1.947 DE 2009 Y N° 1.998 DE 2010 EN LOS TERMINOS QUE INDICA,https://www.cmfchile.cl/normativa/cir_2066_2012.pdf
2012-01-01,332,MODIFICA NORMAS DE CARACTER GENERAL N° 30 DE 1989 Y N° 118 DE 2001 EN LOS TERMINOS QUE INDICA Y DEROGA CIRCULAR N° 573 DE 1985,https://www.cmfchile.cl/normativa/ncg_332_2012.pdf
2012-01-01,331,ESTABLECE NORMAS RELATIVAS A LAS CONDICIONES Y COBERTURAS MINIMAS QUE DEBERAN CONTEMPLAR LOS SEGUROS ASOCIADOS A CREDITOS HIPOTECARIOS A QUE SE REFIERE EL ARTICULO 40 DEL D.F.L. N° 251,https://www.cmfchile.cl/normativa/ncg_331_2012.pdf
2012-01-01,330,"NORMAS PARA LA CONTRATACION INDIVIDUAL Y COLECTIVA DE SEGUROS ASOCIADOS A CREDITOS HIPOTECARIOS, CONDICIONES MINIMAS QUE DEBERAN CONTEMPLAR LAS BASES DE LICITACION DE ESTOS E INFORMACION QUE SE DEBERA ENTREGAR A LOS DEUDORES ASEGURADOS",https://www.cmfchile.cl/normativa/ncg_330_2012.pdf
2012-01-01,725,INFORMA SOBRE LA DETERMINACION DE LA TASA DE VALORIZACION DE PASIVOS,https://www.cmfchile.cl/normativa/ofc_725_2012.pdf
2012-01-01,2065,SOLICITA APORTES CUMPLIMIENTO DECRETO LEY N° 1.757 MODIFICACO POR LEY N° 19.798 DE 25 DE ABRIL DE 2002 CORRESPONDIENTES AL MES DE MARZO DE 2012,https://www.cmfchile.cl/normativa/cir_2065_2012.pdf
2012-01-01,724,COMUNICA TASA INTERES DE ACTUALIZACION - ABRIL 2012,https://www.cmfchile.cl/normativa/ofc_724_2012.pdf
2012-01-01,723,COMUNICA NUEVO VALOR UNIDAD DE SEGURO REAJUSTABLE DE ABRIL 2012,https://www.cmfchile.cl/normativa/ofc_723_2012.pdf
2012-01-01,722,INFORMA TASA DE VALORIZACION DE PASIVOS (CIRCULAR Nº 1512 DE ENERO DE 2001),https://www.cmfchile.cl/normativa/ofc_722_2012.pdf
2012-01-01,721,IMPARTE INSTRUCCIONES SOBRE PLAZO DE PRESENTACION DE INFORMACION FINANCIERA CORRESPONDIENTE AL EJERCICIO 2011.,https://www.cmfchile.cl/normativa/ofc_721_2012.pdf
2012-01-01,2064,"DEROGA CIRCULAR N°1127, DE 1993.",https://www.cmfchile.cl/normativa/cir_2064_2012.pdf
2012-01-01,329,"MODIFICA NCG 243, SOBRE CONSTITUCION DE RESERVAS TECNICAS DE SEGUROS DE INVALIDEZ Y SOBREVIVENCIA DEL D.L. 3.500 DE 1980",https://www.cmfchile.cl/normativa/ncg_329_2012.pdf
2012-01-01,2063,MODIFICA CIRCULARES N° 1.997 DE 2010 Y N° 1.581 DE 2002 EN LOS TERMINOS QUE INDICA Y DEROGA CIRCULAR N° 1.647 DE 2003,https://www.cmfchile.cl/normativa/cir_2063_2012.pdf
2012-01-01,2062,INSTRUYE RESPECTO AL TRATAMIENTO DE RECALCULO DE PENSION EN POLIZAS DE SEGUROS DE RENTA VITALICIA DEL D.L. N°3.500 DE 1980,https://www.cmfchile.cl/normativa/cir_2062_2012.pdf
2012-01-01,2061,MODIFICA CIRCULAR N°1700 DE 31 DE DICIEMBRE DE 2003 SOBRE REGULACION DE LA OPORTUNIDAD DEL PROCESO DE LIBERACION DE LAS RESERVAS MATEMATICAS,https://www.cmfchile.cl/normativa/cir_2061_2012.pdf
2012-01-01,720,MODIFICA OFICIO CIRCULAR N°479 DE 17.10.2008,https://www.cmfchile.cl/normativa/ofc_720_2012.pdf
2012-01-01,719,COMUNICA TASA INTERES DE ACTUALIZACION - MARZO 2012,https://www.cmfchile.cl/normativa/ofc_719_2012.pdf
2012-01-01,718,"ACLARA ASPECTOS RELACIONADOS CON LAS DISPOSICIONES CONTENIDAS EN LOS ARTICULOD 52, 59 Y 72 DE LA LEY N° 18.046 Y 239 DE LA LEY N° 18.045",https://www.cmfchile.cl/normativa/ofc_718_2012.pdf
2012-01-01,2060,"SOLICITA APORTES CUMPLIMIENTO DECRETO LEY N° 1.757, MODIFICADO POR LEY N° 19.798, DE 25 DE ABRIL DE 2002, CORRESPONDIENTES AL MES DE FEBRERO DE 2012",https://www.cmfchile.cl/normativa/cir_2060_2012.pdf
2012-01-01,717,"COMUNICA VALOR DE LA UNIDAD DE SEGURO REAJUSTABLE MENSUAL PARA MARZO 2012 Y UNIDAD DE SEGURO REAJUSTABLE TRIMESTRAL PARA ABRIL, MAYO Y JUNIO 2012",https://www.cmfchile.cl/normativa/ofc_717_2012.pdf
2012-01-01,2059,MODIFICA CIRCULAR N° 1.481 DE 25 DE MAYO DE 2000,https://www.cmfchile.cl/normativa/cir_2059_2012.pdf
2012-01-01,2058,ESTADO DE FLUJOS DE EFECTIVO,https://www.cmfchile.cl/normativa/cir_2058_2012.pdf
2012-01-01,328,ESTABLECE REQUISITOS DE LOS QUE PODRAN EXIMIRSE LAS SOCIEDADES EMISORAS DE ACCIONES QUE CUMPLAN LAS CONDICIONES QUE SE INDICAN.  DEROGA NORMA DE CARACCTER GENERAL N° 268 DE 29 DE DICIEMBRE DE 2009,https://www.cmfchile.cl/normativa/ncg_328_2012.pdf
2012-01-01,716,INFORMA TASA DE VALORIZACION DE PASIVOS Y TASA PARA VALORIZACION DEL BONO DE RECONOCIMIENTO (CIRCULAR N°1512 DE ENERO DE 2001 Y N° 1360 DE ENERO DE 1998),https://www.cmfchile.cl/normativa/ofc_716_2012.pdf
2012-01-01,715,PRESENTACION DE INFORMACION FINANCIERA BAJO IFRS PARA USO ESTATISTICO EN ARCHIVOS XBRL A PARTIR DEL EJERCICIO 2012,https://www.cmfchile.cl/normativa/ofc_715_2012.pdf
2012-01-01,2057,"ESTABLECE INSTRUCCIONES PARA LA PUBLICACION DE ESTADOS FINANCIEROS BAJO IFRS.
DEROGA CIRCULAR N° 673 DE 19.12.1986",https://www.cmfchile.cl/normativa/cir_2057_2012.pdf
2012-01-01,714,IMPARTE INSTRUCCIONES SOBRE PLAZOS DE PRESENTACION DE LA INFORMACION FINANCIERA CORRESPONDIENTE AL EJERCICIO 2012,https://www.cmfchile.cl/normativa/ofc_714_2012.pdf
2012-01-01,713,IMPARTE INSTRUCCIONES SOBRE PLAZO DE PRESENTACION DE INFORMACION FINANCIERA CORRESPONDIENTE AL EJERCICIO 2011 Y 2012,https://www.cmfchile.cl/normativa/ofc_713_2012.pdf
2012-01-01,2056,MODIFICA CICULAR N° 2010 DE 18 DE FEBRERO DE 2011,https://www.cmfchile.cl/normativa/cir_2056_2012.pdf
2012-01-01,327,"ESTABLECE REQUISITOS PARA QUE UN VALOR SEA CONSIDERADO DE PRESENCIA BURSATIL.
DEROGA N.C.G. N°103 DE 2001, CIRCULAR N° 481 DE 1985 Y CIRCULAR N° 1.644 DE 2003.",https://www.cmfchile.cl/normativa/ncg_327_2012.pdf
2012-01-01,326,"ESTABLECE REGULACIONES COMUNES CON RELACION AL SEGURO DE INVALIDEZ Y SOBREVIVENCIA.  MODIFICA EL TITULO VII, DEL LIBRO V, DEL COMPENDIO DE NORMAS DEL SISTEMA DE PENSIONES DE LA SUPERINTENDENCIA DE PENSIONES, Y LA NORMA DE CARACTER GENERAL N° 234 DE LA SUPERINTENDENCIA DE VALORES Y SEGUROS",https://www.cmfchile.cl/normativa/ncg_326_2012.pdf
2012-01-01,712,COMUNICA NUEVO VALOR UNIDAD DE SEGUROS REAJUSTABLE DE FEBRERO 2012,https://www.cmfchile.cl/normativa/ofc_712_2012.pdf
2012-01-01,711,COMUNICA TASA INTERES DE ACTUALIZACION - FEBRERO 2012,https://www.cmfchile.cl/normativa/ofc_711_2012.pdf
2012-01-01,710,INSTRUYE SOBRE ENVIO DE INFORMACION FINANCIERA ANUAL DE SUBSIDIARIAS DE ENTIDADES QUE HAN ADOPTADO IFRS A PARTIR DEL EJERCICIO 2011,https://www.cmfchile.cl/normativa/ofc_710_2012.pdf
2012-01-01,2055,"SOLICITA APORTES CUMPLIMIENTO DECRETO LEY N° 1.757, MODIFICADO POR LEY N° 19.798, DE 25 DE ABRIL DE 2002, CORRESPONDIENTES AL MES DE ENERO DE 2012",https://www.cmfchile.cl/normativa/cir_2055_2012.pdf
2012-01-01,709,INFORMA TASA DE VALORIZACION DE PASIVOS Y TASA PARA VALORIZACION DEL BONO DE RECONOCIMIENTO (CIRCULAR N° 1512 DE ENERO DE 2001 Y N° 1360 DE ENERO DE 1998),https://www.cmfchile.cl/normativa/ofc_709_2012.pdf
2012-01-01,708,IMPARTE INSTRUCCIONES SOBRE PLAZOS DE PRESENTACION DE LA INFORMACION FINANCIERA CORRESPONDIENTE AL EJERCICIO 2012,https://www.cmfchile.cl/normativa/ofc_708_2012.pdf
2011-01-01,2054,IMPARTE INSTRUCCIONES SOBRE CONTROL INTERNO Y GESTION DE RIESGOS PARA INTERMEDIARIOS DE VALORES,https://www.cmfchile.cl/normativa/cir_2054_2011.pdf
2011-01-01,325,"IMPARTE INSTRUCCIONES SOBRE SISTEMA DE GESTION DE RIESGOS DE LAS ASEGURADORAS Y EVALUACION DE SOLVENCIA DE LAS COMPAÑIAS POR PARTE DE LA SUPERINTENDENCIA. DEROGA NCG N° 130, DE 2002.",https://www.cmfchile.cl/normativa/ncg_325_2011.pdf
2011-01-01,2053,"MODIFICA CIRCULAR N° 2025 DE 24 DE MAYO DEL 2011, QUE REGULA FORMA Y CONTENIDO DEL REGISTRO DE PARTICIPES.",https://www.cmfchile.cl/normativa/cir_2053_2011.pdf
2011-01-01,707,COMUNICA TASA INTERES DE ACTUALIZACION - ENERO 2012,https://www.cmfchile.cl/normativa/ofc_707_2011.pdf
2011-01-01,2052,"MODIFICA CIRCULAR N° 1893, DE 16 DE SEPTIEMBRE DE 2008, QUE IMPARTE INSTRUCCIONES SOBRE POLIZAS DE SEGUROS COMO PLANES DE AHORRO PREVISIONAL VOLUNTARIO Y PLANES DE AHORRO PREVISIONAL VOLUNTARIO COLECTIVO",https://www.cmfchile.cl/normativa/cir_2052_2011.pdf
2011-01-01,324,"MODIFICA NORMA DE CARACTER GENERAL N° 152 DE 2002, SOBRE ACTIVOS REPRESENTATIVOS DE RESERVAS TECNICAS Y PATRIMONIO DE RIESGO",https://www.cmfchile.cl/normativa/ncg_324_2011.pdf
2011-01-01,706,COMUNICA NUEVO VALOR UNIDAD DE SEGURO REAJUSTABLE DE ENERO 2012,https://www.cmfchile.cl/normativa/ofc_706_2011.pdf
2011-01-01,2051,"SOLICITA APORTES CUMPLIMIENTO DECRETO LEY N°1.757, MODIFICADO POR LEY N° 19.798, DE 25 DE ABRIL DE 2002, CORRESPONDIENTES AL MES DE DICIEMBRE DE 2011",https://www.cmfchile.cl/normativa/cir_2051_2011.pdf
2011-01-01,2050,"IMPARTE INSTRUCCIONES SOBRE IMPLEMENTACION IFRS.
MODIFICA CIRCULAR N° 2022, DE 17 DE MAYO DE 2011, QUE IMPARTE NORMAS SOBRE FORMA, CONTENIDO Y PRESENTACION DE LOS ESTADOS FINANCIEROS DE LAS ENTIDADES ASEGURADORAS Y REASEGURADORAS",https://www.cmfchile.cl/normativa/cir_2050_2011.pdf
2011-01-01,705,INFORMA TASA DE VALORIZACION DE PASIVOS Y TASA PARA VALORIZACION DEL BONO DE RECONOCIMIENTO (CIRCULAR N° 1512 DE ENERO DE 2001 Y N° 1360 DE ENERO DE 1998),https://www.cmfchile.cl/normativa/ofc_705_2011.pdf
2011-01-01,323,"IMPARTE INSTRUCCIONES SOBRE DETERMINACION DEL PATRIMONIO DE RIESGO, PATRIMONIO NETO Y OBLIGACION DE INVERTIR.   DEROGA CIRCULAR N° 1570 DE 22.11.2001",https://www.cmfchile.cl/normativa/ncg_323_2011.pdf
2011-01-01,704,ACLARA ASPECTOS RELACIONADOS CON LA OBLIGACION DE PROVEER EL FOLLETO INFORMATIVO A QUE SE REFIERE LA CIRCULAR N° 2.027 DE 2011,https://www.cmfchile.cl/normativa/ofc_704_2011.pdf
2011-01-01,2049,"MODIFICA CIRCULAR N° 695 DE 1987, EN LOS TERMINOS QUE INDICA",https://www.cmfchile.cl/normativa/cir_2049_2011.pdf
2011-01-01,322,IMPARTE NORMAS SOBRE PRESENTACION Y TRATAMIENTO DE LA INFORMACION FINANCIERA BAJO IFRS,https://www.cmfchile.cl/normativa/ncg_322_2011.pdf
2011-01-01,703,COMUNICA TASA INTERES DE ACTUALIZACION - DICIEMBRE 2011,https://www.cmfchile.cl/normativa/ofc_703_2011.pdf
2011-01-01,2048,SOLICITA APORTES CUMPLIMIENTO DECRETO LEY N° 1.757 MODIFICADO POR LEY N° 19.798 DE 25 DE ABRIL DE 2002 CORRESPONDIENTES AL MES DE NOVIEMBRE DE 2011,https://www.cmfchile.cl/normativa/cir_2048_2011.pdf
2011-01-01,702,COMUNICA NUEVO VALOR UNIDAD DE SEGURO REAJUSTABLE DE DICIEMBRE 2011,https://www.cmfchile.cl/normativa/ofc_702_2011.pdf
2011-01-01,701,INFORMA TASA DE VALORIZACION DE PASIVOS Y TASA PARA VALORIZACION DEL BONO DE RECONOCIMIENTO (CIRCULAR N°1512 DE ENERO DE 2001 Y N° 1360 DE ENERO DE 1998),https://www.cmfchile.cl/normativa/ofc_701_2011.pdf
2011-01-01,2047,"ESTABLECE REQUISITOS PARA LA INVERSION DE FONDOS MUTUOS EN LOS INSTRUMENTOS QUE INDICA.
DEROGA CIRCULAR N° 1.516 DE 2001",https://www.cmfchile.cl/normativa/cir_2047_2011.pdf
2011-01-01,321,ESTABLECE DISPOSICIONES PARA EFECTOS DE LAS AUTORIZACIONES A QUE SE REFIERE EL ARTICULO 7°BIS DE LA LEY N° 18.657,https://www.cmfchile.cl/normativa/ncg_321_2011.pdf
2011-01-01,700,"RESOLUCIONES N° 1988 Y 1989, DEL CONSEJO DE SEGURIDAD DE LA ONU",https://www.cmfchile.cl/normativa/ofc_700_2011.pdf
2011-01-01,699,COMUNICA TASA INTERES DE ACTUALIZACION - NOVIEMBRE 2011,https://www.cmfchile.cl/normativa/ofc_699_2011.pdf
2011-01-01,698,COMUNICA NUEVO VALOR UNIDAD DE SEGURO REAJUSTABLE DE NOVIEMBRE 2011,https://www.cmfchile.cl/normativa/ofc_698_2011.pdf
2011-01-01,2046,"SOLICITA APORTES CUMPLIMIENTO DECRETO LEY N° 1.757, MODIFICADO POR LEY N° 19.798, DE 25 DE ABRIL DE 2002, CORRESPONDIENTES AL MES DE OCTUBRE DE 2011",https://www.cmfchile.cl/normativa/cir_2046_2011.pdf
2011-01-01,2045,"ESTABLECE REGULACIONES COMUNES RELATIVAS A LAS OBLIGACIONES DE LAS ADMINISTRADORAS DE FONDOS DE PENSIONES, COMPAÑIAS DE SEGUROS DE VIDA, MUTUALIDADES DE EMPLEADORES DE LA LEY N° 16.744, INSTITUTO DE SEGURIDAD LABORAL E INSTITUTO DE PREVISION SOCIAL, RESPECTO DE LA DETERMINACION Y PAGO DE LOS BENEFICIOS RELATIVOS A LA EXENCION DE LA COTIZACION LEGAL DE SALUD.  AGREGUESE EL SIGUIENTE NUEVO TITULO XVI AL LIBRO III DEL COMPENDIO DE NORMAS DEL SISTEMA DE PENSIONES DE LA SUPERINTENDENCIA DE PENSIONES",https://www.cmfchile.cl/normativa/cir_2045_2011.pdf
2011-01-01,697,INFORMA TASA DE VALORIZACION DE PASIVOS Y TASA PARA VALORIZACION DEL BONO DE RECONOCIMIENTO (CIRCULAR N° 1512 DE ENERO DE 2001 Y N° 1360 DE ENERO DE 1998),https://www.cmfchile.cl/normativa/ofc_697_2011.pdf
2011-01-01,2044,MODIFICA CIRCULAR N°1835 DE 23.04.2007,https://www.cmfchile.cl/normativa/cir_2044_2011.pdf
2011-01-01,696,VIGENCIA DEL REGLAMENTO DE CREDITOS UNIVERSALES DE LA LEY N°20.448,https://www.cmfchile.cl/normativa/ofc_696_2011.pdf
2011-01-01,695,VIGENCIA DEL REGLAMENTO DE CREDITOS UNIVERSALES DE LA LEY N° 20.448,https://www.cmfchile.cl/normativa/ofc_695_2011.pdf
2011-01-01,2043,INSTRUYE ENVIO DE INFORMACION DE VEHICULOS CON PERDIDA TOTAL VENDIDOS O REMATADOS,https://www.cmfchile.cl/normativa/cir_2043_2011.pdf
2011-01-01,694,ACREDITACION DE BENEFICIARIOS DE PENSION DE SOBREVIVENCIA.   DEROGA OFICIO CIRCULAR N° 6151 DE 20.09.2000,https://www.cmfchile.cl/normativa/ofc_694_2011.pdf
2011-01-01,2042,MODIFICA CIRCULAR N° 1584 DE 21.01.2002,https://www.cmfchile.cl/normativa/cir_2042_2011.pdf
2011-01-01,2041,MODIFICA CIRCULAR N° 1583 DE 21.01.2002,https://www.cmfchile.cl/normativa/cir_2041_2011.pdf
2011-01-01,693,INFORMA OPERATIVIDAD DEL SISTEMA SEIL,https://www.cmfchile.cl/normativa/ofc_693_2011.pdf
2011-01-01,692,MODIFICA OFICIO CIRCULAR N° 684 DE 29.07.11,https://www.cmfchile.cl/normativa/ofc_692_2011.pdf
2011-01-01,691,COMUNICA TASA INTERES DE ACTUALIZACION - OCTUBRE 2011,https://www.cmfchile.cl/normativa/ofc_691_2011.pdf
2011-01-01,690,COMUNICA NUEVO VALOR UNIDAD DE SEGURO REAJUSTABLE DE OCTUBRE 2011,https://www.cmfchile.cl/normativa/ofc_690_2011.pdf
2011-01-01,2040,MODIFICA CIRCULARES N°1951 DE 2009 Y N° 1965 DE 2010 EN LOS TERMINOS QUE INDICA,https://www.cmfchile.cl/normativa/cir_2040_2011.pdf
2011-01-01,2039,"SOLICITA APORTES CUMPLIMIENTO DECRETO LEY N° 1757, MODIFICADO POR LEY N° 19798, DE 25 DE ABRIL DE 2002, CORRESPONDIENTES AL MES DE SEPTIEMBRE DE 2011.",https://www.cmfchile.cl/normativa/cir_2039_2011.pdf
2011-01-01,689,INFORMA TASA DE VALORIZACION DE PASIVOS Y  TASA PARA VALORIZACION DEL BONO DE RECONOCIMIENTO (CIRCULAR N° 1512 DE ENERO DE 2001 Y N° 1360 DE ENERO DE 1998),https://www.cmfchile.cl/normativa/ofc_689_2011.pdf
2011-01-01,320,"MODIFICA NORMA DE CARACTER GENERAL N°306, DE 2011, SOBRE CONSTITUCION DE RESERVAS TECNICAS EN SEGUROS DISTINTOS DE LOS SEGUROS PREVISIONALES DEL DL N° 3500, DE 1980.",https://www.cmfchile.cl/normativa/ncg_320_2011.pdf
2011-01-01,319,"MODIFICA NCG N°243, SOBRE CONSTITUCION DE RESERVAS TECNICAS EN EL SEGURO DE INVALIDEZ Y SOBREVIVENCIA DEL D.L. N°3500 DE 1980.",https://www.cmfchile.cl/normativa/ncg_319_2011.pdf
2011-01-01,318,"IMPARTE INSTRUCCIONES SOBRE APLICACION DE NORMAS IFRS EN LA CONSTITUCION DE RESERVAS TECNICAS DE LOS SEGUROS DE RENTA VITALICIA Y DE INVALIDEZ Y SOBREVIVENCIA, DEL D.L. N°3500 DE 1980",https://www.cmfchile.cl/normativa/ncg_318_2011.pdf
2011-01-01,2038,"AUTORIZA VALORES PARA SER CONSIDERADOS ELEGIBLES PARA EFECTOS DE LO DISPUESTO EN ARTICULO 13 N°2 DEL D.L. 1328, DE 1976. DEROGA CIRCULAR N°1818, DE 2006.",https://www.cmfchile.cl/normativa/cir_2038_2011.pdf
2011-01-01,2037,"MODIFICA CIRCULAR N° 2007 DE 4 DE FEBRERO DE 2011, SOBRE REGISTRO PUBLICO DE PRESIDENTES, DIRECTORES, GERENTES, EJECUTIVOS PRINCIPALES, ADMINISTRADORES Y LIQUIDADORES Y SU MODIFICACION CONTINUA.  MODIFICA OFICIO CIRCLAR N° 3.572 DE 9 DE JUNIO DE 2000",https://www.cmfchile.cl/normativa/cir_2037_2011.pdf
2011-01-01,317,MODIFICA NORMA DE CARACTER GENERAL N° 152 DE 2002 SOBRE ACTIVOS REPRESENTATIVOS DE RESERVAS TECNICAS Y PATRIMONIO DE RIESGO,https://www.cmfchile.cl/normativa/ncg_317_2011.pdf
2011-01-01,316,"NORMAS SOBRE VALORIZACION DE INVERSIONES INMOBILIARIAS. DEROGA CIRCULAR N°1360 DE ENERO DE 1998, NORMA DE CARACTER GENERAL N°42 DE JULIO DE 1992 Y OFICIO CIRCULAR N°652 DE DICIEMBRE DE 2010.",https://www.cmfchile.cl/normativa/ncg_316_2011.pdf
2011-01-01,688,COMUNICA NUEVO VALOR UNIDAD DE SEGURO REAJUSTABLE DE SEPTIEMBRE 2011,https://www.cmfchile.cl/normativa/ofc_688_2011.pdf
2011-01-01,687,COMUNICA TAS INTERES DE ACTUALIZACION - SEPTIEMBRE 2011,https://www.cmfchile.cl/normativa/ofc_687_2011.pdf
2011-01-01,2036,"SOLICITA APORTES CUMPLIMIENTO DECRETO LEY N°1757, MODIFICADO POR LEY N° 19798, DE 25 DE ABRIL DE 2002, CORRESPONDIENTES AL MES DE AGOSTO DE 2011",https://www.cmfchile.cl/normativa/cir_2036_2011.pdf
2011-01-01,686,COMUNICA NUEVO NUMERO TELEFONICO DE LA SUPERINTENDENCIA DE VALORES Y SEGUROS,https://www.cmfchile.cl/normativa/ofc_686_2011.pdf
2011-01-01,685,INFORMAR TASA DE VALORIZACION DE PASIVOS Y TASA PARA VALORIZACION DEL BONO DE RECONOCIMIENTO (CIRCULAR N° 1512 DE ENERO DE 2001 Y N° 1360 DE ENERO DE 1998),https://www.cmfchile.cl/normativa/ofc_685_2011.pdf
2011-01-01,315,"MODIFICA DISPOSICION TRANSITORIA DE LA NORMA DE CARACTER GENERAL N° 314, DE 27 DE JULIO DE 2011",https://www.cmfchile.cl/normativa/ncg_315_2011.pdf
2011-01-01,684,PRECISA INSTRUCCIONES RESPECTO DEL INFORME DE EMPRESAS DE AUDITORIA EXTERNA SOBRE SALDOS DE VALORES DE TERCEROS EN CUSTODIA QUE REQUIERE LA CIRCULAR N° 1.962 A LOS INTERMEDIARIOS DE VALORES,https://www.cmfchile.cl/normativa/ofc_684_2011.pdf
2011-01-01,314,"REGULA NUEVA FORMA DE USO DEL SISTEMA DE ENVIO DE INFORMACION EN LINEA PARA LA PRESENTACION DE INFORMACION LEGAL, ECONOMICA Y FINANCIERA A TRAVES DE INTERNET.   DEROGA NORMA DE CARACTER GENERAL N° 117 DE 2001",https://www.cmfchile.cl/normativa/ncg_314_2011.pdf
2011-01-01,683,COMUNICA TASA INTERES DE ACTUALIZACION - AGOSTO 2011,https://www.cmfchile.cl/normativa/ofc_683_2011.pdf
2011-01-01,682,COMUNICA NUEVO VALOR UNIDAD DE SEGURO REAJUSTABLE DE AGOSTO DE 2011,https://www.cmfchile.cl/normativa/ofc_682_2011.pdf
2011-01-01,2035,SOLICITA APORTES CUMPLIMIENTO DECRETO LEY N° 1.757 MODIFICADO POR LEY N° 19.798 DE 25 DE ABRIL DE 2002 CORRESPONDIENTES AL MES DE JULIO DE 2011,https://www.cmfchile.cl/normativa/cir_2035_2011.pdf
2011-01-01,681,INFORMA TASA DE VALORIZACION DE PASIVOS Y TASA PARA VALORIZACION DEL BONO DE RECONOCIMIENTO (CIRCULAR N° 1512 DE ENERO DE 2001 Y N° 1360 DE ENERO DE 1998).,https://www.cmfchile.cl/normativa/ofc_681_2011.pdf
2011-01-01,680,COMISIONES MAXIMAS A SER PAGAS POR LOS FONDOS DE PENSIONES POR SUS INVERSIONES EN LOS INSTRUMENTOS QUE SE INDICAN,https://www.cmfchile.cl/normativa/ofc_680_2011.pdf
2011-01-01,2034,MODIFICA CIRCULAR N° 2027 DE 2011 EN LOS TERMINOS QUE INDICA,https://www.cmfchile.cl/normativa/cir_2034_2011.pdf
2011-01-01,679,"ACLARA PROCEDIMIENTO DE SOLICITUDES DE INSCRIPCION EN EL ""REGISTRO PUBLICO DE DEPOSITO DE REGLAMENTOS INTERNOS Y CONTRATOS DE SUSCRIPCION DE CUOTAS DE FONDOS MUTUOS",https://www.cmfchile.cl/normativa/ofc_679_2011.pdf
2011-01-01,313,"IMPARTE INSTRUCCIONES A FONDOS MUTUOS QUE ESTABLEZCAN COMO POLITICA DE INVERSION CONDICIONAR SUS INVERSIONES O LA RENTABILIDAD AL COMPORTAMIENTO DE UN INDICE.
MODIFICA CIRCULAR N° 1753 DE 2005",https://www.cmfchile.cl/normativa/ncg_313_2011.pdf
2011-01-01,312,IMPARTE INSTRUCCIONES A FONDOS MUTUOS QUE CONTEMPLEN EN SUS REGLAMENTOS INTERNOS EL APORTE Y RESCATE DE CUOTAS EN INSTRUMENTOS,https://www.cmfchile.cl/normativa/ncg_312_2011.pdf
2011-01-01,2033,MODIFICA CIRCULAR N° 1194 DE 20 DE ENERO DE 1995 QUE ESTABLECE NORMAS PARA EL ENVIO DE INFORMACION DE SEGUROS PREVISIONALES DEL D.L. N° 3.500,https://www.cmfchile.cl/normativa/cir_2033_2011.pdf
2011-01-01,311,"NORMAS SOBRE VALORIZACION DE INVERSIONES.  DEROGA CIRCULAR N° 1360 DE 5 DE ENERO DE 1998, EN LO QUE CORRESPONDE A INVERSIONES FINANCIERAS",https://www.cmfchile.cl/normativa/ncg_311_2011.pdf
2011-01-01,2032,IMPARTE INSTRUCCIONES RELATIVAS A INFORMACION A LOS PARTICIPES SOBRE MODIFICACIONES QUE SE INCORPOREN EN LOS REGLAMENTOS INTERNOS Y CONTRATOS DE SUSCRIPCION DE CUOTAS DE FONDO MUTUOS.  DEROGA CIRCULAR N° 1.740 DE 2005,https://www.cmfchile.cl/normativa/cir_2032_2011.pdf
2011-01-01,310,"MODIFICA NORMAS DE CARACTER GENERAL N° 235 DE 2009, N° 74 DE 1997 Y CIRCULAR N° 1.269 DE 1996, EN LOS TERMINOS QUE INDICA",https://www.cmfchile.cl/normativa/ncg_310_2011.pdf
2011-01-01,2031,REEMPLAZA EL N° 4 DE LAS DISPOSICIONES TRANSITORIAS DE LA CIRCULAR N° 2.027 DE 2011,https://www.cmfchile.cl/normativa/cir_2031_2011.pdf
2011-01-01,2030,"IMPARTE INSTRUCCIONES PARA TRAMITACION, APLICACION Y RENDICION DE CUENTAS DE LOS RECURSOS ESPECIALES DE LA LEY DE PRESUPUESTOS PARA LA RECONSTRUCCION Y REPARACION DE CUARTELES AFECTADOS POR EL TERREMOTO, BAJO LA MODALIDAD DE CONVENIO ENTRE LA JUNTA NACIONAL DE CUERPOS DE BOMBEROS Y LAS DIRECCIONES REGIONALES DE ARQUITECTURA DEL MINISTERIO DE OBRAS PUBLICAS",https://www.cmfchile.cl/normativa/cir_2030_2011.pdf
2011-01-01,2029,POSTERGA ENTRADA EN VIGENCIA DE CIRCULAR N° 2.025 DE 2011 SOBRE LA FORMA Y EL CONTENIDO DEL REGISTRO DE PARTICIPES,https://www.cmfchile.cl/normativa/cir_2029_2011.pdf
2011-01-01,309,PRINCIPIOS DE GOBIERNO CORPORATIVO Y SISTEMAS DE GESTION DE RIESGO Y CONTROL INTERNO,https://www.cmfchile.cl/normativa/ncg_309_2011.pdf
2011-01-01,678,"IMPARTE INSTRUCCIONES QUE INDICA, POR SUSPENSION DE COTIZACION DE LOS TITULOS DE ""EMPRESAS LA POLAR S.A."".",https://www.cmfchile.cl/normativa/ofc_678_2011.pdf
2011-01-01,677,COMUNICA NUEVO VALOR UNIDAD DE SEGURO REAJUSTABLE DE JULIO 2011,https://www.cmfchile.cl/normativa/ofc_677_2011.pdf
2011-01-01,2028,SOLICITA APORTES CUMPLIMIENTO DECRETO LEY N° 1.757 MODIFICADO POR LEY N° 19.798 DE 25 DE ABRIL DE 2002 CORRESPONDIENTES AL MES DE JUNIO DE 2011,https://www.cmfchile.cl/normativa/cir_2028_2011.pdf
2011-01-01,676,INFORMA TASA DE VALORIZACION DE PASIVOS Y TASA PARA VALORIZACION DEL BONO DE RECONOCIMIENTO (CIRCULAR N° 1512 DE ENERO DE 2001 Y N° 1360 DE ENERO DE 1998),https://www.cmfchile.cl/normativa/ofc_676_2011.pdf
2011-01-01,2027,"1.- ESTABLECE CONTENIDOS MINIMOS DE REGLAMENTOS INTERNOS Y TEXTOS DE CONTRATOS DE FONDOS MUTUOS.
2.- REGULA FORMA EN QUE DEBERAN REMITIRSE LOS ANTECEDENTES OBJETO DE DEPOSITO.
3.- IMPARTE INSTRUCCIONES RESPECTO A LAS MODIFICACIONES INTRODUCIDAS A LOS ANTECEDENTES DEPOSITADOS.
4.- INSTRUYE ACERCA DE LA INFORMACION MINIMA QUE DEBE PROPORCIONARSE A LOS PARTICIPES AL MOMENTO DE LA INVERSION.
5.- DEROGA CIRCULARES NUMEROS 1.541 DE 2001 Y 1.633 DE 2002 Y SUS MODIFICACIONES",https://www.cmfchile.cl/normativa/cir_2027_2011.pdf
2011-01-01,2026,"MODIFICA LA LETRA K DEL TITULO V DEL LIBRO III DEL COMPENDIO DE NORMAS DEL SISTEMA DE PENSIONES DE LA SUPERINTENDENCIA DE PENSIONES, Y LA CIRCULAR N° 1928 DE LA SUPERINTENDENCIA DE VALORES Y SEGUROS",https://www.cmfchile.cl/normativa/cir_2026_2011.pdf
2011-01-01,2025,REGULA FORMA Y CONTENIDO DEL REGISTRO DE PARTICIPES,https://www.cmfchile.cl/normativa/cir_2025_2011.pdf
2011-01-01,2024,"ESTABLECE FORMA Y CONDICIONES DE COMUNICACION AL PUBLICO SOBRE TITULOS O CERTIFICADOS NOMINATIVOS ANULADOS POR EXTRAVIO, HURTO O INUTILIZACION Y EMISION DE NUEVOS TITULOS",https://www.cmfchile.cl/normativa/cir_2024_2011.pdf
2011-01-01,2023,"ESTABLECE REGULACIONES PARA LA FUSION Y DIVISION DE FONDOS, O SUS SERIES",https://www.cmfchile.cl/normativa/cir_2023_2011.pdf
2011-01-01,308,"IMPARTE INSTRUCCIONES SOBRE LAS CONDICIONES E INFORMACION MINIMA QUE DEBEN CUMPLIR LAS INVERSIONES DE LOS FONDOS MUTUOS.
DEROGA CIRCULAR N° 1.217 DE 29.05.1995 Y SUS MODIFICACIONES",https://www.cmfchile.cl/normativa/ncg_308_2011.pdf
2011-01-01,2022,"IMPARTE NORMAS SOBRE FORMA CONTENIDO Y PRESENTACION DE LOS ESTADOS FINANCIEROS DE LAS ENTIDADES ASEGURADORAS Y REASEGURADORAS.
DEROGA CIRCULARES N° 103 DE 12.11.1981 N° 109 DE 14.12.1981 N° 1122 DE 24.05.1993 N° 1439 DE 10.06.1999 Y N° 1465 DE 13.01.2000",https://www.cmfchile.cl/normativa/cir_2022_2011.pdf
2011-01-01,675,COMUNICA TASA INTERES DE ACTUALIZACION JUNIO 2011,https://www.cmfchile.cl/normativa/ofc_675_2011.pdf
2011-01-01,307,"OTORGA AUTORIZACION PARA REALIZAR ACTIVIDAD COMPLEMENTARIA QUE INDICA, DE ACUERDO A LO ESTABLECIDO EN EL ARTICULO 1° DE LA LEY N° 18.876",https://www.cmfchile.cl/normativa/ncg_307_2011.pdf
2011-01-01,2021,"SOLICITA APORTES CUMPLIMIENTO DECRETO LEY N° 1.757, MODIFICADO POR LEY N° 19.798 DE 25 DE ABRIL DE 2002, CORRESPONDIENTES AL MES DE MAYO DE 2011",https://www.cmfchile.cl/normativa/cir_2021_2011.pdf
2011-01-01,674,COMUNICA NUEVO VALOR UNIDAD DE SEGURO REAJUSTABLE DE JUNIO 2011,https://www.cmfchile.cl/normativa/ofc_674_2011.pdf
2011-01-01,673,INFORMA TASA DE VALORIZACION DE PASIVOS Y TASA PARA VALORIZACION DEL BONO DE RECONOCIMIENTO (CIRCULAR N° 1512 DE ENERO DE 2001 Y N° 1360 DE ENERO DE 1998),https://www.cmfchile.cl/normativa/ofc_673_2011.pdf
2011-01-01,2020,"INSTRUYE SOBRE LA COMUNICACION, GESTION Y RESOLUCION DE INCIDENTES OPERACIONALES CRITICOS.
DEROGA INSTRUCCIONES CONTENIDAS EN LOS OFICIOS N° 15.135 Y N° 15.136, AMBOS DE 2009",https://www.cmfchile.cl/normativa/cir_2020_2011.pdf
2011-01-01,2019,MODIFICA CIRCULAR N° 1.770 DE 30 DE AGOSTO DE 2005,https://www.cmfchile.cl/normativa/cir_2019_2011.pdf
2011-01-01,2018,"MODIFICA CIRCULAR N°2.000 DE 31.12.2010 AMPLIANDO EL PLAZO PARA LA PRESENTACION DE ESTADOS FINANCIEROS ""PRO FORMA"" BAJO IFRS AL 31 DE DICIEMBRE DE 2010 DE LOS FONDOS PARA LA VIVIENDA",https://www.cmfchile.cl/normativa/cir_2018_2011.pdf
2011-01-01,2017,"MODIFICA CIRCULAR N°1.999 DE 31.12.2010 AMPLIANDO EL PLAZO PARA LA PRESENTACION DE ESTADOS FINANCIEROS ""PRO FORMA"" BAJO IFRS AL 31 DE DICIEMBRE DE 2010 DE LOS FONDOS DE INVERSION DE CAPITAL EXTRANJERO",https://www.cmfchile.cl/normativa/cir_2017_2011.pdf
2011-01-01,2016,"MODIFICA CIRCULAR N°1.998 DE 31.12.2010 AMPLIANDO EL PLAZO PARA LA PRESENTACION DE ESTADOS FINANCIEROS ""PRO FORMA"" BAJO IFRS AL 31 DE DICIEMBRE DE 2010 DE LOS FONDOS DE INVERSION",https://www.cmfchile.cl/normativa/cir_2016_2011.pdf
2011-01-01,2015,"MODIFICA CIRCULAR N° 1.997 DE 30.12.2010 AMPLIANDO EL PLAZO PARA LA PRESENTACION DE ESTADOS FINANCIEROS ""PRO FORMA"" BAJO IFRS AL 31 DE DICIEMBRE DE 2010 DE LOS FONDOS MUTUOS",https://www.cmfchile.cl/normativa/cir_2015_2011.pdf
2011-01-01,306,"IMPARTE INSTRUCCIONES SOBRE CONSTITUCION DE RESERVAS TECNICAS EN SEGUROS DISTINTOS DE LOS SEGUROS PREVISIONALES DEL DL N° 3.500, DE 1980.  DEROGA CIRCULARES N° 376 DE 1983, N° 530 DE 1985, N° 637 DE 1986, N° 652 DE 1986, N°1126 DE 1993, N° 1510 DE 1979, N° 1540 DE 1979, N°033 DE 1981, N°1476 DE 2000, N° 1681 DE 2003 Y NORMA DE CARACTER GENERAL N° 132, DE 2002",https://www.cmfchile.cl/normativa/ncg_306_2011.pdf
2011-01-01,672,COMUNICA NUEVO VALOR UNIDAD DE SEGURO REAJUSTABLE DE MAYO 2011,https://www.cmfchile.cl/normativa/ofc_672_2011.pdf
2011-01-01,671,COMUNICA TASA INTERES DE ACTUALIZACION - MAYO 2011,https://www.cmfchile.cl/normativa/ofc_671_2011.pdf
2011-01-01,2014,"SOLICITA APORTES CUMPLIMIENTO DECRETO LEY N° 1.757, MODIFICADO POR LEY N° 19.798, DE 25 DE ABRIL DE 2002, CORRESPONDIENTES AL MES DE ABRIL DE 2011",https://www.cmfchile.cl/normativa/cir_2014_2011.pdf
2011-01-01,305,"ESTABLECE REGULACIONES COMUNES EN RELACION CON COTIZACIONES VOLUNTARIAS, DEPOSITOS CONVENIDOS, DEPOSITOS DE AHORRO PREVISIONAL VOLUNTARIO Y AHORRO PREVISIONAL VOLUNTARIO COLECTIVO.  MODIFICA LIBRO II, TITULOS II Y IV DEL COMPENDIO DE NORMAS DEL SISTEMA DE PENSIONES DE LA SUPERINTENDENCIA DE PENSIONES, CIRCULARES N°S. 3.445 Y 3.446 DE LA SUPERINTENDENCIA DE BANCOS E INSTITUCIONES  FINANCIERAS Y NORMAS DE CARACTER GENERAL N°S. 226 Y 227 DE LA SUPERINTENDENCIA DE VALORES Y SEGUROS",https://www.cmfchile.cl/normativa/ncg_305_2011.pdf
2011-01-01,670,INFORMA TASA DE VALORIZACION DE PASIVOS Y TASA PARA VALORIZACION DEL BONO DE RECONOCIMIENTO (CIRCULAR N° 1512 DE ENERO DE 2001 Y N° 1360 DE ENERO DE 1998),https://www.cmfchile.cl/normativa/ofc_670_2011.pdf
2011-01-01,2013,"IMPARTE INSTRUCCIONES PARA TRAMITACION, APLICACION Y RENDICION DE CUENTAS DE LOS RECURSOS ESPECIALES DE LA LEY DE PRESUPUESTOS PARA RECONSTRUCCION Y REPARACION CUARTELES AFECTADOS POR EL TERREMOTO (ITEM 33-01-005)",https://www.cmfchile.cl/normativa/cir_2013_2011.pdf
2011-01-01,669,DESIGNACION DE EMPRESAS DE AUDITORIA EXTERNA POR ORGANIZACIONES DEPORTIVAS PROFESIONALES,https://www.cmfchile.cl/normativa/ofc_669_2011.pdf
2011-01-01,668,"SOLICITA INFORMES DE LOS AUDITORES EXTERNOS, REFERIDOS EN CIRCULARES N° 980 DE 1990  Y N° 1.202 DE 1995",https://www.cmfchile.cl/normativa/ofc_668_2011.pdf
2011-01-01,667,COMUNICA NUEVO VALOR UNIDAD DE SEGURO REAJUSTABLE DE ABRIL 2011,https://www.cmfchile.cl/normativa/ofc_667_2011.pdf
2011-01-01,666,COMUNICA TASA INTERES DE ACTUALIZACION - ABRIL 2011,https://www.cmfchile.cl/normativa/ofc_666_2011.pdf
2011-01-01,2012,"SOLICITA APORTES CUMPLIMIENTO DECRETO LEY N° 1.757, MODIFICADO POR LEY N° 19.798, DE 25 DE ABRIL DE 2002, CORRESPONDIENTES AL MES DE MARZO DE 2011",https://www.cmfchile.cl/normativa/cir_2012_2011.pdf
2011-01-01,304,"1.- ESTABLECE PROCEDIMIENTO DE INSCRIPCION DE TITULOS DE DEUDA EMITIDOS POR ESTADOS EXTRANJEROS, ORGANIZACIONES INTERNACIONALES O SUPRANACIONALES Y ENTIDADES EXTRANJERAS, EN EL REGISTRO DE VALORES, LA OFERTA PUBLICA DE LOS MISMOS EN CHILE, SU DIFUSION, COLOCACION Y OBLIGACIONES DE INFORMACION.
2.- DEROGA NORMA DE CARACTER GENERAL N° 193 DE 2006 Y SUS MODIFICACIONES",https://www.cmfchile.cl/normativa/ncg_304_2011.pdf
2011-01-01,2011,IMPARTE INSTRUCCIONES REFERIDAS A NOTA SOBRE INTANGIBLES DE LOS ESTADOS FINANCIEROS,https://www.cmfchile.cl/normativa/cir_2011_2011.pdf
2011-01-01,665,INFORMA TASA DE VALORIZACION DE PASIVOS Y TASA PARA VALORIZACION DEL BONO DE RECONOCIMIENTO (CIRCULAR N° 1512 DE ENERO DE 2001 Y N° 1360 DE ENERO DE 1998),https://www.cmfchile.cl/normativa/ofc_665_2011.pdf
2011-01-01,2010,"INSTRUYE SOBRE EL ENVIO DE INFORMACION REQUERIDA MEDIANTE N.C.G. N° 132, CIRCULARES N° 979, 991, 1122, 1439, 1441 Y 1681 Y OFICIO CIRCULAR N° 1368 DE 1993",https://www.cmfchile.cl/normativa/cir_2010_2011.pdf
2011-01-01,2009,"COMPLEMENTA CIRCULAR N° 2007 DE 4 DE FEBRERO DE 2011.
REQUIERE ORGANIGRAMA QUE INDICA.
DEROGA OFICIO CIRCULAR N° 382 DE 29 DE ENERO DE 2007",https://www.cmfchile.cl/normativa/cir_2009_2011.pdf
2011-01-01,303,"NORMA APLICABLE A LAS EMISIONES DE TITULOS DE DEUDA DE SECURITIZACION, A SU INSCRIPCION EN EL REGISTRO DE VALORES, A LA DIFUSION Y PUBLICIDAD DE DICHAS EMISIONES Y A SU INFORMACION CONTINUA.  DEROGA NORMA DE CARACTER GENERAL N° 214, DE 2008",https://www.cmfchile.cl/normativa/ncg_303_2011.pdf
2011-01-01,664,"COMUNICA VALOR DE LA UNIDAD DE SEGURO REAJUSTABLE MENSUAL PARA MARZO 2011 Y TRIMESTRAL PARA ABRIL, MAYO Y JUNIO DE 2011",https://www.cmfchile.cl/normativa/ofc_664_2011.pdf
2011-01-01,663,INFORMA TASA DE VALORIZACION DE PASIVOS Y TASA PARA VALORIZACION DEL BONO DE RECONOCIMIENTO (CIRCULAR 1512 DE ENERO DE 2001 Y N° 1360 DE ENERO DE 1998),https://www.cmfchile.cl/normativa/ofc_663_2011.pdf
2011-01-01,662,COMUNICA TASA DE INTERES DE ACTUALIZACION MARZO 2011,https://www.cmfchile.cl/normativa/ofc_662_2011.pdf
2011-01-01,2008,"SOLICITA APORTES CUMPLIMIENTO DECRETO LEY N° 1.757, MODIFICADO POR LEY N° 19.798 DE 25 DE ABRIL DE 2002 CORRESPONDIENTES AL MES DE FEBRERO DE 2011",https://www.cmfchile.cl/normativa/cir_2008_2011.pdf
2011-01-01,661,"IMPARTE INSTRUCCIONES RELATIVAS A LA INCORPORACION DE NOTAS ESTRUCTURADAS, FONDOS DE INVERSION PUBLICOS O PRIVADOS QUE TENGAN COMO UNICO ACTIVO SUBYACENTE LAS MENCIONADAS ESTRUCTURAS Y CUALQUIER OTRO ACTIVO QUE TENGA COMO SUBYACENTE INSTRUMENTOS ESTRUCTURADOS  DE LOS ANTES MENCIONADOS EN LA MEDICION DE CALCE Y TSA SEGUN CIRCULAR N° 1512 DE 02/01/2011 Y NORMA DE CARACTER GENERAL N° 209 DE 24/12/2007. DEROGA OFICIO CIRCULAR N° 570 DE 17/02/2010.",https://www.cmfchile.cl/normativa/ofc_661_2011.pdf
2011-01-01,2007,"REGISTRO PUBLICO DE PRESIDENTES, DIRECTORES, GERENTES, EJECUTIVOS PRINCIPALES, ADMINISTRADORES Y LIQUIDADORES Y SU ACTUALIZACION CONTINUA. MODIFICA OFICIO CIRCULAR N° 3572 DE 09.06.2000",https://www.cmfchile.cl/normativa/cir_2007_2011.pdf
2011-01-01,660,IMPARTE INSTRUCCIONES SOBRE ADOPCION DE LAS IFRS DE ENTIDADES QUE INDICA,https://www.cmfchile.cl/normativa/ofc_660_2011.pdf
2011-01-01,659,INSTRUYE SOBRE ENVIO DE INFORMACION FINANCIERA ANUAL DE SUBSIDIARIAS EN ENTIDADES QUE HAN ADOPTADO LASA IFRS A PARTIR DE LOS EJERCICIOS 2009 Y 2010,https://www.cmfchile.cl/normativa/ofc_659_2011.pdf
2011-01-01,2006,MODIFICA CIRCULAR N° 1835 DE FECHA 23.04.2007,https://www.cmfchile.cl/normativa/cir_2006_2011.pdf
2011-01-01,2005,MODIFICA CIRCULAR N! 1913 DE 13.09.2006 QUE IMPARTE INSTRUCCIONES SOBRE NOTAS ESPECIFICAS ADICIONALES PARA ESTADOS FINANCIEROS DE ORGANIZACIONES DEPORTIVAS PROFESIONALES,https://www.cmfchile.cl/normativa/cir_2005_2011.pdf
2011-01-01,658,IMPARTE INSTRUCCIONES A SOCIEDADES QUE ADOPTEN IFRS A PARTIR DEL 1° DE ENERO DE 2011,https://www.cmfchile.cl/normativa/ofc_658_2011.pdf
2011-01-01,2004,INFORMA SOBRE PLAZOS DE PRESENTACION DE ESTADOS FINANCIEROS BAJO IFRS DE SOCIEDADES ADMINISTRADORAS DE FONDOS. COMPLEMENTA OFICIO CIRCULAR N° 544 DE 02.10.2009. DEROGA CIRCULAR 917 DE 29.12.1989.,https://www.cmfchile.cl/normativa/cir_2004_2011.pdf
2011-01-01,2003,"MODIFICA CIRCULAR N° 1256 DE 18.01.1996, EN LOS TERMINOS QUE SE SEÑALA",https://www.cmfchile.cl/normativa/cir_2003_2011.pdf
2011-01-01,2002,"MODIFICA CIRCULAR N° 1333 DE 1997 , EN LOS TERMINOS QUE SE SEÑALA",https://www.cmfchile.cl/normativa/cir_2002_2011.pdf
2011-01-01,657,IMPARTE INSTUCCIONES Y EFECTUA ACLARACION RELATIVA A LA VALORIZACION DE INVERSIONES BAJO IFRS EN FONDOS QUE SE INDICAN. COMPLEMENTA OFICIO CIRCULAR N° 592 DE 06.04.2010.,https://www.cmfchile.cl/normativa/ofc_657_2011.pdf
2011-01-01,302,"ESTABLECE NORMAS QUE DEBEN CUMPLIR LAS EMPRESAS DE AUDITORIA EXTERNA, SOCIEDADES CLASIFICADORAS DE RIESGO Y DEMAS ENTIDADES PARA CUMPLIR LA LABOR DE CERTIFICACION DE MODELOS DE PREVENCION DE DELITOS A QUE SE REFIERE LA LEY N° 20.393",https://www.cmfchile.cl/normativa/ncg_302_2011.pdf
2011-01-01,656,COMUNICA NUEVO VALOR UNIDAD DE SEGURO REAJUSTABLE DE FEBRERO DE 2011,https://www.cmfchile.cl/normativa/ofc_656_2011.pdf
2011-01-01,2001,SOLICITA APORTES CUMPLIMIENTO DECRETO LEY N° 1.757 MODIFICADO POR LEY N° 19.798 DE 25 DE ABRIL DE 2002 CORRESPONDIENTES AL MES DE ENERO DE 2011,https://www.cmfchile.cl/normativa/cir_2001_2011.pdf
2011-01-01,655,COMUNICA TASA INTERES DE ACTUALIZACION,https://www.cmfchile.cl/normativa/ofc_655_2011.pdf
2011-01-01,654,INFORMA TASA DE VALORIZACION DE PASIVOS Y TASA PARA VALORIZACION DEL BONO DE RECONOCIMIENTO (CIRCULAR N° 1512 DE ENERO DE 2001 Y N° 1360 DE ENERO DE 1998),https://www.cmfchile.cl/normativa/ofc_654_2011.pdf
2010-01-01,2000,IMPARTE INSTRUCCIONES SOBRE PRESENTACION DE INFORMACION FINANCIERA BAJO IFRS DE LOS FONDOS PARA LA VIVIENDA,https://www.cmfchile.cl/normativa/cir_2000_2010.pdf
2010-01-01,1999,IMPARTE INSTRUCCIONES SOBRE PRESENTACION DE INFORMACION FINANCIERA BAJO IFRS PARA FONDOS DE INVERSION DE CAPITAL EXTRANJERO. DEROGA CIRCULAR N° 923 DEL 23 DE ENERO DE 1990.,https://www.cmfchile.cl/normativa/cir_1999_2010.pdf
2010-01-01,1998,IMPARTE INSTRUCCIONES SOBRE PRESENTACION DE INFORMACION FINANCIERA BAJO IFRS PARA FONDOS DE INVERSION. DEROGA CIRCULAR N° 1756 DEL 4 DE JULIO DE 2005.,https://www.cmfchile.cl/normativa/cir_1998_2010.pdf
2010-01-01,1997,IMPARTE INSTRUCIONES SOBRE PRESENTACION DE INFORMACION FINANCIERA BAJO IFRS PARA FONDOS MUTUOS,https://www.cmfchile.cl/normativa/cir_1997_2010.pdf
2010-01-01,1996,"MODIFICA CIRCULAR N° 695 DE 17.03.1987, EN LOS TERMINOS QUE INDICA.",https://www.cmfchile.cl/normativa/cir_1996_2010.pdf
2010-01-01,301,ESTABLECE NORMAS PARA LA INSCRIPCION DE TITULOS REPRESENTATIVOS DE FACTURAS EN EL REGISTRO DE PRODUCTOS,https://www.cmfchile.cl/normativa/ncg_301_2010.pdf
2010-01-01,300,"ESTABLECE REGULACIONES COMUNES EN RELACION CON COTIZACIONES VOLUNTARIAS, DEPOSITOS CONVENIDOS Y DEPOSITOS DE AHORRO PREVISIONAL VOLUNTARIO.",https://www.cmfchile.cl/normativa/ncg_300_2010.pdf
2010-01-01,299,MODIFICA NORMA DE CARACTER GENERAL N° 18 DE 01.07.1986 EN LOS TERMINOS QUE INDICA.,https://www.cmfchile.cl/normativa/ncg_299_2010.pdf
2010-01-01,1995,ESTABLECE MODELO DE PRESENTACION DE ESTADOS FINANCIEROS DE ACUERDO A IFRS PARA LOS CORREDORES DE BOLSA DE PRODUCTOS. DEROGA CIRCULAR N° 1795 DE 02.03.2006,https://www.cmfchile.cl/normativa/cir_1995_2010.pdf
2010-01-01,1994,"MODIFICA CIRCULAR N° 1360 DE 05.05.01.1998, SOBRE VALORIZACION DE INVERSIONES",https://www.cmfchile.cl/normativa/cir_1994_2010.pdf
2010-01-01,298,"MODIFICA NORMA DE CARACTER GENERAL N° 200 DE 01.10.2006 QUE ESTABLECE NORMAS SOBRE OPERACIONES DE COBERTURA DE RIESGOS FINANCIEROS, INVERSION EN PRODUCTOS DERIVADOS FINANCIEROS Y OPERACIONES DE PRESTAMO DE ACCIONES",https://www.cmfchile.cl/normativa/ncg_298_2010.pdf
2010-01-01,297,MODIFICA NORMA DE CARACTER GENERAL N° 152 DE 26.12.2002 SOBRE ACTIVOS REPRESENTATIVOS DE RESERVAS TECNICAS Y PATRIMONIO DE RIESGO,https://www.cmfchile.cl/normativa/ncg_297_2010.pdf
2010-01-01,296,"MODIFICA NCG N° 136 DE 04.04.2002, QUE ESTABLECE NORMAS RELATIVAS AL OTORGAMIENTO Y ADQUISICION DE MUTUOS HIPOTECARIOS ENDOSABLES POR LAS ENTIDADES ASEGURADORAS Y REASEGURADORAS Y AL REGISTRO Y OPERACION DE LOS AGENTES ADMINISTRADORES DE MUTUOS HIPOTECARIOS ENDOSABLES",https://www.cmfchile.cl/normativa/ncg_296_2010.pdf
2010-01-01,653,APLICACION DE NORMAS INTERNACIONALES DE INFORMACION FINANCIERA (IFRS),https://www.cmfchile.cl/normativa/ofc_653_2010.pdf
2010-01-01,652,IMPARTE INSTRUCCIONES RELATIVAS A LA NORMA DE CARACTER GENERAL N° 42,https://www.cmfchile.cl/normativa/ofc_652_2010.pdf
2010-01-01,651,APORTES DE FINANCIAMIENTO REEMBOLSABLES (AFR),https://www.cmfchile.cl/normativa/ofc_651_2010.pdf
2010-01-01,650,AUTORIZA CIERRE DE OPERACIONES DE FONDOS MUTUOS EL 31 DE DICIEMBRE DE 2010,https://www.cmfchile.cl/normativa/ofc_650_2010.pdf
2010-01-01,649,COMUNICA TASA DE INTERES DE ACTUALIZACION,https://www.cmfchile.cl/normativa/ofc_649_2010.pdf
2010-01-01,648,COMUNICA NUEVO VALOR UNIDAD DE SEGURO REAJUSTABLE DE ENERO DE 2011,https://www.cmfchile.cl/normativa/ofc_648_2010.pdf
2010-01-01,1993,"SOLICITA APORTES CUMPLIMIENTO DECRETO LEY N° 1.757, MODIFICADO POR LEY N° 19.798, DE 25 DE ABRIL DE 2002 CORRESPONDIENTES AL MES DE DICIEMBRE DE 2010",https://www.cmfchile.cl/normativa/cir_1993_2010.pdf
2010-01-01,647,INFORMA TASA DE VALORIZACION DE PASIVOS Y TASA PARA VALORIZACION DEL BONO DE RECONOCIMIENTO (CIRCULAR N° 1512 DE ENERO DE 2001 Y N° 1360 DE ENERO DE 1998),https://www.cmfchile.cl/normativa/ofc_647_2010.pdf
2010-01-01,646,REITERA INSTRUCCION DE CIRCULAR N° 1.974 DE 25 DE MARZO DE 2010,https://www.cmfchile.cl/normativa/ofc_646_2010.pdf
2010-01-01,295,"ESTABLECE FORMA, PERIODICIDAD Y EXIGENCIAS QUE DEBEN CUMPLIRSE PARA EFECTOS DE LA ACREDITACION DE CONOCIMIENTOS DE INTERMEDIACION DE VALORES",https://www.cmfchile.cl/normativa/ncg_295_2010.pdf
2010-01-01,294,"ESTABLECE LA INFORMACION FINANCIERA A INSCRIBIR EN LOS INFORMES TECNICOS EMITIDOS POR LAS PERSONAS COMPETENTES, EN RELACION CON LAS DISPOSICIONES CONTENIDAS EN LOS ARTICULOS 15 Y 18 DE LA LEY N° 20.235.
MODIFICA NCG N° 30 EN LOS TERMINOS QUE INDICA",https://www.cmfchile.cl/normativa/ncg_294_2010.pdf
2010-01-01,645,PRESENTACION DE ESTADOS FINANCIEROS PARA ENTIDADES QUE SE INSCRIBAN EN EL REGISTRO DE VALORES Y EFECTUEN OFERTA PUBLICA DE SUS VALORES DURANTE EL EJERCICIO 2011,https://www.cmfchile.cl/normativa/ofc_645_2010.pdf
2010-01-01,1992,ESTABLECE MODELO DE PRESENTACION DE ESTADOS FINANCIEROS DE ACUERDO A IFRS PARA LOS INTERMEDIARIOS DE VALORES.   DEROGA CIRCULAR N°579 DE 31.12.1985,https://www.cmfchile.cl/normativa/cir_1992_2010.pdf
2010-01-01,644,COMUNICA TASA INTERES DE ACTUALIZACION,https://www.cmfchile.cl/normativa/ofc_644_2010.pdf
2010-01-01,1991,SOLICITA APORTES CUMPLIMIENTO DECRETO LEY N° 1.757 MODIFICADO POR LEY N° 19.798 DE 25 DE ABRIL DE 2002 CORRESPONDIENTES AL MES DE NOVIEMBRE DE 2010,https://www.cmfchile.cl/normativa/cir_1991_2010.pdf
2010-01-01,643,COMUNICA NUEVO VALOR UNIDAD DE SEGURO REAJUSTABLE DICIEMBRE 2010,https://www.cmfchile.cl/normativa/ofc_643_2010.pdf
2010-01-01,642,INFORMA TASA DE VALORIZACION DE PASIVOS Y TASA PARA VALORIZACION DEL BONO DE RECONOCIMIENTO (CIRCULAR N° 1512 DE ENERO DE 2001 Y N° 1360 DE ENERO DE 1998),https://www.cmfchile.cl/normativa/ofc_642_2010.pdf
2010-01-01,641,IMPARTE INSTRUCCIONES EN RELACION A LA APLICACION DE LA TABLA RV-2009 EN EL CALCULO DEL TEST DE SUFICIENCIA DE ACTIVOS (TSA),https://www.cmfchile.cl/normativa/ofc_641_2010.pdf
2010-01-01,1990,ESTABLECE NUEVOS REQUERIMIENTOS RELATIVOS A LA VALORIZACION DE LOS FONDOS MUTUOS TIPO 1,https://www.cmfchile.cl/normativa/cir_1990_2010.pdf
2010-01-01,640,COMUNICA TASA INTERES DE ACTUALIZACION,https://www.cmfchile.cl/normativa/ofc_640_2010.pdf
2010-01-01,293,AUTORIZA A BOLSAS DE VALORES A SER PARTICIPANTES EN LOS SISTEMAS DE COMPENSACION Y LIQUIDACION DE INSTRUMENTOS FINANCIEROS REGULADOS POR LA LEY N° 20.345,https://www.cmfchile.cl/normativa/ncg_293_2010.pdf
2010-01-01,639,COMUNICA NUEVO VALOR UNIDAD DE SEGURO REAJUSTABLE DE NOVIEMBRE 2010,https://www.cmfchile.cl/normativa/ofc_639_2010.pdf
2010-01-01,638,SOLICITA INFORMACION SOBRE ACCIONES DESARROLLADAS PARA DIVULGAR EL ROL DE LOS AUDITORES EXTERNOS EN EL SISTEMA DE PREVENCION DEL DELITO DE COHECHO,https://www.cmfchile.cl/normativa/ofc_638_2010.pdf
2010-01-01,1989,SOLICITA APORTES CUMPLIMIENTO DECRETO LEY N° 1.757 MODIFICADO POR LEY N° 19.798 DE 25 DE ABRIL DE 2001 CORRESPONDIENTES AL MES DE OCTUBRE DE 2010,https://www.cmfchile.cl/normativa/cir_1989_2010.pdf
2010-01-01,637,INFORMA TASA DE VALORIZACION DE PASIVOS Y TASA PARA VALORIZACION DEL BONO DE RECONOCIMIENTO (CIRCULAR N° 1512 DE ENERO DE 2001 Y N° 1360 DE ENERO DE 1998),https://www.cmfchile.cl/normativa/ofc_637_2010.pdf
2010-01-01,1988,ESTABLECE MONEDA DE CURSO LEGAL Y SISTEMA DE REAJUSTABILIDAD PARA EFECTOS DEL D.L. N° 807,https://www.cmfchile.cl/normativa/cir_1988_2010.pdf
2010-01-01,636,COMUNICA TASA INTERES DE ACTUALIZACION,https://www.cmfchile.cl/normativa/ofc_636_2010.pdf
2010-01-01,635,REITERA INSTRUCCIONES IMPARTIDAS POR EL OFICIO CIRCULAR N° 1.891 DE 14 DE MAYO DE 1993,https://www.cmfchile.cl/normativa/ofc_635_2010.pdf
2010-01-01,634,CERTIFICADO SEGURO OBLIGATORIO LEY N°18.490,https://www.cmfchile.cl/normativa/ofc_634_2010.pdf
2010-01-01,633,COMUNICA NUEVO VALOR UNIDAD DE SEGUROS REAJUSTABLE DE OCTUBRE DE 2010,https://www.cmfchile.cl/normativa/ofc_633_2010.pdf
2010-01-01,1987,"SOLICITA APORTES CUMPLIMIENTO DECRETO LEY N° 1.757, MODIFICADO POR LEY N° 19.798, DE 25 DE ABRIL DE 2002, CORRESPONDIENTES AL MES DE SEPTIEMBRE DE 2010",https://www.cmfchile.cl/normativa/cir_1987_2010.pdf
2010-01-01,292,"MODIFICA NORMA DE CARACTER GENERAL N° 124, DE 22 DE NOVIEMBRE 2001, SOBRE DEPOSITO DE POLIZAS Y DISPOSICIONES MINIMAS DE LOS CONTRATOS DE SEGUROS",https://www.cmfchile.cl/normativa/ncg_292_2010.pdf
2010-01-01,1986,"IMPARTE INSTRUCCIONES SOBRE APLICACION DE TABLAS DE MORTALIDAD RV-2009, FIJADAS POR NORMA DE CARACTER GENERAL N° 274, DE 18 DE ENERO DE 2010",https://www.cmfchile.cl/normativa/cir_1986_2010.pdf
2010-01-01,632,INFORMA TASA DE VALORIZACION DE PASIVOS Y TASA PARA VALORIZACION DEL BONO DE RECONOCIMIENTO (CIRCULAR N° 1512 DE ENERO DE 2001 Y N° 1360 DE ENERO DE 1998),https://www.cmfchile.cl/normativa/ofc_632_2010.pdf
2010-01-01,631,IMPARTE INSTRUCCIONES RESPECTO A LA OBLIGACION DE ENTREGAR INFORMACION A CLIENTES SOBRE EL SERVICIO DE CUENTAS DE MANDANTES INDIVIDUALES,https://www.cmfchile.cl/normativa/ofc_631_2010.pdf
2010-01-01,291,"IMPARTE INSTRUCCIONES PARA EFECTOS DE LO DISPUESTO EN EL N° 1, DEL ARTICULO PRIMERO TRANSITORIO, DE LA LEY N° 20190",https://www.cmfchile.cl/normativa/ncg_291_2010.pdf
2010-01-01,630,COMUNICA TASA DE INTERES DE ACTUALIZACION,https://www.cmfchile.cl/normativa/ofc_630_2010.pdf
2010-01-01,290,"OTORGA AUTORIZACION PARA LA REALIZACION DE ACTIVIDAD COMPLEMENTARIA, DE ACUERDO A LO ESTABLECIDO EN EL ARTICULO 1° DE LA LEY N° 18876",https://www.cmfchile.cl/normativa/ncg_290_2010.pdf
2010-01-01,629,COMUNICA NUEVO VALOR UNIDAD DE SEGUROS REAJUSTABLE SEPTIEMBRE 2010,https://www.cmfchile.cl/normativa/ofc_629_2010.pdf
2010-01-01,1985,IMPARTE INSTRUCCIONES RESPECTO DE OBLIGACIONES DE ENTREGA DE INFORMACION A CLIENTES SOBRE CONDICIONES DE EJECUCION DE ORDENES,https://www.cmfchile.cl/normativa/cir_1985_2010.pdf
2010-01-01,1984,"SOLICITA APORTES CUMPLIMIENTO DECRETO LEY N° 1.757, MODIFICADO POR LEY N° 19.798, DE 25 DE ABRIL DE 2002, CORRESPONDIENTES AL MES DE AGOSTO DE 2010",https://www.cmfchile.cl/normativa/cir_1984_2010.pdf
2010-01-01,628,IMPARTE INSTRUCCIONES RELATIVAS A ENTREGA DE INFORMACION A ASEGURADOS SOBRE LA LIQUIDACION Y PAGO DE SEGUROS QUE INDICA,https://www.cmfchile.cl/normativa/ofc_628_2010.pdf
2010-01-01,627,INFORMA TASA DE VALORIZACION DE PASIVOS Y TASA PARA VALORIZACIÓN DEL BONO DE RECONOCIMIENTO (CIRCULAR N° 1512 DE ENERO  DE 2001 Y N° 1360 DE ENERO DE 1998),https://www.cmfchile.cl/normativa/ofc_627_2010.pdf
2010-01-01,1983,"COMPLEMENTA INSTRUCCIONES DE CIRCULAR N° 1.945 DE 29 DE SEPTIEMBRE DE 2009, REFERIDA A NORMAS SOBRE DETERMINACION DE LA UTILIDAD LIQUIDA DEL EJERCICIO Y AJUSTES DE PRIMERA APLICACION PARA ESTADOS FINANCIEROS BAJO IFRS.",https://www.cmfchile.cl/normativa/cir_1983_2010.pdf
2010-01-01,289,"MODIFICA CIRCULAR N° 1.525 DE LA SUPERINTENDENCIA DE PENSIONES, Y N.C.G. N° 218, DE LA SUPERINTENDENCIA DE VALORES Y SEGUROS",https://www.cmfchile.cl/normativa/ncg_289_2010.pdf
2010-01-01,288,"ESTABLECE NORMAS Y OBLIGACIONES DE INFORMACION PARA LA SOCIEDAD ADMINISTRADORA REFERIDA EN EL TITULO II DE LA LEY N° 19.882 Y SU REGLAMENTO, D.S. N° 699",https://www.cmfchile.cl/normativa/ncg_288_2010.pdf
2010-01-01,626,COMUNICA TASA INTERES DE ACTUALIZACION,https://www.cmfchile.cl/normativa/ofc_626_2010.pdf
2010-01-01,625,"ESTADOS FINANCIEROS AUDITADOS DE ACUERDO A IFRS, CUANDO LOS DEL EJERCICIO ANTERIOR HAN SIDO AUDITADOS POR OTROS AUDITORES EXTERNOS",https://www.cmfchile.cl/normativa/ofc_625_2010.pdf
2010-01-01,624,COMUNICA NUEVO VALOR UNIDAD DE SEGUROS REAJUSTABLE DE AGOSTO DE 2010,https://www.cmfchile.cl/normativa/ofc_624_2010.pdf
2010-01-01,623,COMISIONES MAXIMAS A SER PAGADAS POR LOS FONDOS DE PENSIONES POR SUS INVERSIONES EN LOS INSTRUMENTOS QUE SE INDICAN,https://www.cmfchile.cl/normativa/ofc_623_2010.pdf
2010-01-01,1982,"SOLICITA APORTES CUMPLIMIENTO DECRETO LEY N° 1.757, MODIFICADO POR LEY N° 19.798, DE 25 DE ABRIL DE 2002, CORRESPONDIENTES AL MES DE JULIO DE 2010",https://www.cmfchile.cl/normativa/cir_1982_2010.pdf
2010-01-01,622,IMPARTE INSTRUCCIONES SOBRE APLICACION DEL LIMITE SEÑALADO EN EL N° 4.5 DEL TITULO II DE LA NCG N° 200,https://www.cmfchile.cl/normativa/ofc_622_2010.pdf
2010-01-01,1981,INFORMACION ESTADISTICA DE PLANES DE AHORRO PREVISIONAL VOLUNTARIO Y PLANES DE AHORRO PREVISIONAL VOLUNTARIO COLECTIVO QUE OFRECEN INSTITUCIONES QUE SEÑALA.   DEROGA CIRCULARES N°1.628 DE 2002 Y N°1.662 DE 2003,https://www.cmfchile.cl/normativa/cir_1981_2010.pdf
2010-01-01,621,INFORMA TASA DE VALORIZACION DE PASIVOS Y TASA PARA VALORIZACION DEL BONO DE RECONOCIMIENTO (CIRCULAR N° 1512 DE ENERO DE 2001 Y N° 1360 DE ENERO DE 1998),https://www.cmfchile.cl/normativa/ofc_621_2010.pdf
2010-01-01,620,"INFORMA RESPECTO AL USO DE CORRESPONDENCIA POR MEDIO ELECTRONICO, INSTRUIDA MEDIANTE CIRCULAR N° 1.913 DE 30 DE ENERO DE 2009",https://www.cmfchile.cl/normativa/ofc_620_2010.pdf
2010-01-01,619,PRESENTACION DE INFORMACION FINANCIERA BAJO IFRS PARA USO ESTADISTICO EN ARCHIVOS XBRL DURANTE EL EJERCICIO 2011,https://www.cmfchile.cl/normativa/ofc_619_2010.pdf
2010-01-01,618,"OTORGA PLAZO PARA REGULARIZAR INVERSION DE FONDOS MUTUOS EN ATENCION AL ACUERDO N° 33 DE LA COMISION CLASIFICADORA DE RIESGO, PUBLICADO EN EL DIARIO OFICIAL CON FECHA 18.12.09",https://www.cmfchile.cl/normativa/ofc_618_2010.pdf
2010-01-01,1980,MODIFICA CIRCULAR N° 1632 DE LA SUPERINTENDENCIA DE PENSIONES Y CIRCULAR N° 1928 DE LA SUPERINTENDENCIA DE VALORES Y SEGUROS,https://www.cmfchile.cl/normativa/cir_1980_2010.pdf
2010-01-01,617,COMUNICA TASA INTERES DE ACTUALIZACION,https://www.cmfchile.cl/normativa/ofc_617_2010.pdf
2010-01-01,616,AMPLIA PLAZO DE INSCRIPCION DE EMPRESAS DE AUDITORIA EXTERNA EN EL REGISTRO QUE MANTIENE LA SUPERINTENDENCIA,https://www.cmfchile.cl/normativa/ofc_616_2010.pdf
2010-01-01,1979,"MODIFICA CIRCULAR N° 1194, DE 20 DE ENERO DE 1995, QUE ESTABLECE NORMAS PARA EL ENVIO DE INFORMACION DE SEGUROS PREVISIONALES DEL D.L. N° 3.500",https://www.cmfchile.cl/normativa/cir_1979_2010.pdf
2010-01-01,615,IMPARTE INSTRUCCIONES A CONSIDERAR EN EL PROCESO DE CONVERGENCIA A LAS NORMAS INTERNACIONALES DE INFORMACION FINANCIERA,https://www.cmfchile.cl/normativa/ofc_615_2010.pdf
2010-01-01,1978,"SOLICITA APORTES CUMPLIMIENTO DECRETO LEY N° 1.757 MODIFICADO POR LEY N° 19.798 DE 25 DE ABRIL DE 2002, CORRESPONDIENTES AL MES DE JUNIO DE 2010",https://www.cmfchile.cl/normativa/cir_1978_2010.pdf
2010-01-01,614,COMUNICA NUEVO VALOR UNIDAD DE SEGURO REAJUSTABLE DE JULIO DE 2010,https://www.cmfchile.cl/normativa/ofc_614_2010.pdf
2010-01-01,613,INFORMA TASA DE VALORIZACION DE PASIVOS Y TASA PARA VALORIZACION DEL BONO DE RECONOCIMIENTO (CIRCULAR N° 1512 DE ENERO DE 2001 Y N° 1360 DE ENERO DE 1998),https://www.cmfchile.cl/normativa/ofc_613_2010.pdf
2010-01-01,612,IMPARTE INSTRUCCIONES PARA CUERPOS DE BOMBEROS QUE SOLICITEN FONDOS FISCALES PARA  REPARACION Y/O RECONSTRUCCION DE SUS CUARTELES AFECTADOS DEBIDO AL TERREMOTO Y MAREMOTO OCURRIDO EL 27 DE FEBRERO DE 2010,https://www.cmfchile.cl/normativa/ofc_612_2010.pdf
2010-01-01,611,LEY 20.382 SOBRE GOBIERNOS CORPORATIVOS,https://www.cmfchile.cl/normativa/ofc_611_2010.pdf
2010-01-01,610,COMUNICA TASA INTERES DE ACTUALIZACION,https://www.cmfchile.cl/normativa/ofc_610_2010.pdf
2010-01-01,609,PLAZOS DE EMISION DE INFORME DE LIQUIDACION DE SEGUROS QUE INDICA,https://www.cmfchile.cl/normativa/ofc_609_2010.pdf
2010-01-01,608,REHABILITACION DE INSCRIPCION COMO LIQUIDADOR DE SINIESTROS EN CASOS QUE INDICA,https://www.cmfchile.cl/normativa/ofc_608_2010.pdf
2010-01-01,607,SOLICITA INFORMACION QUE INDICA,https://www.cmfchile.cl/normativa/ofc_607_2010.pdf
2010-01-01,606,"IMPARTE INSTRUCCIONES PARA CUERPOS DE BOMBEROS QUE HAYAN SUFRIDO LA PERDIDA O INUTILIZACION FORTUITA DE LOS LIBROS DE CONTABILIDAD Y DE LOS DOCUMENTOS DE RESPALDO, CON OCASION DEL TERREMOTO Y MAREMOTO OCURRIDO EL 27 DE FEBRERO DE 2010, PARA RECONTRUCCION DE LA CONTABILIDAD",https://www.cmfchile.cl/normativa/ofc_606_2010.pdf
2010-01-01,1977,"SOLICITA APORTES CUMPLIMIENTO DECRETO LEY N° 1.757, MODIFICADO POR LEY N° 19.798, DE 25 DE ABRIL DE 2002, CORRESPONDIENTES AL MES DE MAYO DE 2010",https://www.cmfchile.cl/normativa/cir_1977_2010.pdf
2010-01-01,605,IMPARTE INSTRUCCIONES RELATIVAS A LA INVERSION EN CUOTAS DE FONDOS MUTUOS O DE INVERSION CONSTITUIDOS FUERA DEL PAIS,https://www.cmfchile.cl/normativa/ofc_605_2010.pdf
2010-01-01,604,COMUNICA NUEVO VALOR UNIDAD DE SEGURO REAJUSTABLE JUNIO - 2010,https://www.cmfchile.cl/normativa/ofc_604_2010.pdf
2010-01-01,603,INFORMA TASA DE VALORIZACION DE PASIVOS Y TASA PARA VALORIZACION DEL BONO DE RECONOCIMIENTO (CIRCULAR N° 1512 DE ENERO DE 2001 Y N° 1360 DE ENERO DE 1998),https://www.cmfchile.cl/normativa/ofc_603_2010.pdf
2010-01-01,602,MODIFICA ANEXOS DE OFICIO CIRCULAR N° 530 DE 3 DE AGOSTO DE 2009 Y HACE PERMANENTE EL REQUERIMIENTO,https://www.cmfchile.cl/normativa/ofc_602_2010.pdf
2010-01-01,601,ESTABLECE PLAZO ADICIONAL PARA LA PRESENTACION DE INFORMACION FINANCIERA DE PATRIMONIOS SEPARADOS DE SOCIEDADES SECURITIZADORAS AL 31 DE MARZO DE 2010,https://www.cmfchile.cl/normativa/ofc_601_2010.pdf
2010-01-01,287,ESTABLECE NORMAS A QUE DEBE SUJETARSE LA CONTABILIDAD DE LOS PATRIMONIOS SEPARADOS DE SOCIEDADES SECURITIZADORAS,https://www.cmfchile.cl/normativa/ncg_287_2010.pdf
2010-01-01,286,ESTABLECE NORMAS REFERIDAS A LA PRESENTACION DE LA INFORMACION FINANCIERA BAJO IFRS DE LAS SOCIEDADES SECURITIZADORAS.  DEROGA NORMA DE CARACTER GENERAL N° 190 DE 2005,https://www.cmfchile.cl/normativa/ncg_286_2010.pdf
2010-01-01,600,INSCRIPCION EN EL REGISTRO ESPECIAL DE ENTIDADES INFORMANTES DE ENTIDADES INSCRITAS EN EL REGISTRO DE VALORES POR APLICACION DE LA LEY N° 20.382 DE 2009,https://www.cmfchile.cl/normativa/ofc_600_2010.pdf
2010-01-01,285,ESTABLECE NORMAS Y OBLIGACIONES DE INFORMACION PARA LAS SOCIEDADES REGIDAS POR EL TITULO II DE LA LEY N° 19.281,https://www.cmfchile.cl/normativa/ncg_285_2010.pdf
2010-01-01,599,PRECISA ALCANCE DE LA OBLIGACION DE PUBLICAR EN LOS SITIOS DE INTERNET LAS INFORMACIONES QUE SE INDICAN,https://www.cmfchile.cl/normativa/ofc_599_2010.pdf
2010-01-01,598,COMUNICA TASA DE INTERES DE ACTUALIZACION,https://www.cmfchile.cl/normativa/ofc_598_2010.pdf
2010-01-01,597,"REQUIERE ACTUALIZAR INFORMACION Y ENVIO DE MODIFICACIONES DE LOS PACTOS DE ACCIONISTAS, EN LOS TERMINOS QUE SEÑALA EL OFICIO CIRCULAR N° 64 DE 05.01.2001",https://www.cmfchile.cl/normativa/ofc_597_2010.pdf
2010-01-01,1976,"SOLICITA APORTES CUMPLIMIENTO DECRETO LEY N° 1.757, MODIFICADO POR LEY N° 19.798, DE 25 DE ABRIL DE 2002, CORRESPONDIENTES AL MES DE ABRIL DE 2010",https://www.cmfchile.cl/normativa/cir_1976_2010.pdf
2010-01-01,596,COMUNICA NUEVO VALOR UNIDAD DE SEGURO REAJUSTABLE DE MAYO 2010,https://www.cmfchile.cl/normativa/ofc_596_2010.pdf
2010-01-01,595,ELEMENTOS ADICIONALES A INCLUIR EN NOTAS EXPLICATIVAS A LOS ESTADOS FINANCIEROS BAJO IFRS,https://www.cmfchile.cl/normativa/ofc_595_2010.pdf
2010-01-01,594,INFORMA TASA DE VALORIZACION DE PASIVOS Y TASA PARA VALORIZACION DEL BONO DE RECONOCIMIENTO (CIRCULAR N° 1512 DE ENERO DE 2001 Y N° 1360 DE ENERO DE 1998),https://www.cmfchile.cl/normativa/ofc_594_2010.pdf
2010-01-01,593,ACLARA ARTICULO 71 BIS DE LA LEY SOBRE SOCIEDADES ANONIMAS,https://www.cmfchile.cl/normativa/ofc_593_2010.pdf
2010-01-01,592,IMPARTE INSTRUCCIONES A CONSIDERAR EN EL PROCESO DE CONVERGENCIA A LAS NORMAS INTERNACIONALES DE INFORMACION FINANCIERA.   COMPLEMENTA OFICIO CIRCULAR N° 544 DE OCTUBRE DE 2009,https://www.cmfchile.cl/normativa/ofc_592_2010.pdf
2010-01-01,591,IMPARTE INSTRUCCIONES RELATIVAS A LA LIQUIDACION DE SEGUROS QUE INDICA,https://www.cmfchile.cl/normativa/ofc_591_2010.pdf
2010-01-01,1975,IMPARTE INSTRUCCIONES A ENTIDADES QUE PRESENTEN SUS ESTADOS FINANCIEROS DE ACUERDO A IFRS DURANTE EL EJERCICIO 2010,https://www.cmfchile.cl/normativa/cir_1975_2010.pdf
2010-01-01,1974,INFORMACION DE LAS BASES DE PREPARACION EN LOS ESTADOS FINANCIEROS DE ACUERDO A IFRS Y EN EL INFORME DE AUDITORIA QUE EMITAN LOS AUDITORES EXTERNOS,https://www.cmfchile.cl/normativa/cir_1974_2010.pdf
2010-01-01,590,ESTADOS FINANCIEROS AUDITADOS DE ACUERDO A IFRS,https://www.cmfchile.cl/normativa/ofc_590_2010.pdf
2010-01-01,589,INFORMA RESPECTO AL USO DE CORRESPONDENCIA POR MEDIO ELECTRONICO INSTRUIDA MEDIANTE CIRCULAR N° 1.913 DE 30 DE ENERO DE 2009,https://www.cmfchile.cl/normativa/ofc_589_2010.pdf
2010-01-01,588,INFORMA RESPECTO AL USO DE CORRESPONDENCIA POR MEDIO ELECTRONICO INSTRUIDA MEDIANTE CIRCULAR N° 1.913 DE 30 DE ENERO DE 2009,https://www.cmfchile.cl/normativa/ofc_588_2010.pdf
2010-01-01,587,ESTABLECE PLAZOS ALTERNATIVOS PARA LA PRESENTACION DE INFORMACION FINANCIERA BAJO IFRS,https://www.cmfchile.cl/normativa/ofc_587_2010.pdf
2010-01-01,586,"COMUNICA NUEVO VALOR UNIDAD DE SEGURO REAJUSTABLE MENSUAL PARA ABRIL 2010.
DEROGA OFICIO CIRCULAR N°581 DE 10/03/2010",https://www.cmfchile.cl/normativa/ofc_586_2010.pdf
2010-01-01,585,INSTRUYE RESPECTO AL USO DE CORRESPONDENCIA ELECTRONICA ENTRE LA SUPERINTENDENCIA Y ENTIDADES SUPERVISADAS EN CUMPLIMIENTO DE LA CIRCULAR N°1913,https://www.cmfchile.cl/normativa/ofc_585_2010.pdf
2010-01-01,584,COMUNICA TASA INTERES DE ACTUALIZACION,https://www.cmfchile.cl/normativa/ofc_584_2010.pdf
2010-01-01,1973,"SOLICITA APORTES CUMPLIMIENTO DECRETO LEY N° 1.757, MODIFICADO POR LEY N° 19.798, DE 25 DE ABRIL DE 2002 CORRESPONDIENTES AL MES DE MARZO DE 2010",https://www.cmfchile.cl/normativa/cir_1973_2010.pdf
2010-01-01,284,ESTABLECE NORMAS Y REQUISITOS DE INSCRIPCION DE PERSONAS EN EL REGISTRO ESPECIAL DE ENTIDADES INFORMANTES DEL ARTICULO 7° DE LA LEY N° 18.045 Y OBLIGACIONES DE INFORMACION Y PUBLICIDAD CONSIGUIENTES,https://www.cmfchile.cl/normativa/ncg_284_2010.pdf
2010-01-01,583,LLAMADO A EXAMEN ESPECIAL PARA POSTULAR A LIQUIDADOR SEGUROS,https://www.cmfchile.cl/normativa/ofc_583_2010.pdf
2010-01-01,582,INFORMA NOMINA DE LIQUIDADORES INSCRITOS EN EL REGISTRO DE AUXILIARES DEL COMERCIO DE SEGUROS,https://www.cmfchile.cl/normativa/ofc_582_2010.pdf
2010-01-01,581,COMUNICA NUEVO VALOR UNIDAD DE SEGURO REAJUSTABLE,https://www.cmfchile.cl/normativa/ofc_581_2010.pdf
2010-01-01,580,"INFORMA RESPECTO AL USO DE CORRESPONDENCIA POR MEDIO ELECTRONICO, INSTRUIDA MEDIANTE CIRCULAR N° 1.913 DE 30 DE ENERO DE 2009",https://www.cmfchile.cl/normativa/ofc_580_2010.pdf
2010-01-01,579,PRESENTACION DE ESTADOS FINANCIEROS PARA ENTIDADES QUE SE INSCRIBAN EN EL REGISTRO DE VALORES Y EFECTUEN OFERTA PUBLICA DE SUS VALORES DURANTE EL EJERCICIO 2010,https://www.cmfchile.cl/normativa/ofc_579_2010.pdf
2010-01-01,578,INFORMA TASA DE VALORIZACION DE PASIVOS Y TASA PARA VALORIZACION DEL BONO DE RECONOCIMIENTO (CIRCULAR N° 1512 DE ENERO DE 2001 Y N° 1360 DE ENERO DE 1998),https://www.cmfchile.cl/normativa/ofc_578_2010.pdf
2010-01-01,577,SOLICITA INFORMACION A COMPAÑIAS DE SEGUROS POR TERREMOTO FEBRERO 2010,https://www.cmfchile.cl/normativa/ofc_577_2010.pdf
2010-01-01,576,INFORMA MEDIOS DE ENVIO DE INFORMACION A LA SUPERINTENDENCIA CON MOTIVO DE LOS EFECTOS DEL TERREMOTO ACAECIDO EL DIA 27 DE FEBRERO DE 2010,https://www.cmfchile.cl/normativa/ofc_576_2010.pdf
2010-01-01,575,SOLICITA INFORMACION EN RELACION CON EL TERREMOTO ACAECIDO EL DIA 27 DE FEBRERO DE 2010.,https://www.cmfchile.cl/normativa/ofc_575_2010.pdf
2010-01-01,574,SOLICITA INFORMACION EN RELACION CON TERREMOTO ACAECIDO EL 27 DE FEBRERO DE 2010.,https://www.cmfchile.cl/normativa/ofc_574_2010.pdf
2010-01-01,573,IMPARTE INSTRUCCIONES QUE INDICA.,https://www.cmfchile.cl/normativa/ofc_573_2010.pdf
2010-01-01,572,DEJA SIN EFECTO INSTRUCCIONES OFICIO CIRCULAR N° 519 DEL 22.05.2009,https://www.cmfchile.cl/normativa/ofc_572_2010.pdf
2010-01-01,1972,"MODIFICA CIRCULAR N° 1.064 DE 1992, SOBRE INFORMES DE OPERACIONES DIARIAS DE CORREDORES DE BOLSA Y AGENTES DE VALORES, LOS QUE DEBERAN SER REMITIDOS A TRAVES DE INTERNET",https://www.cmfchile.cl/normativa/cir_1972_2010.pdf
2010-01-01,571,IMPARTE INSTRUCCIONES SOBRE IMPLEMENTACION IFRS PARA COMPAÑIAS DE SEGUROS.  MODIFICA OFICIO CIRCULAR 546 DE 13 DE OCTUBRE DE 2009,https://www.cmfchile.cl/normativa/ofc_571_2010.pdf
2010-01-01,1971,"MODIFICA CIRCULAR N° 1957, DE 31 DE DICIEMBRE DE 2009, QUE MODIFICO LA CIRCULAR N° 1194, DE 1995",https://www.cmfchile.cl/normativa/cir_1971_2010.pdf
2010-01-01,570,"IMPARTE INSTRUCCIONES RELATIVAS A LA INCORPORACION DE NOTAS ESTRUCTURADAS EN LA MEDICION DE CALCE Y TSA, SEGUN CIRCULAR N° 1.512, DE 2001 Y N.C.G. N° 209, DE 2007",https://www.cmfchile.cl/normativa/ofc_570_2010.pdf
2010-01-01,569,"SOLICITA INFORMES DE LOS AUDITORES EXTERNOS, REFERIDOS EN CIRCULARES N° 980 DE 1990 Y N° 1.202 DE 1995",https://www.cmfchile.cl/normativa/ofc_569_2010.pdf
2010-01-01,568,COMUNICA NUEVO VALOR UNIDAD DE SEGURO REAJUSTABLE,https://www.cmfchile.cl/normativa/ofc_568_2010.pdf
2010-01-01,567,COMUNICA TASA INTERES DE ACTUALIZACION,https://www.cmfchile.cl/normativa/ofc_567_2010.pdf
2010-01-01,566,INFORMA TASA DE VALORIZACION DE PASIVOS Y TASA PARA VALORIZACION DEL BONO DE RECONOCIMIENTO (CIRCULAR N° 1512 DE ENERO DE 2001 Y N° 1360 DE ENERO DE 1998),https://www.cmfchile.cl/normativa/ofc_566_2010.pdf
2010-01-01,565,COMUNICA TASA INTERES DE ACTUALIZACION,https://www.cmfchile.cl/normativa/ofc_565_2010.pdf
2010-01-01,1970,"INSTRUYE EL ENVIO DE INFORMACION RELATIVA AL SEGURO AGRICOLA.  DEROGA CIRCULAR N° 1907, DEL 22 DE DICIEMBRE DE 2008",https://www.cmfchile.cl/normativa/cir_1970_2010.pdf
2010-01-01,283,IMPARTE NORMA SOBRE PRESENTACION DE MEMORIA ANUAL PARA ENTIDADES INSCRITAS EN EL REGISTRO DE VALORES QUE PRESENTEN  SU INFORMACION FINANCIERA BAJO IFRS,https://www.cmfchile.cl/normativa/ncg_283_2010.pdf
2010-01-01,564,"SOLICITA ACTUALIZACION DE ANEXO ""A"" DE LA NORMA DE CARACTER GENERAL N° 117",https://www.cmfchile.cl/normativa/ofc_564_2010.pdf
2010-01-01,1969,"SOLICITA APORTES CUMPLIMIENTO DECRETO LEY N° 1.757, MODIFICADO POR LEY N° 19.798, DE 25 DE ABRIL DE 2002, CORRESPONDIENTES AL MES DE FEBRERO DE 2010",https://www.cmfchile.cl/normativa/cir_1969_2010.pdf
2010-01-01,282,"MODIFICA NORMA DE CARACTER GENERAL N° 243 DE 03 DE FEBRERO DE 2009, QUE IMPARTE INSTRUCCIONES RELATIVAS A LA CONSTITUCION DE RESERVAS TECNICAS EN EL SEGURO DE INVALIDEZ Y SOBREVIVENCIA",https://www.cmfchile.cl/normativa/ncg_282_2010.pdf
2010-01-01,281,"MODIFICA NORMA DE CARACTER GENERAL N° 136, DE 4 DE ABRIL DE 2002",https://www.cmfchile.cl/normativa/ncg_281_2010.pdf
2010-01-01,1968,"ESTABLECE ESTIPULACIONES COMPLEMENTARIAS A LA CIRCULAR N° 1.920 DE 2009, PARA CONTRATOS DE COMPROMISO DE COMPRA Y VENTA, Y PRECISA ALCANCE RESPECTO DE OPERACIONES BURSATILES QUE INDICA.
DEROGA CIRCULAR N° 599 DE 1986",https://www.cmfchile.cl/normativa/cir_1968_2010.pdf
2010-01-01,1967,MODIFICA CIRCULAR N° 1.797 DE 2006 EN LOS TERMINOS QUE INDICA,https://www.cmfchile.cl/normativa/cir_1967_2010.pdf
2010-01-01,280,MODIFICA NORMA DE CARACTER GENERAL N° 235 DE 2009 EN LOS TERMINOS QUE INDICA,https://www.cmfchile.cl/normativa/ncg_280_2010.pdf
2010-01-01,1966,"MODIFICA CIRCULAR 1631 DE LA SUPERINTENDENCIA DE PENSIONES Y CIRCULAR N° 1928 DE LA SUPERINTENDENCIA DE VALORES Y SEGUROS, SOBRE OBLIGACIONES DE LAS COMPAÑIAS DE SEGUROS DE VIDA RESPECTO DEL SISTEMA DE PENSIONES SOLIDARIAS Y LA BONIFICACION POR HIJO PARA LAS MUJERES",https://www.cmfchile.cl/normativa/cir_1966_2010.pdf
2010-01-01,1965,"SOLICITA INFORMACION QUE INDICA, RELATIVA A COMISIONES EFECTIVAS DE FONDOS MUTUOS Y FONDOS DE INVERSION",https://www.cmfchile.cl/normativa/cir_1965_2010.pdf
2010-01-01,279,MODIFICA NORMA DE CARACTER GENERAL N° 50 DE 09.09.1994,https://www.cmfchile.cl/normativa/ncg_279_2010.pdf
2010-01-01,1964,"MODIFICA CIRCULAR N° 1.202 DE 1995 REFERIDA A FORMA Y CONTENIDO DEL INFORME DE AUDITORES EXTERNOS QUE DEBEN EMITIR SEGUN ARTICULOS 161 Y 170 DE LA LEY N° 18.045, EN LOS TERMINOS QUE SE INDICAN",https://www.cmfchile.cl/normativa/cir_1964_2010.pdf
2010-01-01,1963,IMPARTE INSTRUCCIONES A CORREDORES DE BOLSA Y AGENTES DE VALORES REFERENTES A LOS VALORES DE TERCEROS MANTENIDOS EN CUSTODIA,https://www.cmfchile.cl/normativa/cir_1963_2010.pdf
2010-01-01,1962,ESTABLECE PROCEDIMIENTOS PARA LA PRESTACION DEL SERVICIO DE CUSTODIA DE VALORES DE TERCEROS,https://www.cmfchile.cl/normativa/cir_1962_2010.pdf
2010-01-01,278,ESTABLECE OBLIGACION DE CONTAR CON MANUAL DE MANEJO DE INFORMACION,https://www.cmfchile.cl/normativa/ncg_278_2010.pdf
2010-01-01,277,IMPARTE INSTRUCCIONES PARA EFECTOS DE LA OBLIGACION DE INFORMAR POSICION EN VALORES ESTABLECIDA EN EL ARTICULO 17 DE LA LEY 18.045,https://www.cmfchile.cl/normativa/ncg_277_2010.pdf
2010-01-01,276,"MODIFICA NORMA DE CARACTER GENERAL N° 18 DE 1986, EN LOS TERMINOS QUE INDICA",https://www.cmfchile.cl/normativa/ncg_276_2010.pdf
2010-01-01,275,ESTABLECE NORMAS DE INSCRIPCION Y FUNCIONAMIENTO DEL REGISTRO DE EMPRESAS DE AUDITORIA EXTERNA,https://www.cmfchile.cl/normativa/ncg_275_2010.pdf
2010-01-01,1961,"MODIFICA CIRCULAR N° 1.602, DE MAYO DE 2002, SOBRE FORMA Y CONTENIDO DE LOS ESTADOS FINANCIEROS DE CORREDORES DE SEGUROS QUE NO SEAN PERSONAS NATURALES",https://www.cmfchile.cl/normativa/cir_1961_2010.pdf
2010-01-01,1960,MODIFICA CIRCULAR N° 1621 DE 2002,https://www.cmfchile.cl/normativa/cir_1960_2010.pdf
2010-01-01,274,"FIJA TABLA DE MORTALIDAD RV-2009, HOMBRES Y MUJERES, PARA PENSIONADOS POR VEJEZ DEL D.L.N° 3500, DE 1980",https://www.cmfchile.cl/normativa/ncg_274_2010.pdf
2010-01-01,273,REGULA SISTEMAS DE VOTACION EN JUNTAS DE ACCIONISTAS,https://www.cmfchile.cl/normativa/ncg_273_2010.pdf
2010-01-01,563,PRECISA ALCANCE INCISO PRIMERO ARTICULO 7° DE LA LEY N° 18.046,https://www.cmfchile.cl/normativa/ofc_563_2010.pdf
2010-01-01,1959,DEROGA CIRCULAR N° 1685 DE OCTUBRE DE 2003 RELATIVA A LA INFORMACION DEL SISTEMA DE EVALUACION DEL RIESGO DE MERCADO DE LA CARTERA DE INVERSIONES DE LAS ENTIDADES ASEGURADORAS Y REASEGURADORAS,https://www.cmfchile.cl/normativa/cir_1959_2010.pdf
2010-01-01,272,NORMAS PARA LA CONTRATACION DEL SEGURO DE INVALIDEZ Y SOBREVIVENCIA. MODIFICA CIRCULAR CONJUNTA N° 1570 DE LA SUPERINTENDENCIA DE PENSIONES Y NORMA DE CARACTER GENERAL N° 234 DE LA SUPERINTENDENCIA DE VALORES Y SEGUROS.,https://www.cmfchile.cl/normativa/ncg_272_2010.pdf
2010-01-01,1958,"SOLICITA APORTES CUMPLIMIENTO DECRETO LEY N° 1.757, MODIFICADO POR LEY N° 19.798, DE 25 DE ABRIL DE 2002, CORRESPONDIENTES AL MES DE ENERO DE 2010",https://www.cmfchile.cl/normativa/cir_1958_2010.pdf
2010-01-01,562,COMUNICA NUEVO VALOR UNIDAD DE SEGURO REAJUSTABLE,https://www.cmfchile.cl/normativa/ofc_562_2010.pdf
2010-01-01,561,INFORMA TASA DE VALORIZACION DE PASIVOS Y TASA PARA VALORIZACION DEL BONO DE RECONOCIMIENTO (CIRCULAR N° 1512 DE ENERO DE 2001 Y N° 1360 DE ENERO DE 1998),https://www.cmfchile.cl/normativa/ofc_561_2010.pdf
2009-01-01,1957,"MODIFICA CIRCULAR N° 1194 DE 20 DE ENERO DE 1995, QUE ESTABLECE NORMAS PARA EL ENVIO DE INFORMACION DE SEGUROS PREVISIONALES DEL D.L. 3.500",https://www.cmfchile.cl/normativa/cir_1957_2009.pdf
2009-01-01,271,REGISTRO DE INSTRUCCIONES ESTABLECIDO POR EL ARTICULO 179 DE LA LEY N° 18.045.,https://www.cmfchile.cl/normativa/ncg_271_2009.pdf
2009-01-01,270,"ESTABLECE NORMAS PARA LA PUBLICIDAD DE POLITICAS Y PROCEDIMIENTOS RELATIVOS A LA ADQUISICION O ENAJENACION DE VALORES DE LA ENTIDAD Y AL MANEJO Y DIVULGACION DE INFORMACION PARA EL MERCADO.
DEROGA NORMA DE CARACTER GENERAL N° 211 DE 2008",https://www.cmfchile.cl/normativa/ncg_270_2009.pdf
2009-01-01,269,"IMPARTE INSTRUCCIONES SOBRE FORMA DE ENVIO Y CONTENIDO DE LA INFORMACION REQUERIDA POR LOS ARTICULOS 12 Y 20 DE LA LEY 18.045.
DEROGA CIRCULARES N° 585 DE 1986 Y N° 1531 DE 2001",https://www.cmfchile.cl/normativa/ncg_269_2009.pdf
2009-01-01,268,"ESTABLECE REQUISITOS DE LOS QUE PODRAN EXIMIRSE LAS SOCIEDADES EMISORAS DE ACCIONES QUE CUMPLAN LAS CONDICIONES QUE SE INDICAN. 
DEROGA CIRCULARES N°S. 198 DE 30 DE JULIO DE 1982 Y 498 DE 1985",https://www.cmfchile.cl/normativa/ncg_268_2009.pdf
2009-01-01,1956,"ESTABLE MECANISMO PARA DETERMINAR EL CUMPLIMENTO DE LAS CONDICIONES CONTENIDAS EN EL INCISO PRIMERO, DEL ARTICULO 50 BIS DE LA LEY 18.046 E INSTRUCCIONES A LOS COMITES DE DIRECTORES. DEROGA CIRCULAR N° 1526 DE 19 DE FEBRERO DE 2001",https://www.cmfchile.cl/normativa/cir_1956_2009.pdf
2009-01-01,267,"IMPARTE INSTRUCCIONES SOBRE FORMA Y CONTENIDO DE LOS ESTADOS FINANCIEROS DE LAS SOCIEDADES ADMINISTRADORAS DE SISTEMAS DE COMPENSACION Y LIQUIDACION DE INSTRUMENTOS FINANCIEROS Y DE LOS FONDOS DE RESERVA Y DE GARANTIA, REGULADOS POR LA LEY N° 20.345.",https://www.cmfchile.cl/normativa/ncg_267_2009.pdf
2009-01-01,266,REGULA LA FORMA EN LA QUE DEBERA CALCULARSE EL PATRIMONIO DE LAS SOCIEDADES ADMINISTRADORAS DE SISTEMAS DE COMPENSACION Y LIQUIDACION DE INSTRUMENTOS FINANCIEROS PARA DAR CUMPLIMIENTO AL PATRIMONIO MINIMO,https://www.cmfchile.cl/normativa/ncg_266_2009.pdf
2009-01-01,560,"IMPARTE INSTRUCCIONES RELATIVAS A LOS DIRECTORES, COMITES Y DIRECTORES INDEPENDIENTES, POR APLICACION DE LAS DISPOSICIONES INTRODUCIDAS POR LA LEY N° 20.382 A LA LEY N° 18.046.",https://www.cmfchile.cl/normativa/ofc_560_2009.pdf
2009-01-01,1955,"SOLICITA APORTES CUMPLIMIENTO DECRETO LEY N° 1.757, MODIFICADO POR LEY N° 19.798 DE 25 DE ABRIL DE 2002, CORRESPONDIENTE AL MES DE DICIEMBRE DE 2009",https://www.cmfchile.cl/normativa/cir_1955_2009.pdf
2009-01-01,559,COMUNICA TASA INTERES DE ACTUALIZACION,https://www.cmfchile.cl/normativa/ofc_559_2009.pdf
2009-01-01,558,COMUNICA NUEVO VALOR UNIDAD DE SEGURO REAJUSTABLE,https://www.cmfchile.cl/normativa/ofc_558_2009.pdf
2009-01-01,557,INFORMA TASA DE VALORIZACION DE PASIVOS Y TASA PARA VALORIZACION DEL BONO DE RECONOCIMIENTO (CIRCULAR N° 1512 DE ENERO DE 2001 Y N° 1360 DE ENERO DE 1998),https://www.cmfchile.cl/normativa/ofc_557_2009.pdf
2009-01-01,1954,INFORMACION QUE LAS EMPRESAS PUBLICAS DEBEN REMITIR EN CONFORMIDAD A LA LEY N° 20285 SOBRE ACCESO A LA INFORMACION PUBLICA DEROGA CIRCULAR N° 1.936 DE 12 DE AGOSTO DE 2009,https://www.cmfchile.cl/normativa/cir_1954_2009.pdf
2009-01-01,556,IMPARTE INSTRUCCIONES A SOCIEDADES QUE ADOPTEN IFRS A PARTIR DEL 1° DE ENERO DE 2010 Y PRORROGA INSTRUCCIONES SOBRE PLAZOS DE PRESENTACION PARA SOCIEDADES QUE ADOPTARON IFRS A PARTIR DE 2009,https://www.cmfchile.cl/normativa/ofc_556_2009.pdf
2009-01-01,555,INSTRUYE SOBRE ENVIO DE INFORMACIÓN FINANCIERA ANUAL DE SUBSIDIARIAS DE ENTIDADES QUE ADOPTARON FULL IFRS DURANTE EL EJERCICIO 2009,https://www.cmfchile.cl/normativa/ofc_555_2009.pdf
2009-01-01,265,MODIFICA NORMA DE CARACTER GENERAL N° 209 DE FECHA 24.12.2007,https://www.cmfchile.cl/normativa/ncg_265_2009.pdf
2009-01-01,554,INSTRUYE RESPONDER CUESTIONARIO DE ESTADO DE APLICACION DE LAS IFRS EN SU EMPRESA,https://www.cmfchile.cl/normativa/ofc_554_2009.pdf
2009-01-01,264,"MODIFICA NORMA DE CARACTER GENERAL N° 152 DE 2002, QUE IMPARTE NORMAS SOBRE ACTIVOS REPRESENTATIVOS DE SERVAS TECNICAS Y PATRIMONIO DE RIESGO. DEROGA OFICIO CIRCULAR N° 502 DE 4 DE FEBRERO DE 2009",https://www.cmfchile.cl/normativa/ncg_264_2009.pdf
2009-01-01,263,"AUTORIZA COMO ACTIVIDAD AFIN O COMPLEMENTARIA DE LAS ENTIDADES ASEGURADORAS DEL SEGUNDO GRUPO, LA ACTUACION COMO AGENTE COLOCADOR DE PLANES DE APV DE LAS AFP",https://www.cmfchile.cl/normativa/ncg_263_2009.pdf
2009-01-01,1953,MODIFICA CIRCULAR N° 1.770 DE 30 DE AGOSTO DE 2005,https://www.cmfchile.cl/normativa/cir_1953_2009.pdf
2009-01-01,553,COMUNICA TASA INTERES DE ACTUALIZACION,https://www.cmfchile.cl/normativa/ofc_553_2009.pdf
2009-01-01,1952,"SOLICITA APORTES CUMPLIMIENTO DECRETO LEY N° 1.757, MODIFICADO POR LEY N° 19.798 DE 25 DE ABRIL DE 2002, CORRESPONDIENTES AL MES DE NOVIEMBRE DE 2009",https://www.cmfchile.cl/normativa/cir_1952_2009.pdf
2009-01-01,552,COMUNICA NUEVO VALOR UNIDAD DE SEGURO REAJUSTABLE,https://www.cmfchile.cl/normativa/ofc_552_2009.pdf
2009-01-01,551,INFORMA TASA DE VALORIZACION DE PASIVOS Y TASA PARA VALORIZACION DEL BONO DE RECONOCIMIENTO (CIRCULAR N° 1512 DE ENERO DE 2001 Y N° 1360 DE ENERO DE 1998),https://www.cmfchile.cl/normativa/ofc_551_2009.pdf
2009-01-01,262,AUTORIZA A SOCIEDADES QUE INDICA PARA ADQUIRIR CONTRATOS DE LEASING HABITACIONAL EN LOS TERMINOS SEÑALADOS,https://www.cmfchile.cl/normativa/ncg_262_2009.pdf
2009-01-01,1951,"1. SOLICITA INFORMACION QUE INDICA RELATIVA A COMISIONES EFECTIVAS DE FONDOS MUTUOS Y FONDOS DE INVERSION.
2. DEROGA CIRCULAR N° 1.883 DE 10 DE JULIO DE 2008 Y OFICIO CIRCULAR N° 538 DE 4 DE SEPTIEMBRE DE 2009",https://www.cmfchile.cl/normativa/cir_1951_2009.pdf
2009-01-01,550,IMPARTE INSTRUCCIONES SOBRE 2ª ENCUESTA ACERCA DEL ESTADO DE AVANCE DEL PROCESO DE CONVERGENCIA A IFRS.,https://www.cmfchile.cl/normativa/ofc_550_2009.pdf
2009-01-01,1950,"05/08/2009 
  
05/08/2009 
  
05/08/2009 
  
05/08/2009",https://www.cmfchile.cl/normativa/cir_1950_2009.pdf
2009-01-01,1949,"ESTABLECE OBLIGACION DE INFORMAR RESPECTO A REMESAS.
DEROGA CIRCULAR N° 1.235 DE 22.08.95",https://www.cmfchile.cl/normativa/cir_1949_2009.pdf
2009-01-01,549,PROCESO DE ADOPCION DE NORMAS INTERNACIONALES DE INFORMACION FINANCIERA.,https://www.cmfchile.cl/normativa/ofc_549_2009.pdf
2009-01-01,548,DEJA SIN EFECTO INSTRUCCIONES OFICIO CIRCULAR N° 521 DEL 25.05.2009,https://www.cmfchile.cl/normativa/ofc_548_2009.pdf
2009-01-01,547,COMUNICA NUEVO VALOR UNIDAD DE SEGURO REAJUSTABLE,https://www.cmfchile.cl/normativa/ofc_547_2009.pdf
2009-01-01,546,IMPARTE INSTRUCCIONES SOBRE IMPLEMENTACION IFRS,https://www.cmfchile.cl/normativa/ofc_546_2009.pdf
2009-01-01,1948,"SOLICITA APORTES CUMPLIMIENTO DECRETO LEY N° 1.757, MODIFICADO POR LEY N° 19.798, DE 25 DE ABRIL DE 2002, CORRESPONDIENTES AL MES DE OCTUBRE DE 2009",https://www.cmfchile.cl/normativa/cir_1948_2009.pdf
2009-01-01,545,COMUNICA TASA INTERES DE ACTUALIZACION,https://www.cmfchile.cl/normativa/ofc_545_2009.pdf
2009-01-01,261,MODIFICA NORMA DE CARACTER GENERAL N° 255 DE 2009,https://www.cmfchile.cl/normativa/ncg_261_2009.pdf
2009-01-01,1947,"1.-ESTABLECE NORMAS DE INSCRIPCION DE CUOTAS DE FONDOS DE INVERSION EN EL REGISTRO DE VALORES, SU DIFUSION, COLOCACION Y OBLIGACIONES DE INFORMACION.
2.- DEROGA CIRCULAR N° 935 DE 1990",https://www.cmfchile.cl/normativa/cir_1947_2009.pdf
2009-01-01,544,PROCESO DE ADOPCION DE NORMAS INTERNACIONALES DE INFORMACION FINANCIERA,https://www.cmfchile.cl/normativa/ofc_544_2009.pdf
2009-01-01,543,INFROMA TASA DE VALORIZACION DE PASIVOS Y TASA PARA VALORIZACION DEL BONO DE RECONOCIMIENTO (CIRCULAR N° 1512 DE ENERO DE 2001 Y N° 1360 DE ENERO DE 1998),https://www.cmfchile.cl/normativa/ofc_543_2009.pdf
2009-01-01,260,MODIFICA NORMA DE CARACTER GENERAL N° 235 DE 2009 EN LOS TERMINOS QUE INDICA,https://www.cmfchile.cl/normativa/ncg_260_2009.pdf
2009-01-01,1946,"MODIFICA CIRCULAR CONJUNTA N° 3.470, DE LA SUPERINTENDENCIA DE BANCOS E INSTITUCIONES FINANCIERAS, Y N° 1.920, DE LA SUPERINTENDENCIA DE VALORES Y SEGUROS",https://www.cmfchile.cl/normativa/cir_1946_2009.pdf
2009-01-01,1945,IMPARTE NORMAS SOBRE DETERMINACION DE LA UTILIDAD LIQUIDA DEL EJERCICIO Y TRATAMIENTO DE AJUSTES DE PRIMERA APLICACION  EN EL RESULTADO ACUMULADO PARA ENTIDADES QUE EMITAN SUS ESTADOS FINANCIEROS BAJO IFRS,https://www.cmfchile.cl/normativa/cir_1945_2009.pdf
2009-01-01,542,PRECISA UTILIZACION DE CUG EN POLIZAS APV Y APVC,https://www.cmfchile.cl/normativa/ofc_542_2009.pdf
2009-01-01,1944,"MODIFICA CIRCULAR N° 1.815, DE 17 DE OCTUBRE DE 2006, QUE ESTABLECE NORMAS PARA EL ENVIO DE INFORMACION SOBRE POLIZAS DE RENTA VITALICIA PREVISIONAL DEL D.L. N° 3.500.",https://www.cmfchile.cl/normativa/cir_1944_2009.pdf
2009-01-01,1943,"MODIFICA SECCION I, SECCION II Y ANEXO B DE LA CIRCULAR N° 1696 DE 29.12.2003 SOBRE INFORMES FINANCIEROS PARA LA INVERSION DE LOS FONDOS DE PENSIONES EN VALORES DE OFERTA PUBLICA DE SOCIEDADES ANONIMAS",https://www.cmfchile.cl/normativa/cir_1943_2009.pdf
2009-01-01,541,"INFORMA OFICIOS ORDINARIOS N° 1.745 Y 1.746 DEL SERVICIO DE IMPUESTOS INTERNOS (SII) DEL 19 Y 20 DE MAYO DE 2009, RESPECTIVAMENTE",https://www.cmfchile.cl/normativa/ofc_541_2009.pdf
2009-01-01,1942,"SOLICITA APORTES CUMPLIMIENTO DECRETO LEY N° 1.757, MODIFICADO POR LEY N° 19.798, DE 25 DE ABRIL DE 2002, CORRESPONDIENTE AL MES DE SEPTIEMBRE DE 2009",https://www.cmfchile.cl/normativa/cir_1942_2009.pdf
2009-01-01,540,COMUNICA TASA INTERES DE ACTUALIZACION,https://www.cmfchile.cl/normativa/ofc_540_2009.pdf
2009-01-01,539,COMUNICA NUEVO VALOR UNIDAD DE SEGURO REAJUSTABLE,https://www.cmfchile.cl/normativa/ofc_539_2009.pdf
2009-01-01,538,"SOLICITA INFORMACION QUE INDICA, PARA EFECTOS DE DAR CUMPLIMIENTO A RESOLUCION CONJUNTA N° 407 DE 2009",https://www.cmfchile.cl/normativa/ofc_538_2009.pdf
2009-01-01,537,INFORMA TASA DE VALORIZACION DE PASIVOS Y TASA PARA VALORIZACION DEL BONO DE RECONOCIMIENTO (CIRCULAR N° 1512 DE ENERO DE 2001 Y N° 1360 DE ENERO DE 1998),https://www.cmfchile.cl/normativa/ofc_537_2009.pdf
2009-01-01,1941,MODIFICA CIRCULAR N° 1631 DE LA SUPERINTENDENCIA DE PENSIONES Y CIRCULAR N° 1928 DE LA SUPERINTENDENCIA DE VALORES Y SEGUROS SOBRE OBLIGACIONES DE LAS COMPAÑIAS DE SEGUROS DE VIDA RESPECTO DEL SISTEMA DE PENSIONES SOLIDARIAS Y LA BONIFICACION POR HIJO PARA LAS MUJERES,https://www.cmfchile.cl/normativa/cir_1941_2009.pdf
2009-01-01,536,RESOLUCIONES N° 1.718 Y 1.874 DEL CONSEJO DE SEGURIDAD DE LA ONU,https://www.cmfchile.cl/normativa/ofc_536_2009.pdf
2009-01-01,535,SOLICITA ENVIO DE INFORMACION REFERIDA A MANTENCION DE CUENTAS DE POSICION EN EL DEPOSITO CENTRAL DE VALORES (DCV),https://www.cmfchile.cl/normativa/ofc_535_2009.pdf
2009-01-01,1940,"MODIFICA CIRCULAR N° 1.579 DE 2002, EN LOS TERMINOS QUE SE INDICA",https://www.cmfchile.cl/normativa/cir_1940_2009.pdf
2009-01-01,534,"SOLICITA INFORMACION QUE INDICA, EN ATENCION A RESOLUCION CONJUNTA N° 407 DE 2009",https://www.cmfchile.cl/normativa/ofc_534_2009.pdf
2009-01-01,1939,INSTRUYE SOBRE LA IMPLEMENTACION DE LA GESTION DE RIESGO OPERACIONAL EN LAS ENTIDADES DE DEPOSITO Y CUSTODIA DE VALORES Y EN LAS SOCIEDADES ADMINISTRADORAS DE SISTEMAS DE COMPENSACION Y LIQUIDACION DE INSTRUMENTOS FINANCIEROS,https://www.cmfchile.cl/normativa/cir_1939_2009.pdf
2009-01-01,1938,"MODIFICA CIRCULAR N° 1937, DE 12 DE AGOSTO DE 2009 REFERIDA A APORTES CUMPLIMIENTO DECRETO LEY N° 1.757",https://www.cmfchile.cl/normativa/cir_1938_2009.pdf
2009-01-01,259,ESTABLECE LOS ANTECEDENTES QUE DEBERAN SER ACOMPAÑADOS PARA OBTENER LA AUTORIZACION DE EXISTENCIA COMO SOCIEDAD ADMINISTRADORA DE SISTEMAS DE COMPENSACION Y LIQUIDACION DE INSTRUMENTOS FINANCIEROS Y VERIFICAR EL CUMPLIMIENTO DEL ARTPICULO 6° DE LA LEY 20.345,https://www.cmfchile.cl/normativa/ncg_259_2009.pdf
2009-01-01,258,ESTABLECE ELEMENTOS MINIMOS DE GESTION DE RIESGO DE CREDITO Y LIQUIDEZ DE LOS SISTEMAS DE COMPENSACION Y LIQUIDACION DE INSTRUMENTOS FINANCIEROS,https://www.cmfchile.cl/normativa/ncg_258_2009.pdf
2009-01-01,257,ESTABLECE CONTENIDOS MINIMOS PARA LA ELABORACION DEL ESTUDIO TARIFARIO QUE DEBERAN PROPORCIONAR LAS SOCIEDADES ADMINISTRADORAS DE SISTEMAS DE COMPENSACION Y LIQUIDACION DE INSTRUMENTOS FINANCIEROS,https://www.cmfchile.cl/normativa/ncg_257_2009.pdf
2009-01-01,256,ESTABLECE LOS REQUISITOS Y ESTANDARES MINIMOS QUE DEBERAN CUMPLIR LOS PARTICIPANTES DE LOS SISTEMAS DE COMPENSACION Y LIQUIDACION DE INSTRUMENTOS FINANCIEROS,https://www.cmfchile.cl/normativa/ncg_256_2009.pdf
2009-01-01,1937,SOLICITA APORTES CUMPLIMIENTO DECRETO LEY N° 1.757 MODIFICADO POR LEY N° 19.798 DE 25 DE ABRIL DE 2002 CORRESPONDIENTES AL MES DE AGOSTO DE 2009,https://www.cmfchile.cl/normativa/cir_1937_2009.pdf
2009-01-01,1936,INFORMACION QUE LAS EMPRESAS PUBLICAS DEBEN REMITIR EN CONFORMIDAD A LA LEY 20.285 SOBRE ACCESO A LA INFORMACION PUBLICA,https://www.cmfchile.cl/normativa/cir_1936_2009.pdf
2009-01-01,533,COMUNICA TASA INTERES DE ACTUALIZACION,https://www.cmfchile.cl/normativa/ofc_533_2009.pdf
2009-01-01,532,COMUNICA NUEVO VALOR UNIDAD DE SEGURO REAJUSTABLE,https://www.cmfchile.cl/normativa/ofc_532_2009.pdf
2009-01-01,1935,IMPARTE NORMAS RELATIVAS A SEGUROS DE SALUD,https://www.cmfchile.cl/normativa/cir_1935_2009.pdf
2009-01-01,1934,MODIFICA CIRCULAR N° 1587 DE 2002,https://www.cmfchile.cl/normativa/cir_1934_2009.pdf
2009-01-01,1933,MODIFICA CIRCULAR N° 1759 DE 2005,https://www.cmfchile.cl/normativa/cir_1933_2009.pdf
2009-01-01,1932,MODIFICA CIRCULAR N° 1457 DE 1999,https://www.cmfchile.cl/normativa/cir_1932_2009.pdf
2009-01-01,255,MODIFICA NORMA DE CARACTER GENERAL N° 124 DE 2001 SOBRE DEPOSITO DE POLIZAS Y DISPOSICIONES MINIMAS DE LOS CONTRATOS DE SEGUROS,https://www.cmfchile.cl/normativa/ncg_255_2009.pdf
2009-01-01,531,INFORMA TASA DE VALORIZACION DE PASIVOS Y TASA PARA VALORIZACION DEL BONO DE RECONOCIMIENTO (CIRCULAR N° 1512 DE ENERO DE 2001 Y N° 1360 DE ENERO DE 1998),https://www.cmfchile.cl/normativa/ofc_531_2009.pdf
2009-01-01,530,MODIFICA ANEXOS DE OFICIO CIRCULAR N°498 DE 20 DE ENERO DE 2009,https://www.cmfchile.cl/normativa/ofc_530_2009.pdf
2009-01-01,1931,COMPLEMENTA CIRCULAR N° 1.924 DE 24 DE ABRIL DE 2009 QUE IMPARTE NORMAS SOBRE PRESENTACION DE INFORMACION FINANCIERA PREPARADA BAJO IFRS DE LAS SOCIEDADES INSCRITAS EN EL REGISTRO DE VALORES,https://www.cmfchile.cl/normativa/cir_1931_2009.pdf
2009-01-01,1930,IMPARTE INSTRUCCIONES PARA DAR CUMPLIMIENTO A LO ESTABLECIDO EN EL INCISO SEGUNDO DEL ARTICULO 179° DE LA LEY DE MERCADO DE VALORES,https://www.cmfchile.cl/normativa/cir_1930_2009.pdf
2009-01-01,529,COMUNICA TASA INTERES DE ACTUALIZACION,https://www.cmfchile.cl/normativa/ofc_529_2009.pdf
2009-01-01,1929,"SOLICITA APORTES CUMPLIMIENTO DECRETO LEY N° 1.757, MODIFICADO POR LEY N° 19.798, DE 25 DE ABRIL DE 2002, CORRESPONDIENTES AL MES DE JULIO DE 2009",https://www.cmfchile.cl/normativa/cir_1929_2009.pdf
2009-01-01,528,COMUNICA NUEVO VALOR UNIDAD DE SEGURO REAJUSTABLE,https://www.cmfchile.cl/normativa/ofc_528_2009.pdf
2009-01-01,527,COMISIONES MAXIMAS A SER PAGADAS POR LOS FONDOS DE PENSIONES POR SUS INVERSIONES EN LOS INSTRUMENTOS QUE SE INDICAN,https://www.cmfchile.cl/normativa/ofc_527_2009.pdf
2009-01-01,526,INFORMA TASA DE VALORIZACION DE PASIVOS Y TASA PARA VALORIZACION DEL BONO DE RECONOCIMIENTO (CIRCULAR N° 1512 DE ENERO DE 2001 Y N° 1360 DE ENERO DE 1998),https://www.cmfchile.cl/normativa/ofc_526_2009.pdf
2009-01-01,1928,OBLIGACIONES DE LAS COMPAÑIAS DE SEGUROS DE VIDA RESPECTO DEL SISTEMA DE PENSIONES SOLIDARIAS Y LA BONIFICACION POR HIJO PARA LAS MUJERES.  DEROGA CIRCULAR N° 1512 DE LA SUPERINTEDENCIA DE PENSIONES Y CIRCULAR N° 1882 DE LA SUPERINTEDENCIA DE VALORES Y SEGUROS,https://www.cmfchile.cl/normativa/cir_1928_2009.pdf
2009-01-01,254,MODIFICA NORMA DE CARACTER GENERAL N° 136 DE 4 DE ABRIL DE 2002,https://www.cmfchile.cl/normativa/ncg_254_2009.pdf
2009-01-01,253,MODIFICA CIRCULAR N° 1525 DE LA SUPERINTENDENCIA DE PENSIONES Y N.C.G. N° 218 DE LA SUPERINTENDENCIA DE VALORES Y SEGUROS,https://www.cmfchile.cl/normativa/ncg_253_2009.pdf
2009-01-01,252,MODIFICA INSTRUCCIONES SOBRE LA INSCRIPCION EN EL REGISTRO DE ASESORES PREVISIONALES ESTABLECIDO POR EL TITULO XVII DEL D.L. N° 3.500 DE 1980,https://www.cmfchile.cl/normativa/ncg_252_2009.pdf
2009-01-01,525,COMUNICA TASA INTERES DE ACTUALIZACION,https://www.cmfchile.cl/normativa/ofc_525_2009.pdf
2009-01-01,251,"IMPARTE INSTRUCCIONES RELATIVAS A LA CONSTITUCION, CAMBIOS DE PROPIEDAD ACCIONARIA EN ENTIDADES ASEGURADORAS Y REASEGURADORAS EN CHILE Y ESTABLECIMIENTO DE SUCURSALES POR COMPAÑIAS CONSTITUIDAS EN EL EXTRANJERO",https://www.cmfchile.cl/normativa/ncg_251_2009.pdf
2009-01-01,1927,SOLICITA APORTES CUMPLIMIENTO DECRETO LEY N° 1.757 MODIFICADO POR LEY N° 19.798 DE 25 DE ABRIL DE 2002 CORRESPONDIENTES AL MES DE JUNIO DE 2009,https://www.cmfchile.cl/normativa/cir_1927_2009.pdf
2009-01-01,250,MODIFICA NORMA DE CARACTER GENERAL N° 193 DE 2006 EN LOS TERMINOS QUE INDICA,https://www.cmfchile.cl/normativa/ncg_250_2009.pdf
2009-01-01,524,COMUNICA NUEVO VALOR UNIDAD DE SEGURO REAJUSTABLE,https://www.cmfchile.cl/normativa/ofc_524_2009.pdf
2009-01-01,523,INFORMA TASA DE VALORIZACION DE PASIVOS Y TASA PARA VALORIZACION DEL BONO DE RECONOCIMIENTO (CIRCULAR N° 1512 DE ENERO DE 2001 Y N° 1360 DE ENERO DE 1998),https://www.cmfchile.cl/normativa/ofc_523_2009.pdf
2009-01-01,522,REQUIERE INFORMAR SOBRE LAS FILIALES DIRECTAS E INDIRECTAS DE LAS ENTIDADES QUE INDICA,https://www.cmfchile.cl/normativa/ofc_522_2009.pdf
2009-01-01,1926,AUTORIZA ACTIVIDAD COMPLEMENTARIA A ENTIDADES QUE INDICA,https://www.cmfchile.cl/normativa/cir_1926_2009.pdf
2009-01-01,521,IMPARTE INSTRUCCIONES QUE INDICA,https://www.cmfchile.cl/normativa/ofc_521_2009.pdf
2009-01-01,520,SEGURO OBLIGATORIO DE ACCIDENTES PERSONALE S (SOAP),https://www.cmfchile.cl/normativa/ofc_520_2009.pdf
2009-01-01,519,IMPARTE INSTRUCIONES QUE INDICA,https://www.cmfchile.cl/normativa/ofc_519_2009.pdf
2009-01-01,518,COMUNICA TASA INTERES DE ACTUALIZACION,https://www.cmfchile.cl/normativa/ofc_518_2009.pdf
2009-01-01,1925,SOLICITA APORTES CUMPLIMIENTO DECRETO LEY N° 1.757 MODIFICADO POR LEY N° 19.798 DE 25 DE ABRIL DE 2002 CORRESPONDIENTES AL MES DE MAYO DE 2009,https://www.cmfchile.cl/normativa/cir_1925_2009.pdf
2009-01-01,517,COMUNICA NUEVO VALOR UNIDAD DE SEGURO REAJUSTABLE,https://www.cmfchile.cl/normativa/ofc_517_2009.pdf
2009-01-01,516,INFORMA TASA DE VALORIZACION DE PASIVOS Y TASA PARA VALORIZACION DEL BONO DE RECONOCIMIENTO (CIRCULAR N° 1512 DE ENERO DE 2001 Y N° 1360 DE ENERO DE 1998),https://www.cmfchile.cl/normativa/ofc_516_2009.pdf
2009-01-01,1924,IMPARTE NORMAS SOBRE PRESENTACION DE INFORMACION FINANCIERA PREPARADA BAJO IFRS DE LAS SOCIEDADES INSCRITAS EN EL REGISTRO DE VALORES,https://www.cmfchile.cl/normativa/cir_1924_2009.pdf
2009-01-01,249,MODIFICA CIRCULAR N° 1.525 DE LA SUPERINTENDENCIA DE PENSIONES Y N.C.G. N° 218 DE LA SUPERINTENDENCIA DE VALORES Y SEGUROS,https://www.cmfchile.cl/normativa/ncg_249_2009.pdf
2009-01-01,248,MODIFICA NORMA DE CARACTER GENERAL N° 152 DE 2002 SOBRE ACTIVOS REPRESENTATIVOS DE RESERVAS TECNICAS Y PATRIMONIO DE RIESGO,https://www.cmfchile.cl/normativa/ncg_248_2009.pdf
2009-01-01,247,MODIFICA NCG N° 208 DE 2007 QUE ESTABLECE NORMAS RELATIVAS AL OTORGAMIENTO DE PRESTAMOS DE DINERO A PERSONAS NATURALES Y JURIDICAS POR PARTE DE LAS ENTIDADES ASEGURADORAS,https://www.cmfchile.cl/normativa/ncg_247_2009.pdf
2009-01-01,246,MODIFICA NCG N° 136 DE 2002 QUE ESTABLECE NORMAS RELATIVAS AL OTORGAMIENTO Y ADQUISICION DE MUTUOS HIPOTECARIOS ENDOSABLES POR LAS ENTIDADES ASEGURADORAS Y REASEGURADORAS Y AL REGISTRO Y OPERACION DE LOS AGENTES ADMINISTRADORES DE MUTUOS HIPOTECARIOS ENDOSABLES,https://www.cmfchile.cl/normativa/ncg_246_2009.pdf
2009-01-01,515,COMUNICA TASA INTERES DE ACTUALIZACION,https://www.cmfchile.cl/normativa/ofc_515_2009.pdf
2009-01-01,1923,SOLICITA APORTES CUMPLIMIENTO DECRETO LEY N° 1.757 MODIFICADO POR LEY N° 19.798 DE 25 DE ABRIL DE 2002 CORRESPONDIENTES AL MES DE ABRIL DE 2009,https://www.cmfchile.cl/normativa/cir_1923_2009.pdf
2009-01-01,514,COMUNICA NUEVO VALOR UNIDAD REAJUSTABLE,https://www.cmfchile.cl/normativa/ofc_514_2009.pdf
2009-01-01,513,INFORMA TASA DE VALORIZACION DE PASIVOS Y TASA PARA VALORIZACION DEL BONO DE RECONOCIMIENTO (CIRCULAR N° 1512 DE ENERO DE 2001 Y N° 1360 DE ENERO DE 1998),https://www.cmfchile.cl/normativa/ofc_513_2009.pdf
2009-01-01,1922,MODIFICA CIRCULAR N° 1194 DE 20 DE ENERO DE 1995 QUE ESTABLECE NORMAS PARA EL ENVIO DE INFORMACION DE SEGUROS PREVISIONALES DEL D.L. N° 3.500,https://www.cmfchile.cl/normativa/cir_1922_2009.pdf
2009-01-01,1921,"IMPARTE INSTRUCCIONES RELATIVAS A LA FORMA Y CONTENIDO DE INFORMACION SOBRE INVERSIONES Y DEL SISTEMA DE EVALUACION DEL RIESGO DE MERCADO DE LA CARTERA DE INVERSIONES.
DEROGA ANEXOS N° 1 AL N° 8 DE CIRCULAR N° 1.122.
DEROGA CIRCULAR N° 1.607",https://www.cmfchile.cl/normativa/cir_1921_2009.pdf
2009-01-01,1920,ESTABLECE REGULACIONES COMUNES SOBRE EL CONTENIDO MINIMO DE LOS CONTRATOS DE RETROCOMPRA,https://www.cmfchile.cl/normativa/cir_1920_2009.pdf
2009-01-01,245,MODIFICA NORMA DE CARACTER GENERAL N° 243 DE 03 DE FEBRERO DE 2009 QUE IMPARTE INSTRUCCIONES RELATIVAS A LA CONSTITUCION DE RESERVAS TECNICAS EN EL SEGURO DE INVALIDEZ Y SOBREVIVENCIA DEL D.L. N° 3.500 DE 1980,https://www.cmfchile.cl/normativa/ncg_245_2009.pdf
2009-01-01,512,SOLICITA INFORMACION QUE SE INDICA,https://www.cmfchile.cl/normativa/ofc_512_2009.pdf
2009-01-01,1919,"MODIFICA CIRCULAR N° 1893, DE 16 DE SEPTIEMBRE DE 2008 QUE IMPARTE INSTRUCCIONES SOBRE POLIZAS DE SEGUROS COMO PLANES DE AHORRO PREVISIONAL VOLUNTARIO Y PLANES DE AHORRO PREVISIONAL VOLUNTARIO COLECTIVO",https://www.cmfchile.cl/normativa/cir_1919_2009.pdf
2009-01-01,244,"FORMA Y PLAZO EN QUE LA TESORERIA GENERAL DE LA REPUBLICA EFECTUA EL PAGO DE LA BONIFICACION ESTABLECIDA EN EL ARTICULO 20  O  DEL DECRETO LEY N° 3.500, DE 1980, Y SU DEVOLUCION POR PARTE DE LAS ADMINISTRADORAS DE FONDOS DE PENSIONES E INSTITUCIONES AUTORIZADAS",https://www.cmfchile.cl/normativa/ncg_244_2009.pdf
2009-01-01,511,COMUNICA TASA INTERES DE ACTUALIZACION,https://www.cmfchile.cl/normativa/ofc_511_2009.pdf
2009-01-01,1918,"SOLICITA APORTES CUMPLIMIENTO DECRETO LEY 1.757, MODIFICADO POR LEY N° 19.798, DE 25 DE ABRIL DE 2002, CORRESPONDIENTES AL MES DE MARZO DE 2009",https://www.cmfchile.cl/normativa/cir_1918_2009.pdf
2009-01-01,510,COMUNICA NUEVO VALOR UNIDAD DE SEGURO REAJUSTABLE,https://www.cmfchile.cl/normativa/ofc_510_2009.pdf
2009-01-01,509,INFORMA TASA DE VALORIZACION DE PASIVOS Y TASA PARA VALORIZACION DEL BONO DE RECONOCIMIENTO (CIRCULAR N° 1512 DE ENERO DE 2001 Y 1360 DE ENERO DE 1998),https://www.cmfchile.cl/normativa/ofc_509_2009.pdf
2009-01-01,508,"IMPARTE INSTRUCCIONES RELATIVAS A INFORMACION A PROPORCIONAR AL PUBLICO SOBRE EL PRECIO DEL SEGURO OBLIGATORIO DE ACCIDENTES PERSONALES (SOAP) ESTABLECIDO POR LEY N°18.490, DE 1986",https://www.cmfchile.cl/normativa/ofc_508_2009.pdf
2009-01-01,507,COMUNICA TASA INTERES DE ACTUALIZACION,https://www.cmfchile.cl/normativa/ofc_507_2009.pdf
2009-01-01,1917,"MODIFICA CIRCULAR N° 1893, DE 16 DE SEPTIEMBRE DE 2008, QUE IMPARTE INSTRUCCIONES SOBRE POLIZAS DE SEGUROS COMO PLANES DE AHORRO PREVISIONAL VOLUNTARIO Y PLANES DE AHORRO PREVISIONAL VOLUNTARIO COLECTIVO",https://www.cmfchile.cl/normativa/cir_1917_2009.pdf
2009-01-01,506,ESTADOS FINANCIEROS DE ACUERDO A IFRS DE SOCIEDADES CON INVERSIONES EN ENTIDADES BANCARIAS,https://www.cmfchile.cl/normativa/ofc_506_2009.pdf
2009-01-01,505,INFORMACION FINANCIERA COMPARATIVA AUDITADA PARA ENTIDADES QUE EMITAN ESTADOS FINANCIEROS BAJO IFRS,https://www.cmfchile.cl/normativa/ofc_505_2009.pdf
2009-01-01,1916,"SOLICITA APORTES CUMPLIMIENTO DECRETO LEY N° 1.757, MODIFICADO POR LEY N° 19.798, DE 25 DE ABRIL DE 2002, CORRESPONDIENTES AL MES DE FEBRERO DE 2009",https://www.cmfchile.cl/normativa/cir_1916_2009.pdf
2009-01-01,504,COMUNICA NUEVO VALOR UNIDAD DE SEGURO REAJUSTABLE,https://www.cmfchile.cl/normativa/ofc_504_2009.pdf
2009-01-01,503,INFORMA TASA DE VALORIZACION DE PASIVOS Y TASA PARA VALORIZACION DEL BONO DE RECONOCIMIENTO (CIRCULAR N° 1512 DE ENERO DE 2001 Y N° 1360 DE ENERO DE 1998),https://www.cmfchile.cl/normativa/ofc_503_2009.pdf
2009-01-01,1915,"MODIFICA CIRCULAR N° 1512 DE 2001, SOBRE CONSTITUCION DE RESERVAS TECNICAS Y VALORIZACION DE ACTIVOS Y PASIVOS EN RELACION A SU CALCE EN EL TIEMPO, RESPECTO DE LA INCORPORACION DE DEPOSITOS A PLAZO EN LA MEDIACION DE CALCE",https://www.cmfchile.cl/normativa/cir_1915_2009.pdf
2009-01-01,502,"IMPARTE INSTRUCCIONES RELATIVAS A LA INCORPORACION DE BIENES RAICES HABITACIONALES COMO INVERSION REPRESENTATIVA, SEGUN NORMA DE CARACTER GENERAL N° 152 DE 2002",https://www.cmfchile.cl/normativa/ofc_502_2009.pdf
2009-01-01,501,"IMPARTE INSTRUCCIONES RELATIVAS A LA INCORPORACION DE NOTAS ESTRUCTURADAS EN LA MEDICION DE CALCE Y TSA, SEGUN CIRCULAR N° 1512, DE 2001 Y NCG N° 209, DE 2007",https://www.cmfchile.cl/normativa/ofc_501_2009.pdf
2009-01-01,243,"IMPARTE INSTRUCCIONES RELATIVAS A LA CONSTITUCION DE RESERVAS TECNICAS EN EL SEGURO DE INVALIDEZ Y SOBREVIVENCIA DEL D.L. N° 3.500, DE 1980.  DEROGA CIRCULAR N° 967, DE AGOSTO DE 1990",https://www.cmfchile.cl/normativa/ncg_243_2009.pdf
2009-01-01,1914,"MODIFICA CIRCULAR N° 1.481 DE 2000, REGULANDO PERIODICIDAD DE ENVIO DE LISTA DE ACCIONISTAS PARA LOS CASOS QUE INDICA",https://www.cmfchile.cl/normativa/cir_1914_2009.pdf
2009-01-01,1913,INSTRUYE RESPECTO AL USO DE CORRESPONDENCIA ELECTRONICA ENTRE LA SUPERINTENDENCIA Y ENTIDADES SUPERVISADAS,https://www.cmfchile.cl/normativa/cir_1913_2009.pdf
2009-01-01,242,"MODIFICA NORMA DE CARACTER GENERAL N° 30 DE 10.11.1989, SUSTITUYENDO SUS SECCIONES IV Y V, EN MATERIA DE BONOS Y EFECTOS DE COMERCIO",https://www.cmfchile.cl/normativa/ncg_242_2009.pdf
2009-01-01,241,"ESTABLECE NORMAS PARA LA INSCRIPCION DE TITULOS EMITIDOS POR VEHICULOS DE INVERSION COLECTIVA Y CUOTAS DE FONDOS DE INVERSION REGIDOS POR LA LEY 18.815, EN EL REGISTRO DE VALORES EXTRANJEROS.  SU OFERTA PUBLICA, DIFUSION Y COLOCACION EN CHILE Y OBLIGACIONES DE INFORMACION.  DEROGA NCG N° 87 Y SUS MODIFICACIONES",https://www.cmfchile.cl/normativa/ncg_241_2009.pdf
2009-01-01,240,IMPARTE INSTRUCCIONES SOBRE LA OFERTA PUBLICA DE VALORES EXTRANJEROS EN BOLSAS DE VALORES Y FUERA DE ELLAS.  DEROGA NCG N° 83 Y SUS MODIFICACIONES,https://www.cmfchile.cl/normativa/ncg_240_2009.pdf
2009-01-01,239,MODIFICA NCG N° 12 DE 1982 EN LOS TERMINOS QUE INDICA,https://www.cmfchile.cl/normativa/ncg_239_2009.pdf
2009-01-01,1912,MODIFICA CIRCULAR N° 1.217 DE 1995 EN LOS TERMINOS QUE INDICA,https://www.cmfchile.cl/normativa/cir_1912_2009.pdf
2009-01-01,1911,MODIFICA CIRCULAR N° 1.269 DE 1996 EN LOS TERMINOS QUE INDICA,https://www.cmfchile.cl/normativa/cir_1911_2009.pdf
2009-01-01,238,MODIFICA NORMA DE CARACTER GENERAL N° 74 DE  1997 EN LOS TERMINOS QUE INDICA,https://www.cmfchile.cl/normativa/ncg_238_2009.pdf
2009-01-01,500,OFICIO CIRCULAR N° 486 DE FECHA 27 DE NOVIEMBRE DE 2008,https://www.cmfchile.cl/normativa/ofc_500_2009.pdf
2009-01-01,499,INSTRUYE RESPONDER CUESTIONARIO DE ESTADO DE APLICACION DE LAS IFRS EN SU EMPRESA,https://www.cmfchile.cl/normativa/ofc_499_2009.pdf
2009-01-01,498,IMPARTE NORMAS SOBRE INFORMACION ADICIONAL QUE DEBERAN ENTREGAR LAS ENTIDADES INSCRITAS EN EL REGISTRO DE VALORES  QUE ADOPTEN IFRS.,https://www.cmfchile.cl/normativa/ofc_498_2009.pdf
2009-01-01,1910,"MODIFICA CIRCULAR N° 1.578 DE 2002, EN LOS TERMINOS QUE SEÑALA",https://www.cmfchile.cl/normativa/cir_1910_2009.pdf
2009-01-01,237,MODIFICA NORMA DE CARACTER GENERAL N° 204 DE FECHA 28 DE DICIEMBRE DE 2006,https://www.cmfchile.cl/normativa/ncg_237_2009.pdf
2009-01-01,236,"RECTIFICA NORMA DE CARACTER GENERAL N° 233, DE 2008",https://www.cmfchile.cl/normativa/ncg_236_2009.pdf
2009-01-01,497,COMUNICA TASA INTERES DE ACTUALIZACION,https://www.cmfchile.cl/normativa/ofc_497_2009.pdf
2009-01-01,1909,MODIFICA CIRCULAR N° 1786 DE 2005,https://www.cmfchile.cl/normativa/cir_1909_2009.pdf
2009-01-01,235,IMPARTE NORMAS SOBRE CUSTODIA DE VALORES PARA LAS ADMINISTRADORAS DE FONDOS QUE SE INDICA,https://www.cmfchile.cl/normativa/ncg_235_2009.pdf
2009-01-01,496,"SOLICITA INFORMACION SOBRE MEDIDAS DESTINADAS A MEJORAR LA EFECTIVIDAD DE LA OBLIGACION DE DENUNCIA A LAS AUTORIDADES COMPETENTES, DE HECHOS QUE PUDIERAN SER CONSTITUTIVOS DE INFRACCIONES O DELITOS, POR PARTE DE LOS AUDITORES EXTERNOS",https://www.cmfchile.cl/normativa/ofc_496_2009.pdf
2009-01-01,1908,"SOLICITA APORTES CUMPLIMIENTO DECRETO LEY N° 1.757, MODIFICADO POR LEY N° 19.798, DE 25 DE ABRIL DE 2002, CORRESPONDIENTE AL MES DE ENERO DE 2009",https://www.cmfchile.cl/normativa/cir_1908_2009.pdf
2009-01-01,495,COMUNICA NUEVO VALOR UNIDAD DE SEGURO REAJUSTABLE,https://www.cmfchile.cl/normativa/ofc_495_2009.pdf
2009-01-01,494,INFORMA TASA DE VALORIZACION DE PASIVOS Y TASA PARA VALORIZACION DEL BONO DE RECONOCIMIENTO (CIRCULAR N° 1512 DE ENERO DE 2001 Y N° 1360 DE ENERO DE 1998),https://www.cmfchile.cl/normativa/ofc_494_2009.pdf
2008-01-01,1907,"INSTRUYE EL ENVIO DE INFORMACION RELATIVA AL SEGURO AGRICOLA.   DEROGA CIRCULAR N° 1769, DEL 26 DE AGOSTO DE 2005 MODIFICADA POR CIRCULAR N° 1787 DEL 28 DE DICIEMBRE DE 2005",https://www.cmfchile.cl/normativa/cir_1907_2008.pdf
2008-01-01,1906,"MODIFICA CIRCULAR N° 1893, DE 16 DE SEPTIEMBRE DE 2008",https://www.cmfchile.cl/normativa/cir_1906_2008.pdf
2008-01-01,493,IMPARTE INSTRUCCIONES SOBRE LA MATERIA QUE SE INDICA,https://www.cmfchile.cl/normativa/ofc_493_2008.pdf
2008-01-01,492,DEROGA OFICIO CIRCULAR 491 DE 22 DE DICIEMBRE DE 2008,https://www.cmfchile.cl/normativa/ofc_492_2008.pdf
2008-01-01,491,IMPARTE INSTRUCCIONES SOBRE LA MATERIA QUE INDICA,https://www.cmfchile.cl/normativa/ofc_491_2008.pdf
2008-01-01,1905,"IMPARTE INSTRUCCIONES SOBRE EL CALCULO DE LA RESERVA DEL SEGURO DE INVALIDEZ Y SOBREVIVENCIA DEL D.L. N° 3.500, DE 1980",https://www.cmfchile.cl/normativa/cir_1905_2008.pdf
2008-01-01,1904,"SOLICITA APORTES CUMPLIMIENTO DECRETO LEY N° 1.757, MODIFICADO POR LEY N° 19.798, DE 25 DE ABRIL DE 2002, CORRESPONDIENTES AL MES DE DICIEMBRE DE 2008",https://www.cmfchile.cl/normativa/cir_1904_2008.pdf
2008-01-01,490,COMUNICA TASA INTERES DE ACTUALIZACION,https://www.cmfchile.cl/normativa/ofc_490_2008.pdf
2008-01-01,489,COMUNICA NUEVO VALOR UNIDAD DE SEGURO REAJUSTABLE,https://www.cmfchile.cl/normativa/ofc_489_2008.pdf
2008-01-01,488,INFORMA TASA DE VALORIZACION DE PASIVOS Y TASA PARA VALORIZACION DEL BONO DE RECONOCIMIENTO (CIRCULAR N° 1512 DE ENERO DE 2001 Y N° 1360 DE ENERO DE 1998),https://www.cmfchile.cl/normativa/ofc_488_2008.pdf
2008-01-01,487,"IMPARTE INSTRUCCIONES QUE INDICA, SOBRE CLASIFICACION DE INVERSION EN TITULOS EMITIDOS POR EMISORES EXTRANJEROS EN ESTADOS FINANCIEROS DE FONDOS MUTUOS.",https://www.cmfchile.cl/normativa/ofc_487_2008.pdf
2008-01-01,486,"INSTRUYE ENVIO DATOS DE POTENCIALES BENEFICIARIOS DE PENSION DE SOBREVIVENCIA INVALIDOS DE PENSIONADOS DE RENTA VITALICIA DEL D.L. N° 3.500, DE 1980",https://www.cmfchile.cl/normativa/ofc_486_2008.pdf
2008-01-01,1903,"MODIFICA SECCION I Y ANEXO B DE LA CIRCULAR N° 1.696, DE 29.12.2003 SOBRE INFORMES FINANCIEROS PARA LA INVERSION DE LOS FONDOS DE PENSIONES EN VALORES DE OFERTA PUBLICA DE SOCIEDADES ANONIMAS",https://www.cmfchile.cl/normativa/cir_1903_2008.pdf
2008-01-01,234,"NORMAS PARA LA CONTRATACION DEL SEGURO DE INVALIDEZ Y SOBREVIVENCIA.  DEROGA CIRCULAR N° 521 Y SUS MODIFICACIONES POSTERIORES, CONTENIDAS EN LAS CIRCULARES N° 648, 1.014 Y 1.082, DE LA EX SUPERINTENDENCIA DE ADMINISTRADORAS DE FONDOS DE PENSIONES, HOY SUPERINTENDENCIA DE PENSIONES",https://www.cmfchile.cl/normativa/ncg_234_2008.pdf
2008-01-01,485,"COMPLEMENTA OFICIO CIRCULAR N° 427 DE 28 DE DICIEMBRE DE 2007, SOBRE PROCESO DE ADOPCION DE NORMAS INTERNACIONALES DE INFORMACION FINANCIERA (IFRS)",https://www.cmfchile.cl/normativa/ofc_485_2008.pdf
2008-01-01,484,COMUNICA TASA INTERES DE ACTUALIZACION,https://www.cmfchile.cl/normativa/ofc_484_2008.pdf
2008-01-01,1902,"SOLICITA APORTES CUMPLIMIENTO DECRETO LEY N° 1.757, MODIFICADO POR LEY N° 19.798, DE 25 DE ABRIL DE 2002, CORRESPONDIENTES AL MES DE NOVIEMBRE DE 2008",https://www.cmfchile.cl/normativa/cir_1902_2008.pdf
2008-01-01,483,INFORMA TASA DE VALORIZACION DE PASIVOS Y TASA PARA VALORIZACION  DEL BONO DE RECONOCIMIENTO (CIRCULAR N° 1512 DE ENERO DE 2001 Y N° 1360 DE ENERO DE 1998),https://www.cmfchile.cl/normativa/ofc_483_2008.pdf
2008-01-01,233,ESTABLECE FORMA Y OPORTUNIDAD PARA ACREDITAR LOS REQUISITOS PARA ACCEDER A LOS BENEFICIOS DEL D.L. N° 1.757.  DEROGA NORMA DE CARACTER GENERAL N° 180 DE 2006,https://www.cmfchile.cl/normativa/ncg_233_2008.pdf
2008-01-01,482,COMUNICA NUEVO VALOR UNIDAD DE SEGURO REAJUSTABLE,https://www.cmfchile.cl/normativa/ofc_482_2008.pdf
2008-01-01,1901,IMPARTE NORMAS SOBRE INFORMACION ADICIONAL QUE DEBERA CONTENER LA INFORMACION FINANCIERA DE ACUERDO A IFRS,https://www.cmfchile.cl/normativa/cir_1901_2008.pdf
2008-01-01,232,"MODIFICA NCG N° 200 DE 2006, QUE IMPARTE INSTRUCCIONES SOBRE OPERACIONES DE COBERTURA DE RIESGOS FINANCIEROS, INVERSION EN PRODUCTOS DERIVADOS FINANCIEROS Y OPERACIONES DE PRESTAMO DE ACCIONES",https://www.cmfchile.cl/normativa/ncg_232_2008.pdf
2008-01-01,481,"REQUIERE ENVIO DE INFORMACION DE CARTERAS DE INVERSION DE FONDOS MUTUOS, EN ATENCION A DISPOSICIONES DE LA CIRCULAR N° 1.693 DE 2003",https://www.cmfchile.cl/normativa/ofc_481_2008.pdf
2008-01-01,480,OTORGA PRORROGA AL PLAZO PARA PRIMERA ENTREGA DE INFORMACION QUE INDICA,https://www.cmfchile.cl/normativa/ofc_480_2008.pdf
2008-01-01,231,"MODIFICA CIRCULAR N° 1.525 DE LA SUPERINTENDENCIA DE PENSIONES, Y N.C.G. N° 218, DE LA SUPERINTENDENCIA DE VALORES Y SEGUROS.  DEROGA OFICIOS CONJUNTOS N° 13.858 Y N° 23.716, DE 5 DE SEPTIEMBRE DE 2008 Y OFICIOS CONJUNTOS N° 14.466 Y 24.745, DE 16 DE SEPTIEMBRE DE 2008, DE LA SUPERINTENDENCIA DE PENSIONES Y VALORES Y SEGUROS, RESPECTIVAMENTE",https://www.cmfchile.cl/normativa/ncg_231_2008.pdf
2008-01-01,479,SOLICITA INFORMACION ENDEUDAMIENTO Y PATRIMONIO,https://www.cmfchile.cl/normativa/ofc_479_2008.pdf
2008-01-01,478,"SOLICITA INFORMACION DIARIA SOBRE PARTICIPACION EN FONDOS MUTUOS, DE LAS PERSONAS QUE SE INDICAN",https://www.cmfchile.cl/normativa/ofc_478_2008.pdf
2008-01-01,477,COMUNICA TASA INTERES DE ACTUALIZACION,https://www.cmfchile.cl/normativa/ofc_477_2008.pdf
2008-01-01,476,COMUNICA NUEVO VALOR UNIDAD DE SEGURO REAJUSTABLE,https://www.cmfchile.cl/normativa/ofc_476_2008.pdf
2008-01-01,1900,SOLICITA APORTES CUMPLIMIENTO DECRETO LEY N° 1.757 MODIFICADO POR LEY N° 19.798 DE 25 DE ABRIL DE 2002 CORRESPONDIENTES AL MES DE OCTUBRE DE 2008,https://www.cmfchile.cl/normativa/cir_1900_2008.pdf
2008-01-01,1899,"INSTRUCCIONES GENERALES PAR LA PRESENTACION DEL ESTADO DE INGRESOS Y GASTOS Y RENDICION DE CUENTAS QUE DEBEN EFECTUAR LOS CUERPOS DE BOMBEROS DE CHILE.  DEROGA INSTRUCIONES ENVIADAS A CUERPOS DE BOMBEROS POR OFICIO Y A INTENDENTES REGIONALES Y GOBERNADORES PROVINCIALES POR CIRCULAR E-41 DE 5, DE NOVIEMBRE DE 1990 DEL SUBSECRETARIO DEL INTERIOR",https://www.cmfchile.cl/normativa/cir_1899_2008.pdf
2008-01-01,475,IMPARTE INSTRUCCIONES SOBRE CUESTIONARIO ACERCA DE AVANCE  DEL PROCESO DE CONVERGENCIA A IFRS,https://www.cmfchile.cl/normativa/ofc_475_2008.pdf
2008-01-01,474,INFORMA TASA DE VALORIZACION DE PASIVOS Y TASA PARA VALORIZACION DEL BONO DE RECONOCIMIENTO (CIRCULAR N° 1512 DE ENERO DE 2001 Y N° 1360 DE ENERO DE 1998).,https://www.cmfchile.cl/normativa/ofc_474_2008.pdf
2008-01-01,230,MODIFICA NORMA DE CARACTER GENERAL N° 163 DE 21 DE JUNIO DE 2004 QUE IMPARTE INSTRUCCIONES SOBRE CONTRATACION DE SEGUROS DE RENTAS VITALICIAS DEL D.L. N° 3.500 DE 1980.,https://www.cmfchile.cl/normativa/ncg_230_2008.pdf
2008-01-01,1898,"AUTORIZA PLANES DE AHORRO PREVISIONAL VOLUNTARIO Y PLANES DE AHORRO PREVISIONAL VOLUNTARIO COLECTIVO, QUE OFREZCAN INSTITUCIONES QUE SEÑALA E IMPARTE INSTRUCCIONES SOBRE LA MATERIA. DEROGA CIRCULARES N°S. 1.567, 1.589 Y 1.597 Y OFICIO CIRCULAR N° 217 DE 2004.",https://www.cmfchile.cl/normativa/cir_1898_2008.pdf
2008-01-01,229,"MODIFICA NORMA DE CARACTER GENERAL N° 163, DE 21 DE JUNIO DE 2004, LA CUAL IMPARTE NORMAS SOBRE CONTRATACION DE SEGUROS DE RENTAS VITALICIAS DEL D.L. N° 3.500, DE 1980.",https://www.cmfchile.cl/normativa/ncg_229_2008.pdf
2008-01-01,1897,MODIFICA CIRCULAR N° 1566 DE 2001 EN LOS TERMINOS QUE SE SEÑALA.,https://www.cmfchile.cl/normativa/cir_1897_2008.pdf
2008-01-01,1896,INSTRUYE EL ENVIO DE INFORMACION RELATIVA A PRESTAMOS A PERSONAS NATURALES Y JURIDICAS. DEROGA CIRCULAR N° 1671 DE 24 DE JUNIO DE 2003,https://www.cmfchile.cl/normativa/cir_1896_2008.pdf
2008-01-01,228,"FORMA Y PLAZO EN QUE LAS ADMINISTRADORAS DE FONDOS DE PENSIONES E INSTITUCIONES AUTORIZADAS DEBEN REMITIR AL SERVICIO DE IMPUESTOS INTERNOS, LA INFORMACION PARA LA DETERMINACION DEL MONTO DE LA BONIFICACION QUE ESTABLECE EL ARTICULO 20 O DEL DECRETO LEY N° 3.500 DE 1980",https://www.cmfchile.cl/normativa/ncg_228_2008.pdf
2008-01-01,1895,"MODIFICA CIRCULAR N° 1.828 DE LA SUPERINTENDENCIA DE VALORES Y SEGUROS, CIRCULAR N° 1.417 DE LA SUPERINTENDENCIA DE PENSIONES Y CIRCULAR N° 427 DE LA TESORERIA GENERAL DE LA REPUBLICA",https://www.cmfchile.cl/normativa/cir_1895_2008.pdf
2008-01-01,473,INFORMA SOBRE PLAZOS DE PRESENTACION DE LA INFORMACION FINANCIERA DE ACUERDO A IFRS PARA EL EJERCICIO 2009 Y PRESENTACION DE LA INFORMACION FINANCIERA INTERMEDIA Y PROFORMA,https://www.cmfchile.cl/normativa/ofc_473_2008.pdf
2008-01-01,1894,AUTORIZA LA ADMINISTRACIÓN DE CARTERA DE TERCEROS COMO ACTIVIDAD COMPLEMENTARIA A LAS ADMINISTRADORAS DE FONDOS FISCALIZADOS QUE INDICA Y ESTABLECE REQUISITOS PARA SU EJERCICIO.,https://www.cmfchile.cl/normativa/cir_1894_2008.pdf
2008-01-01,472,COMUNICA TASA INTERES DE ACTUALIZACION,https://www.cmfchile.cl/normativa/ofc_472_2008.pdf
2008-01-01,1893,IMPARTE INSTRUCCIONES SOBRE POLIZAS DE SEGUROS COMO PLANES DE AHORRO PREVISIONAL VOLUNTARIO Y PLANES DE AHORRO PREVISIONAL VOLUNTARIO COLECTIVO. DEROGA CIRCULAR 1691 DE 18 DE DICIEMBRE DE 2003,https://www.cmfchile.cl/normativa/cir_1893_2008.pdf
2008-01-01,471,"INSTRUYE FORMA DE ENVIO DE INFORMACION SOBRE EFECTOS DE ADOPCION DE IFRS, PRINCIPALES POLITICAS CONTABLES Y MONEDA FUNCIONAL.",https://www.cmfchile.cl/normativa/ofc_471_2008.pdf
2008-01-01,1892,"SOLICITA APORTES CUMPLIMIENTO DECRETO LEY N° 1.757, MODIFICADO POR LEY N° 19798, DE 25 DE ABRIL DE 2002, CORRESPONDIENTE AL MES DE SEPTIEMBRE DE 2008",https://www.cmfchile.cl/normativa/cir_1892_2008.pdf
2008-01-01,470,INFORMA TASA DE VALORIZACION DE PASIVOS Y TASA PARA VALORIZACION DEL BONO DE RECONOCIMIENTO (CIRCULAR N° 1512 DE ENERO DE 2001 Y N° 1360 DE ENERO DE 1998),https://www.cmfchile.cl/normativa/ofc_470_2008.pdf
2008-01-01,469,COMUNICA NUEVO VALOR UNIDAD DE SEGURO REAJUSTABLE,https://www.cmfchile.cl/normativa/ofc_469_2008.pdf
2008-01-01,227,ESTABLECE REGULACIONES COMUNES EN RELACION AL AHORRO PREVISIONAL VOLUNTARIO COLECTIVO.,https://www.cmfchile.cl/normativa/ncg_227_2008.pdf
2008-01-01,226,"ESTABLECE REGULACIONES COMUNES EN RELACION CON COTIZACIONES VOLUNTARIAS, DEPOSITOS CONVENIOS Y DEPOSITOS DE AHORRO PREVISIONAL VOLUNTARIO. DEROGA CIRCULARES N° 1.194, DE LA SUPERINTENDENCIA DE PENSIONES, N° 3.164 Y N° 1.435, DE LA SUPERINTENDENCIA DE BANCOS E INSTITUCIONES FINANCIERAS Y N° 1.585, DE LA SUPERINTENDENCIA DE VALORES Y SEGUROS.",https://www.cmfchile.cl/normativa/ncg_226_2008.pdf
2008-01-01,225,MODIFICA NORMA DE CARACTER GENERAL N° 191 DE FECHA 29 DE DICIEMBRE DE 2005,https://www.cmfchile.cl/normativa/ncg_225_2008.pdf
2008-01-01,224,ESTABLECE CONTENIDOS MINIMOS PARA LA ELABORACION DEL ESTUDIO TARIFARIO QUE DEBERAN PROPORCIONAR LAS EMPRESAS DE DEPOSITO Y CUSTODIA DE VALORES,https://www.cmfchile.cl/normativa/ncg_224_2008.pdf
2008-01-01,1891,MODIFICA CIRCULAR N° 1633 DE 02 DE DICIEMBRE DE 2002,https://www.cmfchile.cl/normativa/cir_1891_2008.pdf
2008-01-01,223,"REGULA LA INFORMACION QUE SE DEBERA PONER A DISPOSICION DE LOS MANDANTES CON CUENTA INDIVIDUAL, A LOS QUE SE REFIERE EL ARTICULO 179 DE LA LEY N° 18.045 POR PARTE DE LAS ENTIDADES DE DEPOSITO Y CUSTODIA",https://www.cmfchile.cl/normativa/ncg_223_2008.pdf
2008-01-01,468,MODIFICA OFICIO CIRCULAR N° 417 DE 02 DE NOVIEMBRE DE 2007,https://www.cmfchile.cl/normativa/ofc_468_2008.pdf
2008-01-01,1890,ESTABLECE NORMAS RESPECTO A LA GARANTIA QUE DEBEN CONSTITUIR LOS ASESORES PREVISIONALES Y ENTIDADES DE ASESORIA PREVISIONAL PARA EL DESEMPEÑO DE SU ACTIVIDAD,https://www.cmfchile.cl/normativa/cir_1890_2008.pdf
2008-01-01,1889,MODIFICA CIRCULAR N° 1.266 DE 1996,https://www.cmfchile.cl/normativa/cir_1889_2008.pdf
2008-01-01,1888,MODIFICA CIRCULAR N° 1602 DE 15 DE MAYO DE 2002 SOBRE FORMA Y CONTENIDO DE LOS ESTADOS FINANCIEROS DE CORREDORES DE SEGUROS QUE NO SEAN PERSONAS NATURALES,https://www.cmfchile.cl/normativa/cir_1888_2008.pdf
2008-01-01,1887,MODIFICA CIRCULAR N° 1652 DE 11 DE FEBRERO DE 2003 SOBRE INFORMACION DE PRODUCCION INTERMEDIADA POR CORREDORES DE SEGUROS PERSONAS NATURALES,https://www.cmfchile.cl/normativa/cir_1887_2008.pdf
2008-01-01,222,"MODIFICA NORMA DE CARACTER GENERAL N° 91 REFERIDA A AGENTES DE VENTAS DE SEGUROS DE RENTAS VITALICIAS DEL D.L. N° 3.500, DE 1980",https://www.cmfchile.cl/normativa/ncg_222_2008.pdf
2008-01-01,221,"IMPARTE INSTRUCCIONES SOBRE LA ASESORIA PREVISIONAL, EL CONTRATO DE ASESORIA PREVISIONAL Y LA INSCRIPCION EN EL REGISTRO DE ASESORES PREVISIONALES ESTABLECIDO POR EL TITULO XVII DEL D.L. N° 3.500, DE 1980",https://www.cmfchile.cl/normativa/ncg_221_2008.pdf
2008-01-01,467,COMUNICA TASA INTERES DE ACTUALIZACION,https://www.cmfchile.cl/normativa/ofc_467_2008.pdf
2008-01-01,220,REGULA LA INFORMACION A REMITIR POR PARTE DE LAS ENTIDADES DE DEPOSITO Y CUSTODIA REFERENTE A NUEVAS ACTIVIDADES INHERENTES O COMPLEMENTARIAS A IMPLEMENTAR Y LA AUTORIZACION DE ESTAS ULTIMAS.S,https://www.cmfchile.cl/normativa/ncg_220_2008.pdf
2008-01-01,1886,SOLICITA APORTES CUMPLIMIENTO DECRETO LEY N° 1.757 MODIFICADO POR LEY N° 19.798 DE 25 DE ABRIL DE 2002 CORRESPONDIENTES AL MES DE AGOSTO DE 2008,https://www.cmfchile.cl/normativa/cir_1886_2008.pdf
2008-01-01,219,IMPARTE INSTRUCCIONES RELATIVAS A FILIALES ADMINISTRADORAS DE FONDOS DE PENSIONES,https://www.cmfchile.cl/normativa/ncg_219_2008.pdf
2008-01-01,466,COMUNICA NUEVO VALOR UNIDAD DE SEGURO REAJUSTABLE,https://www.cmfchile.cl/normativa/ofc_466_2008.pdf
2008-01-01,465,INFORMA TASA DE VALORIZACION DE PASIVOS Y TASA PARA VALORIZACION DEL BONO DE RECONOCIMIENTO (CIRCULAR N° 1512 DE ENERO DE 2001 Y N° 1360 DE ENERO DE 1998),https://www.cmfchile.cl/normativa/ofc_465_2008.pdf
2008-01-01,218,"IMPARTE INSTRUCCIONES SOBRE SISTEMA DE CONSULTAS Y OFERTAS DE MONTOS DE PENSION ESTABLECIDO POR EL ARTICULO 61 BIS DEL D.L. N° 3.500, DE 1980.  DEROGA NORMA DE CARACTER GENERAL N° 162 DE LA SUPERINTENDENCIA DE VALORES Y SEGUROS Y CIRCULAR N° 1291 DE LA EX SUPERINTENDENCIA DE ADMINISTRADORAS DE FONDOS DE PENSIONES",https://www.cmfchile.cl/normativa/ncg_218_2008.pdf
2008-01-01,1885,"AGREGA CUENTA CONTABLE EN ITEM INVERSIONES
MODIFICA CIRCULAR N° 1.122 DE 24 DE MAYO DE 1993 Y CIRCULAR N° 1.439 DE 10 DE JUNIO DE 1999",https://www.cmfchile.cl/normativa/cir_1885_2008.pdf
2008-01-01,464,COMUNICA TASA INTERES DE ACTUALIZACION,https://www.cmfchile.cl/normativa/ofc_464_2008.pdf
2008-01-01,1884,SOLICITA APORTES CUMPLIMIENTO DECRETO LEY N° 1.757 MODIFICADO POR LEY N° 19.798 DE 25 DE ABRIL DE 2002 CORRESPONDIENTES AL MES DE JULIO DE 2008,https://www.cmfchile.cl/normativa/cir_1884_2008.pdf
2008-01-01,1883,"1) SOLICITA INFORMACION DE FONDOS MUTUOS Y FONDOS DE INVERSION
2) DEROGA CIRCULAR N° 1.755 DE 04 DE JULIO DE 2005",https://www.cmfchile.cl/normativa/cir_1883_2008.pdf
2008-01-01,463,COMISIONES MAXIMAS A SER PAGADAS POR LOS FONDOS DE PENSIONES A LOS FONDOS MUTUOS Y DE INVERSION,https://www.cmfchile.cl/normativa/ofc_463_2008.pdf
2008-01-01,462,COMUNICA NUEVO VALOR UNIDAD DE SEGURO REAJUSTABLE,https://www.cmfchile.cl/normativa/ofc_462_2008.pdf
2008-01-01,461,INSTRUYE RESPONDER CUESTIONARIO ACERCA DEL AVANCE DEL PROCESO DE ADOPCION DE IFRS,https://www.cmfchile.cl/normativa/ofc_461_2008.pdf
2008-01-01,460,INFORMA TASA DE VALORIZACION DE PASIVOS Y TASA PARA VOLORIZACION DEL BONO DE RECONOCIMIENTO (CIRCULAR N° 1512 DE ENERO DE 2001 Y N° 1360 DE ENERO DE 1998),https://www.cmfchile.cl/normativa/ofc_460_2008.pdf
2008-01-01,1882,"OBLIGACIONES DE LAS COMPAÑIAS DE SEGUROS DE VIDA RESPECTO DEL SISTEMA DE PENSIONES SOLIDARIAS. DEROGA OFICIO CIRCULAR N° 448, DE 17 DE ABRIL DE 2008, DE LA SUPERINTENDENCIA DE VALORES Y SEGUROS",https://www.cmfchile.cl/normativa/cir_1882_2008.pdf
2008-01-01,459,COMUNICA TASA INTERES DE ACTUALIZACION,https://www.cmfchile.cl/normativa/ofc_459_2008.pdf
2008-01-01,458,"INSTRUYE ENVIO DE INFORMACION A PENSIONADOS DE RENTA VITALICIA DEL D.L. N° 3.500, DE 1980.",https://www.cmfchile.cl/normativa/ofc_458_2008.pdf
2008-01-01,457,REQUIERE INFORMAR SOBRE EFECTOS DE ADOPCION DE NORMAS INTERNACIONALES DE CONTABILIDAD Y NORMAS INTERNACIONALES DE INFORMACION FINANCIERA -IFRS,https://www.cmfchile.cl/normativa/ofc_457_2008.pdf
2008-01-01,456,INSTRUCCIONES SOBRE PROCESO DE ADOPCION DE NORMAS INTERNACIONALES DE CONTABILIDAD Y NORMAS INTERNACIONALES DE INFORMACION FINANCIERA EN CUANTO A IFRS N° 1,https://www.cmfchile.cl/normativa/ofc_456_2008.pdf
2008-01-01,217,"ESTABLECE NORMAS DE INSCRIPCION DE ACCIONES O CERTIFICADOS REPRESENTATIVOS DE ACCIONES EN EL REGISTRO DE VALORES EXTRANJEROS, LA OFERTA PUBLICA DE LOS MISMOS EN CHILE, SU DIFUSION, COLOCACION Y OBLIGACIONES DE INFORMACION.  DEROGA N.C.G. N° 82",https://www.cmfchile.cl/normativa/ncg_217_2008.pdf
2008-01-01,216,DEFINE INVERSIONISTAS CALIFICADOS PARA EFECTOS QUE SE SEÑALA.  DEROGA NORMA DE CARACTER GENERAL N° 119 DE 2001,https://www.cmfchile.cl/normativa/ncg_216_2008.pdf
2008-01-01,215,ESTABLECE REQUISITOS Y CONDICIONES QUE DEBEN CUMPLIR LAS SOCIEDADES PARA PATROCINAR LA INSCRIPCION DE VALORES EXTRANJEROS,https://www.cmfchile.cl/normativa/ncg_215_2008.pdf
2008-01-01,1881,SOLICITA APORTES CUMPLIMIENTO DECRETO LEY N° 1.757 MODIFICADO POR LEY N° 19.798 DE 25 DE ABRIL DE 2002 CORRESPONDIENTES AL MES DE JUNIO DE 2008,https://www.cmfchile.cl/normativa/cir_1881_2008.pdf
2008-01-01,455,INFORMA TASA DE VALORIZACION DE PASIVOS Y TASA PARA VALORIZACION DEL BONO DE RECONOCIMIENTO (CIRCULAR N° 1512 DE ENERO DE 2001 Y N° 1360 DE ENERO DE 1998),https://www.cmfchile.cl/normativa/ofc_455_2008.pdf
2008-01-01,454,COMUNICA NUEVO VALOR UNIDAD DE SEGURO REAJUSTABLE,https://www.cmfchile.cl/normativa/ofc_454_2008.pdf
2008-01-01,453,COMUNICA TASA INTERES DE ACTUALIZACION,https://www.cmfchile.cl/normativa/ofc_453_2008.pdf
2008-01-01,452,"COMPLEMENTA LAS DISPOSICIONES CONTENIDAS EN EL OFICIO CIRCULAR N° 437 DE FECHA 11 DE FEBRERO DE 2008, REFERENTE AL ENVIO DEL MANUAL DE MANEJO DE INFORMACION DE INTERES REQUERIDO EN LA NORMA DE CARACTER GENERAL N° 211 DE FECHA 15 DE ENERO DE 2008",https://www.cmfchile.cl/normativa/ofc_452_2008.pdf
2008-01-01,1880,"SOLICITA APORTES CUMPLIMIENTO DECRETO LEY N° 1.757 MODIFICADO POR LEY N° 19.798, DE 25 DE ABRIL DE 2002, CORRESPONDIENTES AL MES DE MAYO DE 2008",https://www.cmfchile.cl/normativa/cir_1880_2008.pdf
2008-01-01,451,INFORMA TASA DE VALORIZACION DEL BONO DE RECONOCIMIENTO (CIRCULAR N° 1512 DE ENERO DE 2001 Y N° 1360 DE ENERO DE 1998),https://www.cmfchile.cl/normativa/ofc_451_2008.pdf
2008-01-01,450,COMUNICA NUEVO VALOR UNIDAD DE SEGURO REAJUSTABLE,https://www.cmfchile.cl/normativa/ofc_450_2008.pdf
2008-01-01,449,COMUNICA TASA INTERES DE ACTUALIZACION,https://www.cmfchile.cl/normativa/ofc_449_2008.pdf
2008-01-01,1879,ESTABLECE MODELO PARA PRESENTACION DE ESTADOS FINANCIEROS PREPARADOS BAJO IFRS Y MEDIO DE INFORMACION A UTILIZAR,https://www.cmfchile.cl/normativa/cir_1879_2008.pdf
2008-01-01,1878,MODIFICA CIRCULAR N° 1633 DE 2002,https://www.cmfchile.cl/normativa/cir_1878_2008.pdf
2008-01-01,1877,MODIFICA CIRCULAR N° 1835 DE FECHA 23.04.2007,https://www.cmfchile.cl/normativa/cir_1877_2008.pdf
2008-01-01,1876,MODIFICA CIRCULAR N° 695 DE 1987,https://www.cmfchile.cl/normativa/cir_1876_2008.pdf
2008-01-01,1875,"MODIFICA CIRCULAR N° 1.828 DE LA SUPERINTENDENCIA DE VALORES Y SEGUROS, CIRCULAR N° 1.417 DE LA SUPERINTENDENCIA DE ADMINISTRADORAS DE FONDOS DE PENSIONES Y CIRCULAR S/N° DE LA TESORERIA GENERAL DE LA REPUBLICA",https://www.cmfchile.cl/normativa/cir_1875_2008.pdf
2008-01-01,448,"INSTRUYE ENVIO DATOS DE PENSIONADOS DE RENTA VITALICIA DEL D.L. N° 3.500, DE 1980",https://www.cmfchile.cl/normativa/ofc_448_2008.pdf
2008-01-01,1874,MODIFICA CIRCULAR N° 1857 DE 24 DE DICIEMBRE DE 2007 SOBRE APLICACION DE TABLAS DE MORTALIDAD B-2006 Y MI-2006,https://www.cmfchile.cl/normativa/cir_1874_2008.pdf
2008-01-01,447,INFORMA TASA DE VALORIZACION DE PASIVOS Y TASA PARA VALORIZACION DEL BONO DE RECONOCIMIENTO (CIRCULAR N° 1512 DE ENERO DE 2001 Y N° 1360 DE ENERO DE 1998),https://www.cmfchile.cl/normativa/ofc_447_2008.pdf
2008-01-01,446,COMUNICA NUEVO VALOR UNIDAD DE SEGURO REAJUSTABLE,https://www.cmfchile.cl/normativa/ofc_446_2008.pdf
2008-01-01,1873,SOLICITA APORTES CUMPLIMIENTO DECRETO LEY N° 1.757 MODIFICADO POR LA LEY N° 19.798 DEL 25 DE ABRIL DE 2002 CORRESPONDIENTES AL MES DE ABRIL DE 2008,https://www.cmfchile.cl/normativa/cir_1873_2008.pdf
2008-01-01,1872,"MODIFICA CIRCULAR N° 1857 DE 2007, QUE IMPARTE INSTRUCCIONES SOBRE APLICACION DE TABLAS DE MORTALIDAD B-2006 Y MI-2006, FIJADAS POR NORMA DE CARACTER GENERAL N° 207, DE 31.08.2007",https://www.cmfchile.cl/normativa/cir_1872_2008.pdf
2008-01-01,445,COMUNICA TASA INTERES DE ACTUALIZACION,https://www.cmfchile.cl/normativa/ofc_445_2008.pdf
2008-01-01,444,MEDIOS ALTERNATIVOS MEDIANTE LOS CUALES SE PODRA PONER A DISPOSICION LA MEMORIA ANUAL A LOS ACCIONISTAS,https://www.cmfchile.cl/normativa/ofc_444_2008.pdf
2008-01-01,1871,SOLICITA APORTES CUMPLIMIENTO DECRETO LEY N° 1.757 MODIFICADO POR LA LEY N° 19.798 DEL 25 DE ABRIL DE 2002 CORRESPONDIENTES AL MES DE MARZO DE 2008,https://www.cmfchile.cl/normativa/cir_1871_2008.pdf
2008-01-01,1870,MODIFICA CIRCULAR N° 1737 DE 2005,https://www.cmfchile.cl/normativa/cir_1870_2008.pdf
2008-01-01,443,COMUNICA NUEVO VALOR UNIDAD DE SEGURO REAJUSTABLE,https://www.cmfchile.cl/normativa/ofc_443_2008.pdf
2008-01-01,442,INFORMA TASA DE VALORIZACION DE PASIVOS Y TASA PARA VALORIZACION DEL BONO DE RECONOCIMIENTO (CIRCULAR N° 1512 DE ENERO DE 2001 Y N° 1360 DE ENERO DE 1998),https://www.cmfchile.cl/normativa/ofc_442_2008.pdf
2008-01-01,441,COMUNICA TASA INTERES DE ACTUALIZACION,https://www.cmfchile.cl/normativa/ofc_441_2008.pdf
2008-01-01,440,MODIFICA OFICIO CIRCULAR N° 439 DE 22 DE FEBRERO DE 2008 SOBRE INFORMACION DE PRECIOS DEL SEGURO OBLIGATORIO DE ACCIDENTES PERSONALES CAUSADOS POR VEHICULOS MOTORIZADOS LEY N° 18.490,https://www.cmfchile.cl/normativa/ofc_440_2008.pdf
2008-01-01,439,SEGURO OBLIGATORIO DE ACCIDENTES PERSONALES CAUSADOS POR VEHICULOS MOTORIZADOS LEY N° 18.490,https://www.cmfchile.cl/normativa/ofc_439_2008.pdf
2008-01-01,1869,IMPARTE INSTRUCCIONES SOBRE LA IMPLEMENTACION DE MEDIDAS RELATIVAS A LA GESTION DE RIESGOS Y CONTROL INTERNO EN LAS ADMINISTRADORAS DE FONDOS,https://www.cmfchile.cl/normativa/cir_1869_2008.pdf
2008-01-01,1868,MODIFICA CIRCULAR N° 1.790 DE 13.01.2006 EN LOS TERMINOS QUE INDICA,https://www.cmfchile.cl/normativa/cir_1868_2008.pdf
2008-01-01,438,"INFORMA NOMINA DE ENTIDADES QUE DEBERAN ADOPTAR NORMAS INTERNACIONALES DE CONTABILIDAD Y NORMAS INTERNACIONALES DE INFORMACION FINANCIERA, A PARTIR DEL 1 DE ENERO DE 2009.
COMPLEMENTA OFICIO CIRCULAR N° 427 DE 28 DE DICIEMBRE DE 2007",https://www.cmfchile.cl/normativa/ofc_438_2008.pdf
2008-01-01,1867,SOLICITA APORTES CUMPLIMIENTO DECRETO LEY N° 1.757 MODIFICADO POR LA LEY N° 19.798 DEL 25 DE ABRIL DE 2002 CORRESPONDIENTES AL MES DE FEBRERO DE 2008,https://www.cmfchile.cl/normativa/cir_1867_2008.pdf
2008-01-01,437,SOLICITA ACTUALIZACION DE ANEXO A  DE LA  N.C.G. N° 117,https://www.cmfchile.cl/normativa/ofc_437_2008.pdf
2008-01-01,436,INFORMA TASA DE VALORIZACION DE PASIVOS Y TASA PARA VALORIZACION DEL BONO DE RECONOCIMIENTO (CIRCULAR N° 1512 DE ENERO DE 2001 Y N° 1360 DE ENERO DE 1998),https://www.cmfchile.cl/normativa/ofc_436_2008.pdf
2008-01-01,435,COMUNICA NUEVO VALOR UNIDAD DE SEGURO REAJUSTABLE,https://www.cmfchile.cl/normativa/ofc_435_2008.pdf
2008-01-01,1866,AGREGA ANEXO A LA CIRCULAR N° 1.579 DE 17.01.2002,https://www.cmfchile.cl/normativa/cir_1866_2008.pdf
2008-01-01,214,"NORMAS APLICABLES A LAS EMISIONES DE TITULOS DE DEUDA DE SECURITIZACION, A SU INSCRIPCION EN EL REGISTRO DE VALORES, A LA DIFUSION Y PUBLICIDAD DE DICHAS EMISIONES Y A SU INFORMACION CONTINUA. DEROGA NORMAS DE CARACTER GENERAL N° 58 DE 02.03.1995, N° 67 DE 05.09.1996 Y N° 94 DE 10.03.2000",https://www.cmfchile.cl/normativa/ncg_214_2008.pdf
2008-01-01,213,"MODIFICA SECCION V DE LA NORMA DE CARACTER GENERAL N° 30, EN MATERIA DE EFECTOS DE COMERCIO",https://www.cmfchile.cl/normativa/ncg_213_2008.pdf
2008-01-01,434,SOLICITA INFORMACION QUE SE INDICA,https://www.cmfchile.cl/normativa/ofc_434_2008.pdf
2008-01-01,1865,"MODIFICA CIRCULAR N° 1.333 DE 1997, EN LOS TERMINOS QUE SEÑALA",https://www.cmfchile.cl/normativa/cir_1865_2008.pdf
2008-01-01,433,COMISIONES MAXIMAS A SER PAGADAS POR LOS FONDOS DE PENSIONES A LOS FONDOS DE INVERSION NACIONALES,https://www.cmfchile.cl/normativa/ofc_433_2008.pdf
2008-01-01,432,COMUNICA TASA INTERES DE ACTUALIZACION,https://www.cmfchile.cl/normativa/ofc_432_2008.pdf
2008-01-01,1864,"MODIFICA CIRCULAR N° 1459, DE 03.12.1999",https://www.cmfchile.cl/normativa/cir_1864_2008.pdf
2008-01-01,212,"MODIFICA NORMA DE CARACTER GENERAL N° 152 DE 26.12.2002, SOBRE ACTIVOS REPRESENTANTIVOS DE RESERVAS TECNICAS Y PATRIMONIO DE RIESGO",https://www.cmfchile.cl/normativa/ncg_212_2008.pdf
2008-01-01,431,COMUNICA NUEVO VALOR UNIDAD DE SEGURO REAJUSTABLE,https://www.cmfchile.cl/normativa/ofc_431_2008.pdf
2008-01-01,1863,MODIFICA CIRCULAR N° 1.737 DE 2005,https://www.cmfchile.cl/normativa/cir_1863_2008.pdf
2008-01-01,1862,DEFINE ALCANCE Y ESTABLECE REQUISITOS A LOS INTERMEDIARIOS DE VALORES PARA EL EJERCICIO DE LA ACTIVIDAD DE ADMINISTRACION DE CARTERA DE TERCEROS.  DEROGA CIRCULAR N° 619 DE FECHA 29.05.1986,https://www.cmfchile.cl/normativa/cir_1862_2008.pdf
2008-01-01,211,ESTABLECE NORMAS PARA LA PUBLICIDAD DE POLITICAS Y PROCEDIMIENTOS RELATIVOS AL MANEJO Y DIVULGACION DE INFORMACION PARA EL MERCADO,https://www.cmfchile.cl/normativa/ncg_211_2008.pdf
2008-01-01,210,REEMPLAZA NUMERAL 2.2 DE LA SECCION II DE LA NORMA DE CARACTER GENERAL N° 30 DE 1989,https://www.cmfchile.cl/normativa/ncg_210_2008.pdf
2008-01-01,1861,SOLICITA APORTES CUMPLIMIENTO DECRETO LEY N° 1.757 MODIFICADO POR LA LEY N° 19.798 DEL 25 DE ABRIL DE 2002 CORRESPONDIENTES AL MES DE ENERO DE 2008,https://www.cmfchile.cl/normativa/cir_1861_2008.pdf
2008-01-01,1860,"CARACTERISTICAS, CONDICIONES MINIMAS Y PROCEDIMIENTO DE AUTORIZACION DE LOS PLANES DE AHORRO PARA EL FINANCIAMIENTO DE ESTUDIOS DE EDUCACION SUPERIOR BAJO LA MODALIDAD DE PLANES DE AHORRO QUE OFREZCAN LAS COMPAÑIAS DEL SEGUNDO GRUPO",https://www.cmfchile.cl/normativa/cir_1860_2008.pdf
2008-01-01,1859,MODIFICA CIRCULAR N° 1835 DE FECHA 23.04.2007,https://www.cmfchile.cl/normativa/cir_1859_2008.pdf
2008-01-01,1858,"CARACTERISTICAS, CONDICIONES MINIMAS Y PROCEDIMIENTO DE AUTORIZACION DE LOS PLANES DE AHORRO PARA EL FINANCIAMIENTO DE ESTUDIOS DE EDUCACION SUPERIOR BAJO LA MODALIDAD DE FONDOS MUTUOS",https://www.cmfchile.cl/normativa/cir_1858_2008.pdf
2008-01-01,430,AUTORIZA FE DE ERRATAS EN CERTIFICADOS SOAP 2008,https://www.cmfchile.cl/normativa/ofc_430_2008.pdf
2008-01-01,429,INFORMA TASA DE VALORIZACION DE PASIVOS Y TASA PARA VALORIZACION DEL BONO DE RECONOCIMIENTO (CIRCULAR N° 1512 DE ENERO DE 2001 Y N° 1360 DE ENERO DE 1998),https://www.cmfchile.cl/normativa/ofc_429_2008.pdf
2007-01-01,428,PRECISA ALCANCE DE ARTÍCULOS 22 Y 30 DE LA LEY N° 18.490,https://www.cmfchile.cl/normativa/ofc_428_2007.pdf
2007-01-01,427,COMPLEMENTA MEDIDAS SOBRE PROCESO DE ADOPCION DE  NORMAS INTERNACIONALES DE CONTABILIDAD Y NORMAS INTERNACIONALES DE INFORMACION FINANCIERA Y COMPLEMENTA OFICIO CIRCULAR N° 384 DE 06 DE FEBRERO DE 2007,https://www.cmfchile.cl/normativa/ofc_427_2007.pdf
2007-01-01,426,ADJUNTA OFICIO QUE INDICA,https://www.cmfchile.cl/normativa/ofc_426_2007.pdf
2007-01-01,1857,IMPARTE INSTRUCCIONES SOBRE APLICACION DE TABLAS DE MORTALIDAD B-2006 Y MI-2006 FIJADAS POR NORMA DE CARACTER GENERAL N° 207 DE 31.08.2007,https://www.cmfchile.cl/normativa/cir_1857_2007.pdf
2007-01-01,209,IMPARTE INSTRUCCIONES RELATIVAS AL ANALISIS DE SUFICIENCIA DE ACTIVOS EN ENTIDADES ASEGURADORAS Y REASEGURADORAS DEL SEGUNDO GRUPO QUE MANTENGAN OBLIGACIONES VIGENTES DE SEGUROS DE RENTA VITALICIA DEL D.L. N° 3500 DE 1980.  DEROGA LAS NORMAS DE CARACTER GENERAL N° 188 DE 2005 Y N° 194 DE 2006,https://www.cmfchile.cl/normativa/ncg_209_2007.pdf
2007-01-01,425,COMUNICA TASA INTERES DE ACTUALIZACION,https://www.cmfchile.cl/normativa/ofc_425_2007.pdf
2007-01-01,424,COMUNICA NUEVO VALOR UNIDAD DE SEGURO REAJUSTABLE,https://www.cmfchile.cl/normativa/ofc_424_2007.pdf
2007-01-01,1856,"SOLICITA APORTES CUMPLIMIENTO DECRETO LEY N° 1.757, MODIFICADO POR LA LEY N° 19.798 DEL 25 DE ABRIL DE 2002, CORRESPONDIENTES AL MES DE DICIEMBRE 2007",https://www.cmfchile.cl/normativa/cir_1856_2007.pdf
2007-01-01,423,INFORMA TASA DE VALORIZACION DE PASIVOS Y TASA PARA VALORIZACION DEL BONO DE RECONOCIMIENTO (CIRCULAR N° 1512 DE ENERO DE 2001 Y N° 1360 DE ENERO DE 1998),https://www.cmfchile.cl/normativa/ofc_423_2007.pdf
2007-01-01,422,"AMPLIA EL PLAZO ESTABLECIDO EN CIRCULAR N° 980, REFERIDO AL INFORME DE CONTROL INTERNO PARA ENTIDADES QUE INDICA",https://www.cmfchile.cl/normativa/ofc_422_2007.pdf
2007-01-01,421,COMUNICA TASA INTERES DE ACTUALIZACION,https://www.cmfchile.cl/normativa/ofc_421_2007.pdf
2007-01-01,420,CERTIFICADO SEGURO OBLIGATORIO LEY N° 18.490,https://www.cmfchile.cl/normativa/ofc_420_2007.pdf
2007-01-01,1855,SOLICITA APORTES CUMPLIMIENTO DECRETO LEY N° 1.757 MODIFICADO POR LA LEY N° 19.798 DEL 25 DE ABRIL DE 2002 CORRESPONDIENTES AL MES DE NOVIEMBRE DE 2007,https://www.cmfchile.cl/normativa/cir_1855_2007.pdf
2007-01-01,419,COMUNICA NUEVO VALOR UNIDAD DE SEGURO REAJUSTABLE,https://www.cmfchile.cl/normativa/ofc_419_2007.pdf
2007-01-01,418,INFORMA TASA DE VALORIZACION DE PASIVOS Y TASA PARA VALORIZACION DEL BONO DE RECONOCIMIENTO (CIRCULAR N° 1512 DE ENERO DE 2001 Y N° 1360 DE ENERO DE 1998),https://www.cmfchile.cl/normativa/ofc_418_2007.pdf
2007-01-01,417,IMPARTE INSTRUCCIONES SOBRE LA FORMA DE PRESENTAR MODIFICACIONES A LOS REGLAMENTOS INTERNOS Y CONTRATOS DE SUSCRIPCION DE CUOTAS DE FONDOS MUTUOS,https://www.cmfchile.cl/normativa/ofc_417_2007.pdf
2007-01-01,416,IMPARTE INSTRUCCIONES RELATIVAS A LA CIRCULAR N° 1360 DE 1998 SOBRE VALORIZACION DE INVERSIONES Y N° 1835 DE 2007 SOBRE ENVIO DE INFORMACION DE INVERSIONES,https://www.cmfchile.cl/normativa/ofc_416_2007.pdf
2007-01-01,415,COMUNICA TASA INTERES DE ACTUALIZACION,https://www.cmfchile.cl/normativa/ofc_415_2007.pdf
2007-01-01,1854,SOLICITA APORTES CUMPLIMIENTO DECRETO LEY N° 1.757 MODIFICADO POR LA LEY N° 19.798 DEL 25 DE ABRIL DE 2002 CORRESPONDIENTES AL MES DE OCTUBRE DE 2007,https://www.cmfchile.cl/normativa/cir_1854_2007.pdf
2007-01-01,208,"ESTABLECE NORMAS RELATIVAS AL OTORGAMIENTO DE PRESTAMOS DE DINERO A PERSONAS NATURALES Y JURIDICAS POR PARTE DE LAS ENTIDADES ASEGURADORAS.   DEROGASE LAS NORMAS DE CARACTER GENERAL N° 134, N° 140 Y N° 154, DE FECHAS 4 DE ABRIL, 6 DE MAYO DE 2002 Y 17 DE ENERO DE 2003, RESPECTIVAMENTE.",https://www.cmfchile.cl/normativa/ncg_208_2007.pdf
2007-01-01,414,INFORMA TASA DE VALORIZACION DEL BONO DE RECONOCIMIENTO (CIRCULAR N° 1512 DE ENERO DE 2001 Y N° 1360 DE ENERO DE 1998),https://www.cmfchile.cl/normativa/ofc_414_2007.pdf
2007-01-01,413,COMUNICA NUEVO VALOR UNIDAD DE SEGURO REAJUSTABLE,https://www.cmfchile.cl/normativa/ofc_413_2007.pdf
2007-01-01,412,CAMBIA CODIGO DE DEPOSITO DE POLIZA QUE INDICA,https://www.cmfchile.cl/normativa/ofc_412_2007.pdf
2007-01-01,1853,MODIFICA CIRCULAR N° 1809 DE 10 DE AGOSTO DE 2OO6,https://www.cmfchile.cl/normativa/cir_1853_2007.pdf
2007-01-01,411,COMUNICA TASA INTERES DE ACTUALIZACION,https://www.cmfchile.cl/normativa/ofc_411_2007.pdf
2007-01-01,1852,"SOLICITA APORTES CUMPLIMIENTO DECRETO LEY N° 1.757, MODIFICADO POR LA LEY N° 19.798 DEL 25 DE ABRIL DE 2002, CORRESPONDIENTES AL MES DE SEPTIEMBRE DE 2007",https://www.cmfchile.cl/normativa/cir_1852_2007.pdf
2007-01-01,1851,MODIFICACIRCULAR N° 1.755 DE 04 DE JULIO DE 2005,https://www.cmfchile.cl/normativa/cir_1851_2007.pdf
2007-01-01,1850,IMPARTE INSTRUCCIONES SOBRE PRESENTACION DE INFORMACION DIARIA DE LOS FONDOS MUTUOS.   DEROGA CIRCULAR N° 1.548 DEL 03 DE JULIO DE 2001,https://www.cmfchile.cl/normativa/cir_1850_2007.pdf
2007-01-01,1849,MODIFICA CIRCULAR N° 478 DE 1985 EN LOS TERMINOS QUE INDICA,https://www.cmfchile.cl/normativa/cir_1849_2007.pdf
2007-01-01,410,COMUNICA NUEVO VALOR UNIDAD DE SEGURO REAJUSTABLE,https://www.cmfchile.cl/normativa/ofc_410_2007.pdf
2007-01-01,409,INFORMA TASA DE VALORIZACION DE PASIVOS Y TASA PARA VALORIZACION DEL BONO DE RECONOCIMIENTO (CIRCULAR N° 1512 DE ENERO DE 2001 Y N° 1360 DE ENERO DE 1998),https://www.cmfchile.cl/normativa/ofc_409_2007.pdf
2007-01-01,207,"FIJA TABLA DE MORTALIDAD MI-2006, HOMBRES Y MUJERES, PARA PENSIONADOS POR INVALIDEZ Y BENEFICIARIOS INVALIDOS DE PENSION DE SOBREVIVENCIA Y TABLA B-2006, HOMBRES Y MUJERES, PARA BENEFICIARIOS NO INVALIDOS DE PENSION DE SOBREVIVENCIA",https://www.cmfchile.cl/normativa/ncg_207_2007.pdf
2007-01-01,408,ADJUNTA OFICIO DE LA SUPERINTENDENCIA DE BANCOS E INSTITUCIONES FINANCIERAS REFERIDO A LA EVALUACION DE SOLVENCIA EN BANCOS CON SOCIEDADES FILIALES,https://www.cmfchile.cl/normativa/ofc_408_2007.pdf
2007-01-01,1848,INSTRUYE RESPECTO AL USO DE CORRESPONDENCIA ELECTRONICA ENTRE LA SUPERINTENDENCIA Y ENTIDADES SUPERVISADAS,https://www.cmfchile.cl/normativa/cir_1848_2007.pdf
2007-01-01,407,COMUNICA TASA INTERES DE ACTUALIZACION,https://www.cmfchile.cl/normativa/ofc_407_2007.pdf
2007-01-01,406,INFORMA TASA DE VALORIZACION DE PASIVOS Y TASA PARA VALORIZACION DEL BONO DE RECONOCIMIENTO (CIRCULAR N° 1512 DE ENERO DE 2001 Y N° 1360 DE ENERO DE 1998),https://www.cmfchile.cl/normativa/ofc_406_2007.pdf
2007-01-01,1847,SOLICITA APORTES CUMPLIMIENTO DECRETO LEY N° 1.757 MODIFICADO POR LA LEY N° 19.798 DEL 25 DE ABRIL DE 2002 CORRESPONDIENTES AL MES DE AGOSTO DE 2007,https://www.cmfchile.cl/normativa/cir_1847_2007.pdf
2007-01-01,405,COMUNICA NUEVO VALOR UNIDAD DE SEGURO REAJUSTABLE,https://www.cmfchile.cl/normativa/ofc_405_2007.pdf
2007-01-01,404,COMISIONES MAXIMAS A SER PAGADAS POR LOS FONDOS DE PENSIONES A LOS FONDOS MUTUOS Y DE INVERSION,https://www.cmfchile.cl/normativa/ofc_404_2007.pdf
2007-01-01,1846,"INSTRUCCIONES APLICABLES A LA VENTA DEL SEGURO OBLIGATORIO DE ACCIDENTES PERSONALES, CONFORME CONVENIO DE TRANSPORTE DE PASAJEROS POR CARRETERA ENTRE TACNA Y ARICA CON LA REPUBLICA DEL PERU",https://www.cmfchile.cl/normativa/cir_1846_2007.pdf
2007-01-01,403,COMUNICA TASA INTERES DE ACTUALIZACION,https://www.cmfchile.cl/normativa/ofc_403_2007.pdf
2007-01-01,206,"ESTABLECE NORMAS PARA LA INSCRIPCION DE FACTURAS, EN EL REGISTRO DE PRODUCTOS.   DEROGA NORMA DE CARACTER GENERAL N° 189 DE 02.12.2006",https://www.cmfchile.cl/normativa/ncg_206_2007.pdf
2007-01-01,402,INFORMA TASA DE VALORIZACION DE PASIVOS Y TASA PARA VALORIZACION DEL BONO DE RECONOCIMIENTO (CIRCULAR N° 1512 DE ENERO DE 2001 Y N° 1360 DE ENERO DE 1998),https://www.cmfchile.cl/normativa/ofc_402_2007.pdf
2007-01-01,1845,SOLICITA APORTES CUMPLIMIENTO DECRETO LEY N° 1.757 MODIFICADO POR LA LEY N° 19.798 DEL 25 DE ABRIL DE 2002 CORRESPONDIENTES AL MES DE JULIO DE 2007,https://www.cmfchile.cl/normativa/cir_1845_2007.pdf
2007-01-01,401,COMUNICA NUEVO VALOR UNIDAD DE SEGURO REAJUSTABLE,https://www.cmfchile.cl/normativa/ofc_401_2007.pdf
2007-01-01,1844,REQUERIMIENTO DE INFORMACION SOBRE INGRESOS OBTENIDOS POR PARTE DE LAS CLASIFICADORAS DE RIESGO,https://www.cmfchile.cl/normativa/cir_1844_2007.pdf
2007-01-01,1843,MODIFICA CIRCULAR N° 851 DE 13.02.1989 SOBRE FORMA Y CONTENIDO DE LOS ESTADOS FINANCIEROS DE LAS CLASIFICADORAS DE RIESGO,https://www.cmfchile.cl/normativa/cir_1843_2007.pdf
2007-01-01,400,COMUNICA TASA INTERES DE ACTUALIZACION,https://www.cmfchile.cl/normativa/ofc_400_2007.pdf
2007-01-01,1842,"SOLICITA APORTES CUMPLIMIENTO DECRETO LEY N° 1.757, MODIFICADO POR LA LEY N° 19.798 DEL 25 DE ABRIL DE 2002, CORRESPONDIENTES AL MES DE JUNIO DE 2007",https://www.cmfchile.cl/normativa/cir_1842_2007.pdf
2007-01-01,399,COMUNICA NUEVO VALOR UNIDAD DE SEGURO REAJUSTABLE,https://www.cmfchile.cl/normativa/ofc_399_2007.pdf
2007-01-01,398,INFORMA TASA DE VALORIZACION DE PASIVOS Y TASA PARA VALORIZACION DEL BONO DE RECONOCIMIENTO (CIRCULAR N° 1512 DE ENERO DE 2001 Y N° 1360 DE ENERO DE 1998),https://www.cmfchile.cl/normativa/ofc_398_2007.pdf
2007-01-01,1841,"ESTABLECE INSTRUCCIONES PARA LA APLICACION DE LA EXENCION DEL IVA DE LA COMISION DE ADMINISTRACION DE PLANES DE AHORRO PREVISIONAL VOLUNTARIO.
DEROGA LA CIRCULAR 1.840 DE 5 DE JUNIO DE 2007",https://www.cmfchile.cl/normativa/cir_1841_2007.pdf
2007-01-01,1840,ESTABLECE INSTRUCCIONES PARA LA APLICACION DE LA EXENCION DEL IVA DE LA COMISION DE ADMINISTRACION DE PLANES DE AHORRO PREVISIONAL VOLUNTARIO,https://www.cmfchile.cl/normativa/cir_1840_2007.pdf
2007-01-01,1839,MODIFICA CIRCULAR N° 1785 DE 27 DE DICIEMBRE DE 2005,https://www.cmfchile.cl/normativa/cir_1839_2007.pdf
2007-01-01,1838,MODIFICA CIRCULAR N° 1.602 DE 15 DE MAYO DE 2002,https://www.cmfchile.cl/normativa/cir_1838_2007.pdf
2007-01-01,397,COMUNICA TASA INTERES DE ACTUALIZACION,https://www.cmfchile.cl/normativa/ofc_397_2007.pdf
2007-01-01,396,SOLICITA ACTUALIZACION DE ANEXO A DE LA N.C.G. N° 117,https://www.cmfchile.cl/normativa/ofc_396_2007.pdf
2007-01-01,395,INFORMA TASA DE VALORIZACION DE PASIVOS Y TASA PARA VALORIZACION DEL BONO DE RECONOCIMIENTO (CIRCULAR N° 1512 DE ENERO DE 2001 Y N° 1360 DE ENERO DE 1998),https://www.cmfchile.cl/normativa/ofc_395_2007.pdf
2007-01-01,1837,SOLICITA APORTES CUMPLIMIENTO DECRETO LEY N° 1.757 MODIFICADO POR LA LEY N° 19.798 DEL 25 DE ABRIL DE 2002 CORRESPONDIENTES AL MES DE MAYO DE 2007,https://www.cmfchile.cl/normativa/cir_1837_2007.pdf
2007-01-01,394,COMUNICA NUEVO VALOR UNIDAD DE SEGURO REAJUSTABLE,https://www.cmfchile.cl/normativa/ofc_394_2007.pdf
2007-01-01,1836,MODIFICA CIRCULAR N° 1.770 DE 30 DE AGOSTO DE 2005,https://www.cmfchile.cl/normativa/cir_1836_2007.pdf
2007-01-01,1835,IMPARTE INSTRUCCIONES RELATIVAS A LA FORMA Y CONTENIDO DE INFORMACION SOBRE INVERSIONES Y DEL SISTEMA DE EVALUACION DEL RIESGO DE MERCADO DE LA CARTERA DE INVERSIONES,https://www.cmfchile.cl/normativa/cir_1835_2007.pdf
2007-01-01,393,COMUNICA TASA INTERES DE ACTUALIZACION,https://www.cmfchile.cl/normativa/ofc_393_2007.pdf
2007-01-01,1834,MODIFICA CIRCULAR N° 1.823 DE 2006,https://www.cmfchile.cl/normativa/cir_1834_2007.pdf
2007-01-01,1833,SOLICITA APORTES CUMPLIMIENTO DECRETO LEY N° 1.757 MODIFICADO POR LA LEY N° 19.798 DEL 25 DE ABRIL DE 2002 CORRESPONDIENTES AL MES DE ABRIL DE 2007,https://www.cmfchile.cl/normativa/cir_1833_2007.pdf
2007-01-01,392,COMUNICA NUEVO VALOR UNIDAD DE SEGURO REAJUSTABLE,https://www.cmfchile.cl/normativa/ofc_392_2007.pdf
2007-01-01,391,INFORMA TASA DE VALORIZACION DE PASIVOS Y TASA PARA VALORIZACION DEL BONO DE RECONOCIMIENTO (CIRCULAR N° 1512 DE ENERO DE 2001 Y N° 1360 DE ENERO DE 1998),https://www.cmfchile.cl/normativa/ofc_391_2007.pdf
2007-01-01,390,COMUNICA TASA INTERES DE ACTUALIZACION,https://www.cmfchile.cl/normativa/ofc_390_2007.pdf
2007-01-01,1832,SOLICITA APORTES CUMPLIMIENTO DECRETO LEY N° 1.757 MODIFICADO POR LA LEY N° 19.798 DEL 25 DE ABRIL DE 2002 CORRESPONDIENTES AL MES DE MARZO DE 2007,https://www.cmfchile.cl/normativa/cir_1832_2007.pdf
2007-01-01,1831,MODIFICA CIRCULAR N° 1.755 DEL 04 DE JULIO DE 2005,https://www.cmfchile.cl/normativa/cir_1831_2007.pdf
2007-01-01,389,COMUNICA NUEVO VALOR UNIDAD DE SEGURO REAJUSTABLE,https://www.cmfchile.cl/normativa/ofc_389_2007.pdf
2007-01-01,388,INFORMA TASA DE VALORIZACION DE PASIVOS Y TASA PARA VALORIZACION DEL BONO DE RECONOCIMIENTO (CIRCULAR N° 1512 DE ENERO DE 2001 Y N° 1360 DE ENERO DE 1998),https://www.cmfchile.cl/normativa/ofc_388_2007.pdf
2007-01-01,387,COMUNICA TASA INTERES DE ACTUALIZACION,https://www.cmfchile.cl/normativa/ofc_387_2007.pdf
2007-01-01,386,INFORMA TASA DE VALORIZACION DE PASIVOS Y TASA PARA VALORIZACION DEL BONO DE RECONOCIMIENTO (CIRCULAR N° 1512 DE ENERO DE 2001 Y N° 1360 DE ENERO DE 1998),https://www.cmfchile.cl/normativa/ofc_386_2007.pdf
2007-01-01,1830,"SOLICITA APORTES CUMPLIMIENTO DECRETO LEY N° 1.757 MODIFICADO POR LA LEY N° 19.798 DEL 25 DE ABRIL DE 2002, CORRESPONDIENTES AL MES DE FEBRERO DE 2007",https://www.cmfchile.cl/normativa/cir_1830_2007.pdf
2007-01-01,385,COMUNICA NUEVO VALOR UNIDAD DE SEGURO REAJUSTABLE,https://www.cmfchile.cl/normativa/ofc_385_2007.pdf
2007-01-01,205,MODIFICA NORMA DE CARACTER GENERAL N° 189 DE 2 DE DICIEMBRE DE 2005,https://www.cmfchile.cl/normativa/ncg_205_2007.pdf
2007-01-01,384,INFORMA SOBRE PROCESO DE ADOPCION DE NORMAS INTERNACIONALES DE CONTABILIDAD Y NORMAS INTERNACIONALES DE INFORMACION FINANCIERA Y COMPLEMENTA OFICIO CIRCULAR N° 368 DE 16 DE OCTUBRE DE 2006,https://www.cmfchile.cl/normativa/ofc_384_2007.pdf
2007-01-01,1829,"IMPARTE NORMAS SOBRE PRESENTACION EN FECU DE SEGUROS GENERALES, DEL APORTE ENTREGADO A LOS CUERPOS DE BOMBEROS POR ESTAS ENTIDADES.
MODIFICA CIRCULAR N° 1122 DEL 24 DE MAYO DE 1993.",https://www.cmfchile.cl/normativa/cir_1829_2007.pdf
2007-01-01,383,IMPARTE INSTRUCCIONES PARA ENVIO DE INFORMACION DE PRODUCTOS COMERCIALIZADOS,https://www.cmfchile.cl/normativa/ofc_383_2007.pdf
2007-01-01,382,SOLICITA ENVIO DE INFORMACION DE ESTRUCTURA DE LA COMPAÑIA,https://www.cmfchile.cl/normativa/ofc_382_2007.pdf
2007-01-01,381,COMUNICA TASA INTERES DE ACTUALIZACION,https://www.cmfchile.cl/normativa/ofc_381_2007.pdf
2007-01-01,1828,"GARANTIA ESTATAL POR PENSION MINIMA PARA PENSIONADOS ACOGIDOS A LA MODALIDAD DE RENTA VITALICIA.   NORMAS PARA SU REQUERIMIENTO.  DEROGA CIRCULAR N°1008 DE LA SUPERINTENDENCIA DE VALORES Y SEGUROS, CIRCULAR N° 679 DE LA SUPERINTENDENCIA DE ADMINISTRADORAS DE FONDOS DE PENSIONES Y CIRCULAR S/N° DE LA TESORERIA GENERAL DE LA REPUBLICA",https://www.cmfchile.cl/normativa/cir_1828_2007.pdf
2007-01-01,380,"INFORMA RESPECTO A PRONUNCIAMIENTO DE LA SUPERINTENDENCIA DE AFP, EN RELACION A CALIDAD DE BENEFICIARIAS DE PENSION DE SOBREVIVENCIA DE LA EX CONYUGE ANULADA O DIVORCIADA, CONFORME A LAS DISPOSICIONES DE LA LEY N° 19.947, LEY DE MATRIMONIO CIVIL",https://www.cmfchile.cl/normativa/ofc_380_2007.pdf
2007-01-01,1827,SOLICITA APORTES CUMPLIMIENTO DECRETO LEY N° 1.757 MODIFICADO POR LA LEY N° 19.798 DEL 25 DE ABRIL DE 2002 CORRESPONDIENTES AL MES DE ENERO 2007,https://www.cmfchile.cl/normativa/cir_1827_2007.pdf
2007-01-01,379,INFORMA TASA DE VALORIZACION DE PASIVOS Y TASA PARA VALORIZACION DEL BONO DE RECONOCIMIENTO (CIRCULAR N° 1512 DE ENERO DE 2001 Y N° 1360 DE ENERO DE 1998),https://www.cmfchile.cl/normativa/ofc_379_2007.pdf
2007-01-01,1826,ESTABLECE NORMAS PARA DETERMINAR LA RENTABILIDAD DEL FONDO PARA LA BONIFICACION POR RETIRO,https://www.cmfchile.cl/normativa/cir_1826_2007.pdf
2007-01-01,378,COMUNICA NUEVO VALOR UNIDAD DE SEGURO REAJUSTABLE,https://www.cmfchile.cl/normativa/ofc_378_2007.pdf
2007-01-01,377,COMUNICA TASA INTERES DE ACTUALIZACION,https://www.cmfchile.cl/normativa/ofc_377_2007.pdf
2006-01-01,1825,SOLICITA INFORME QUE INDICA,https://www.cmfchile.cl/normativa/cir_1825_2006.pdf
2006-01-01,1824,ESTABLECE REQUISITOS DE INFORMACION RELATIVA A LAS INVERSIONES DEL FONDO PARA LA BONIFICACION POR RETIRO,https://www.cmfchile.cl/normativa/cir_1824_2006.pdf
2006-01-01,1823,ESTABLECE FORMA Y CONTENIDO DEL INFORME A PRESENTAR POR EL FONDO PARA LA BONIFICACION POR RETIRO,https://www.cmfchile.cl/normativa/cir_1823_2006.pdf
2006-01-01,204,NORMA LA INVERSION DE LOS FONDOS MUTUOS EN INSTRUMENTOS DERIVADOS.  DEROGA NORMA DE CARACTER GENERAL N° 71 Y SUS MODIFICACIONES,https://www.cmfchile.cl/normativa/ncg_204_2006.pdf
2006-01-01,376,COMUNICA NUEVO VALOR UNIDAD DE SEGURO REAJUSTABLE,https://www.cmfchile.cl/normativa/ofc_376_2006.pdf
2006-01-01,375,INFORMA TASA DE VALORIZACION DE PASIVOS Y TASA PARA VALORIZACION DEL BONO DE RECONOCIMIENTO (CIRCULAR N° 1512 DE ENERO 2001 Y N° 1360 DE ENERO DE 1998),https://www.cmfchile.cl/normativa/ofc_375_2006.pdf
2006-01-01,1822,MODIFICA NORMA DE CARACTER GENERAL N° 71 DE 17 DE DICIEMBRE DE 1996,https://www.cmfchile.cl/normativa/cir_1822_2006.pdf
2006-01-01,1821,MODIFICA CIRCULAR N° 1.217 DE 29 DE MAYO DE 1995,https://www.cmfchile.cl/normativa/cir_1821_2006.pdf
2006-01-01,1820,"SOLICITA APORTES CUMPLIMIENTO DECRETO LEY N° 1.757, MODIFICADO POR LA LEY N° 19.798 DEL 25 DE ABRIL DE 2002, CORRESPONDIENTES AL MES DE DICIEMBRE DE 2006",https://www.cmfchile.cl/normativa/cir_1820_2006.pdf
2006-01-01,374,TRANSFERENCIA ELECTRONICA DE APORTES DEL D.L. N° 1.757,https://www.cmfchile.cl/normativa/ofc_374_2006.pdf
2006-01-01,373,CERTIFICADO SEGURO OBLIGATORIO LEY N° 18.490,https://www.cmfchile.cl/normativa/ofc_373_2006.pdf
2006-01-01,372,COMUNICA TASA INTERES DE ACTUALIZACION,https://www.cmfchile.cl/normativa/ofc_372_2006.pdf
2006-01-01,371,COMUNICA NUEVO VALOR UNIDAD DE SEGURO REAJUSTABLE,https://www.cmfchile.cl/normativa/ofc_371_2006.pdf
2006-01-01,1819,REGULA TRATAMIENTO DE GASTOS DE ORGANIZACION Y PUESTA EN MARCHA.  DEROGA CIRCULAR 981,https://www.cmfchile.cl/normativa/cir_1819_2006.pdf
2006-01-01,1818,"AUTORIZA VALORES PARA SER CONSIDERADOS ELEGIBLES PARA EFECTOS DE LO DISPUESTO EN ARTICULO 13° N° 2 DEL D.L. 1.328, DE 1976",https://www.cmfchile.cl/normativa/cir_1818_2006.pdf
2006-01-01,370,INFORMA TASA DE VALORIZACION DE PASIVOS Y TASA PARA VALORIZACION DEL BONO DE RECONOCIMIENTO (CIRCULAR N° 1512 DE ENERO DE 2001 Y N° 1360 DE ENERO DE 1998),https://www.cmfchile.cl/normativa/ofc_370_2006.pdf
2006-01-01,1817,"SOLICITA APORTES CUMPLIMIENTO DECRETO LEY N° 1.757 MODIFICADO POR LA LEY N° 19.798 DEL 25 DE ABRIL DE 2002, CORRESPONDIENTES AL MES DE NOVIEMBRE 2006",https://www.cmfchile.cl/normativa/cir_1817_2006.pdf
2006-01-01,1816,"IMPARTE INSTRUCCIONES SOBRE PLAZO PARA EMISION DE TITULOS DE ACCIONES, REGISTRO DE TRASPASOS Y MEDIDAS DE SEGURIDAD, SALDOS ACCIONARIOS Y HORARIO DE FUNCIONAMIENTO DE LOS DEPARTAMENTOS DE ACCIONES.  DEROGA CIRCULAR N° 1494, OFICIOS CIRCULARES N° 5845, 1863 Y 1463",https://www.cmfchile.cl/normativa/cir_1816_2006.pdf
2006-01-01,369,COMUNICA TASA INTERES DE ACTUALIZACION,https://www.cmfchile.cl/normativa/ofc_369_2006.pdf
2006-01-01,203,ESTABLECE NORMAS SOBRE TRANSACCIONES DE PRODUCTOS; COMPRA-VENTA POR CUENTA PROPIA Y REGISTROS E INFORMACION QUE DEBEN MANTENER LOS CORREDORES DE BOLSA DE PRODUCTOS AGROPECUARIOS,https://www.cmfchile.cl/normativa/ncg_203_2006.pdf
2006-01-01,1815,"ESTABLECE NORMAS PARA EL ENVIO DE INFORMACION SOBRE POLIZAS DE RENTA VITALICIA PREVISIONAL DEL D.L. N° 3.500 DE 1980.  DEROGA CIRCULAR N° 1508, DE 29 DE NOVIEMBRE DE 2000",https://www.cmfchile.cl/normativa/cir_1815_2006.pdf
2006-01-01,202,"MODIFICA NORMA DE CARACTER GENERAL N° 152 DE 2002, SOBRE ACTIVOS REPRESENTATIVOS DE RESERVAS TECNICAS Y PATRIMONIO DE RIESGO",https://www.cmfchile.cl/normativa/ncg_202_2006.pdf
2006-01-01,368,INFORMA E IMPARTE MEDIDAS SOBRE PROCESO DE CONVERGENCIA DE PRINCIPIOS CONTABLES GENERALMENTE ACEPTADOS EN CHILE A NORMAS INTERNACIONALES DE CONTABILIDAD Y NORMAS INTERNACIONALES DE INFORMACION FINANCIERA,https://www.cmfchile.cl/normativa/ofc_368_2006.pdf
2006-01-01,1814,"SOLICITA APORTES CUMPLIMIENTO DECRETO LEY N° 1.757, MODIFICADO POR LA LEY N° 19.798 DEL 25 DE ABRIL DE 2002, CORRESPONDIENTE AL MES DE OCTUBRE 2006",https://www.cmfchile.cl/normativa/cir_1814_2006.pdf
2006-01-01,367,COMUNICA NUEVO VALOR UNIDAD DE SEGURO REAJUSTABLE,https://www.cmfchile.cl/normativa/ofc_367_2006.pdf
2006-01-01,366,INFORMA TASA DE VALORIZACION DE PASIVOS Y TASA PARA VALORIZACION DEL BONO DE RECONOCIMIENTO (CIRCULAR N° 1512 DE ENERO DE 2001 Y N° 1360 DE ENERO DE 1998),https://www.cmfchile.cl/normativa/ofc_366_2006.pdf
2006-01-01,365,COMUNICA TASA INTERES DE ACTUALIZACION,https://www.cmfchile.cl/normativa/ofc_365_2006.pdf
2006-01-01,1813,IMPARTE INSTRUCCIONES SOBRE NOTAS ESPECIFICAS ADICIONALES PARA ESTADOS FINANCIEROS DE ORGANIZACIONES DEPORTIVAS PROFESIONALES,https://www.cmfchile.cl/normativa/cir_1813_2006.pdf
2006-01-01,201,ESTABLECE OBLIGACIONES DE INFORMACION CONTINUA A LAS ORGANIZACIONES DEPORTIVAS PROFESIONALES,https://www.cmfchile.cl/normativa/ncg_201_2006.pdf
2006-01-01,364,ESTATUTOS TIPO DE UNA SOCIEDAD ANONIMA DEPORTIVA PROFESIONAL Y REGLAMENTO INTERNO TIPO DE UN FONDO DE DEPORTE PROFESIONAL,https://www.cmfchile.cl/normativa/ofc_364_2006.pdf
2006-01-01,1812,DICTA INSTRUCCIONES RESPECTO A LA DETERMINACION DEL PATRIMONIO MINIMO QUE DEBE MANTENER LA SOCIEDAD ADMINISTRADORA DEL FONDO PARA LA BONIFICACION POR RETIRO DE LA LEY N° 19.882,https://www.cmfchile.cl/normativa/cir_1812_2006.pdf
2006-01-01,363,INFORMA TASA DE VALORIZACION DE PASIVOS Y TASA PARA VALORIZACION DEL BONO DE RECONOCIMIENTO (CIRCULAR N° 1512 DE ENERO DE 2001 Y N° 1360 DE ENERO DE 1998),https://www.cmfchile.cl/normativa/ofc_363_2006.pdf
2006-01-01,362,COMUNICA NUEVO VALOR UNIDAD DE SEGURO REAJUSTABLE,https://www.cmfchile.cl/normativa/ofc_362_2006.pdf
2006-01-01,361,"N.C.G. N° 162 SOBRE SISTEMA DE CONSULTAS Y OFERTAS DE MONTOS DE PENSION DEL ART. 61 BIS DEL D.L. N° 3.500, DE 1980",https://www.cmfchile.cl/normativa/ofc_361_2006.pdf
2006-01-01,1811,SOLICITA APORTES CUMPLIMIENTO DECRETO LEY N° 1.757 MODIFICADO POR LA LEY N° 19.798 DEL 25 DE ABRIL DE 2002 CORRESPONDIENTES AL MES DE SEPTIEMBRE DE 2006,https://www.cmfchile.cl/normativa/cir_1811_2006.pdf
2006-01-01,360,"N.C.G. N° 162 SOBRE SISTEMA DE CONSULTAS Y OFERTAS DE MONTOS DE PENSION DEL ART. 61 BIS DEL D.L. N° 3.500, DE 1980",https://www.cmfchile.cl/normativa/ofc_360_2006.pdf
2006-01-01,1810,ESTABLECE NORMAS DE VALORIZACION DE INSTRUMENTOS QUE INTEGRAN LA CARTERA DE INVERSIONES DEL FONDO PARA LA BONIFICACION POR RETIRO,https://www.cmfchile.cl/normativa/cir_1810_2006.pdf
2006-01-01,359,INFORMACION QUE LAS ADMINISTRADORAS DE FONDOS DE PENSIONES DEBERAN REMITIR A LAS COMPAÑIAS DE SEGUROS QUE CUBREN LOS SINIESTROS DE INVALIDEZ Y SOBREVIVENCIA,https://www.cmfchile.cl/normativa/ofc_359_2006.pdf
2006-01-01,358,COMUNICA TASA INTERES DE ACTUALIZACION,https://www.cmfchile.cl/normativa/ofc_358_2006.pdf
2006-01-01,1809,IMPARTE INSTRUCCIONES SOBRE PREVENCION DE LAVADO DE ACTIVOS Y DE FINANCIAMIENTO DEL TERRORISMO,https://www.cmfchile.cl/normativa/cir_1809_2006.pdf
2006-01-01,357,COMUNICA NUEVO VALOR UNIDAD DE SEGURO REAJUSTABLE,https://www.cmfchile.cl/normativa/ofc_357_2006.pdf
2006-01-01,1808,"SOLICITA APORTES CUMPLIMIENTO DECRETO LEY N° 1.757, MODIFICADO POR LA LEY N° 19.798 DEL 25 DE ABRIL DE 2002, CORRESPONDIENTES AL MES DE AGOSTO 2006",https://www.cmfchile.cl/normativa/cir_1808_2006.pdf
2006-01-01,200,"ESTABLECE NORMAS SOBRE OPERACIONES DE COBERTURA DE RIESGOS FINANCIEROS, INVERSION EN PRODUCTOS DERIVADOS FINANCIEROS Y OPERACIONES DE PRESTAMO DE ACCIONES.  DEROGA NORMA DE CARACTER GENERAL N° 64, DE 6 DE NOVIEMBRE DE 1995 Y OFICIO CIRCULAR N° 3449, DE 6 DE JULIO DE 1998",https://www.cmfchile.cl/normativa/ncg_200_2006.pdf
2006-01-01,356,INFORMA TASA DE VALORIZACION DE PASIVOS Y TASA PARA VALORIZACION DEL BONO DE RECONOCIMIENTO (CIRCULAR N° 1512 DE ENERO DE 2001 Y N° 1360 DE ENERO DE 1998),https://www.cmfchile.cl/normativa/ofc_356_2006.pdf
2006-01-01,355,COMISIONES MAXIMAS A SER PAGADAS POR LOS FONDOS DE PENSIONES A LOS FONDOS MUTUOS Y DE INVERSION,https://www.cmfchile.cl/normativa/ofc_355_2006.pdf
2006-01-01,354,"N.C.G. N° 192 SOBRE SISTEMA DE CONSULTAS Y OFERTAS DE MONTOS DE PENSION DEL ART. 61 BIS DEL D.L. N° 3.500, DE 1980",https://www.cmfchile.cl/normativa/ofc_354_2006.pdf
2006-01-01,353,COMUNICA TASA INTERES DE ACTUALIZACION,https://www.cmfchile.cl/normativa/ofc_353_2006.pdf
2006-01-01,352,INFORMA TASA DE VALORIZACION DE PASIVOS Y TASA PARA VALORIZACION DEL BONO DE RECONOCIMIENTO (CIRCULAR N° 1512 DE ENERO DE 2001 Y N° 1360 DE ENERO DE 1998),https://www.cmfchile.cl/normativa/ofc_352_2006.pdf
2006-01-01,351,REGISTRO DE DEUDORES POR PRIMAS Y RESERVA DE RIESGO EN CURSO,https://www.cmfchile.cl/normativa/ofc_351_2006.pdf
2006-01-01,350,COMUNICA NUEVO VALOR UNIDAD DE SEGURO REAJUSTABLE,https://www.cmfchile.cl/normativa/ofc_350_2006.pdf
2006-01-01,1807,SOLICITA APORTES CUMPLIMIENTO DECRETO LEY N° 1.757 MODIFICADO POR LA LEY N° 19.798 DEL 25 DE ABRIL DE 2002 CORRESPONDIENTES AL MES DE JULIO DE 2006,https://www.cmfchile.cl/normativa/cir_1807_2006.pdf
2006-01-01,199,MODIFICA NORMA DE CARACTER GENERAL N° 163 DE 21 DE JUNIO DE 2004,https://www.cmfchile.cl/normativa/ncg_199_2006.pdf
2006-01-01,1806,IMPARTE INSTRUCCIONES SOBRE PROVISIONES PARA MUTUOS HIPOTECARIOS ENDOSABLES,https://www.cmfchile.cl/normativa/cir_1806_2006.pdf
2006-01-01,198,"MODIFICA NORMA DE CARACTER GENERAL N° 136, DE 2002",https://www.cmfchile.cl/normativa/ncg_198_2006.pdf
2006-01-01,349,"REGULA PRESENTACION DE DECLARACION DE INTERESES Y PATRIMONIO POR PARTE DE DIRECTORES Y GERENTES OBLIGADOS DE ACUERDO A LA LEY 18.575.
DEROGA OFICIO - CIRCULAR N° 4566 DE 20 DE JULIO DE 2000",https://www.cmfchile.cl/normativa/ofc_349_2006.pdf
2006-01-01,348,IMPARTE INSTRUCCIONES SOBRE CONTENIDO DE CUADRO DATOS VARIOS DE FECU,https://www.cmfchile.cl/normativa/ofc_348_2006.pdf
2006-01-01,347,COMUNICA TASA INTERES DE ACTUALIZACION,https://www.cmfchile.cl/normativa/ofc_347_2006.pdf
2006-01-01,346,INFORMA TASA DE VALORIZACION DE PASIVOS Y TASA PARA VALORIZACION DEL BONO DE RECONOCIMIENTO (CIRCULAR N° 1512 DE ENERO DE 2001 Y N° 1360 DE ENERO DE 1998),https://www.cmfchile.cl/normativa/ofc_346_2006.pdf
2006-01-01,1805,"SOLICITA APORTES CUMPLIMIENTOS DECRETO LEY N° 1.757 MODIFICADO POR LA LEY N° 19.798 DEL 25 DE ABRIL DE 2002, CORRESPONDIENTE AL MES DE JUNIO 2006",https://www.cmfchile.cl/normativa/cir_1805_2006.pdf
2006-01-01,345,COMUNICA NUEVO VALOR UNIDAD DE SEGURO REAJUSTABLE,https://www.cmfchile.cl/normativa/ofc_345_2006.pdf
2006-01-01,197,"ESTABLECE NORMAS PARA CORREDORES DE SEGUROS EXTRANJEROS O COMPAÑIAS DE SEGUROS EXTRANJERAS QUE INTERMEDIEN Y COMERCIALICEN EN CHILE SEGUROS DE TRANSPORTE MARITIMO INTERNACIONAL, AVIACION COMERCIAL INTERNACIONAL Y MERCANCIAS EN TRANSITO INTERNACIONAL",https://www.cmfchile.cl/normativa/ncg_197_2006.pdf
2006-01-01,1804,IMPARTE INSTRUCCIONES SOBRE PARTICIPACION EN FONDOS MUTUOS DE LAS PERSONAS QUE SE INDICA Y DEROGA CIRCULAR N° 1.172 DE 1994,https://www.cmfchile.cl/normativa/cir_1804_2006.pdf
2006-01-01,344,COMUNICA TASA INTERES DE ACTUALIZACION,https://www.cmfchile.cl/normativa/ofc_344_2006.pdf
2006-01-01,1803,SOLICITA APORTES CUMPLIMIENTO DECRETO LEY N° 1.757 MODIFICADO POR LA LEY N° 19.798 DEL 25 DE ABRIL DE 2002 CORRESPONDIENTES AL MES DE MAYO DE 2006,https://www.cmfchile.cl/normativa/cir_1803_2006.pdf
2006-01-01,196,"IMPARTE INSTRUCIONES SOBRE SISTEMA DE CONSULTAS Y OFERTAS DE MONTOS DE PENSION ESTABLECIDO POR EL ARTICULO 61 BIS DEL D.L. N° 3.500, DE 1980.
MODIFICA CIRCULAR N° 1.358 DE LA SUPERINTENDENCIA DE ADMINISTRADORAS DE FONDOS DE PENSIONES, Y N.C.G. N° 192, DE LA SUPERINTENDENCIA DE VALORES Y SEGUROS",https://www.cmfchile.cl/normativa/ncg_196_2006.pdf
2006-01-01,343,"COMUNICA LISTA DE PERSONAS Y ENTIDADES QUE INDICA EN CUMPLIMIENTO DE LAS RESOLUCIONES N° 1267, 1390 Y 1256 DEL COMITE DEL CONSEJO DE SEGURIDAD DE LA ONU",https://www.cmfchile.cl/normativa/ofc_343_2006.pdf
2006-01-01,342,INFORMA TASA DE VALORIZACION DE PASIVOS Y TASA PARA VALORIZACION DEL BONO DE RECONOCIMIENTO (CIRCULAR N° 1512 DE ENERO DE 2001 Y N° 1360 DE ENERO DE 1998),https://www.cmfchile.cl/normativa/ofc_342_2006.pdf
2006-01-01,341,COMUNICA NUEVO UNIDAD DE SEGURO REAJUSTABLE,https://www.cmfchile.cl/normativa/ofc_341_2006.pdf
2006-01-01,1802,"1.- MODIFICA CIRCULAR N° 1.579 DE 17.01.2002
2.- DEROGA OFICIO CIRCULAR N° 055 DE 02.08.2001",https://www.cmfchile.cl/normativa/cir_1802_2006.pdf
2006-01-01,340,COMUNICA TASA INTERES DE ACTUALIZACION,https://www.cmfchile.cl/normativa/ofc_340_2006.pdf
2006-01-01,339,INFORMA TASA DE VALORIZACION DE PASIVOS Y TASA PARA VALORIZACION DEL BONO DE RECONOCIMIENTO (CIRCULAR N° 1512 DE ENERO DE 2001 Y N° 1360 DE ENERO DE 1998),https://www.cmfchile.cl/normativa/ofc_339_2006.pdf
2006-01-01,338,COMUNICA NUEVO VALOR UNIDAD DE SEGURO REAJUSTABLE,https://www.cmfchile.cl/normativa/ofc_338_2006.pdf
2006-01-01,1801,SOLICITA APORTES CUMPLIMIENTO DECRETO LEY N° 1.757 MODIFICADO POR LA LEY N° 19.798 DEL 25 DE ABRIL DE 2002 CORRESPONDIENTES AL MES DE ABRIL DE 2006,https://www.cmfchile.cl/normativa/cir_1801_2006.pdf
2006-01-01,1800,MODIFICA SECCION  I Y ANEXO B DE LA CIRCULAR N° 1.696 DE 29.12.2003 SOBRE INFORMES FINANCIEROS PARA LA INVERSION DE LOS FONDOS DE PENSIONES EN VALORES DE OFERTA PUBLICA DE SOCIEDADES ANONIMAS,https://www.cmfchile.cl/normativa/cir_1800_2006.pdf
2006-01-01,195,MODIFICA NORMA DE CARACTER GENERAL N° 152 DE 26 DE DICIEMBRE DE 2002,https://www.cmfchile.cl/normativa/ncg_195_2006.pdf
2006-01-01,337,ADJUNTA OFICIO N° 02619 DE 10.03.2006 SOBRE SISTEMA DE VALORIZACION UNICO DE PRECIOS (SUP-RA),https://www.cmfchile.cl/normativa/ofc_337_2006.pdf
2006-01-01,336,COMUNICA TASA INTERES DE ACTUALIZACION,https://www.cmfchile.cl/normativa/ofc_336_2006.pdf
2006-01-01,1799,ESTABLECE INSTRUCCIONES PARA PUBLICACION DE ESTADOS FINANCIEROS ANUALES PARA LOS CORREDORES DE BOLSA DE PRODUCTOS,https://www.cmfchile.cl/normativa/cir_1799_2006.pdf
2006-01-01,335,ESTABLECE OBLIGACION DE INCORPORAR EL IVA A LOS PRECIOS FINALES DE REMUNERACIONES Y COMISIONES DE CUOTAS DE LOS FONDOS QUE SE INDICAN,https://www.cmfchile.cl/normativa/ofc_335_2006.pdf
2006-01-01,1798,"SOLICITA APORTES CUMPLIMIENTO DECRETO LEY N° 1.757, MODIFICADO POR LA LEY N° 19.798 DEL 25 DE ABRIL DE 2002, CORRESPONDIENTES AL MES DE MARZO DE 2006",https://www.cmfchile.cl/normativa/cir_1798_2006.pdf
2006-01-01,1797,NORMA LA ADQUISICION DE INSTRUMENTOS CON PROMESA DE VENTA PARA LOS FONDOS MUTUOS Y DEROGA CIRCULAR N° 1.347 DE 1997,https://www.cmfchile.cl/normativa/cir_1797_2006.pdf
2006-01-01,334,INFORMA TASA DE VALORIZACION DE PASIVOS Y TASA PARA VALORIZACION DEL BONO DE RECONOCIMIENTO (CIRCULAR N° 1512 DE ENERO DE 2001 Y N° 1360 DE ENERO DE 1998),https://www.cmfchile.cl/normativa/ofc_334_2006.pdf
2006-01-01,333,COMUNICA NUEVO VALOR UNIDAD DE SEGURO REAJUSTABLE,https://www.cmfchile.cl/normativa/ofc_333_2006.pdf
2006-01-01,194,MODIFICA NORMA DE CARACTER GENERAL N° 188 DE 31.10.2005,https://www.cmfchile.cl/normativa/ncg_194_2006.pdf
2006-01-01,1796,"MODIFICA CIRCULAR N° 1.583, DE 21.01.2002, ESTABLECIENDO FORMULARIO ELECTRONICO PARA INFORMAR INGRESOS ANUALES POR LIQUIDACIONES PARA LIQUIDADORES DE SINIESTROS.",https://www.cmfchile.cl/normativa/cir_1796_2006.pdf
2006-01-01,1795,ESTABLECE MODELO DE PRESENTACION DE ESTADOS FINANCIEROS PARA LOS CORREDORES DE BOLSA DE PRODUCTOS,https://www.cmfchile.cl/normativa/cir_1795_2006.pdf
2006-01-01,1794,MODIFICA CIRCULAR N° 1.753 DE 2005 QUE ESTABLECE INSTRUCCIONES SOBRE PUBLICIDAD A SOCIEDADES QUE ADMINISTRAN FONDOS MUTUOS Y SOBRE INFORMACION A PARTICIPES,https://www.cmfchile.cl/normativa/cir_1794_2006.pdf
2006-01-01,332,COMUNICA TASA INTERES DE ACTUALIZACION,https://www.cmfchile.cl/normativa/ofc_332_2006.pdf
2006-01-01,1793,"MODIFICA CIRCULAR N° 1.581 DE 2002, RELATIVA A PUBLICACION TRIMESTRAL DE LA CARTERA DE INVERSIONES DE LOS FONDOS MUTUOS, EN LOS TERMINOS QUE SE INDICAN",https://www.cmfchile.cl/normativa/cir_1793_2006.pdf
2006-01-01,331,"ESTABLECE REQUISITOS DE INFORMACION PARA AQUELLOS FONDOS MUTUOS QUE APLIQUEN METODOLOGIA VAR, SEGUN LO DISPUESTO EN SUS REGLAMENTOS INTERNOS",https://www.cmfchile.cl/normativa/ofc_331_2006.pdf
2006-01-01,330,INFORMA TASA DE VALORIZACION DE PASIVOS Y TASA PARA VALORIZACION DEL BONO DE RECONOCIMIENTO (CIRCULAR N° 1512 DE ENERO DE 2001 Y N° 1360 DE ENERO DE 1998),https://www.cmfchile.cl/normativa/ofc_330_2006.pdf
2006-01-01,329,COMUNICA NUEVO VALOR UNIDAD DE SEGUROS REAJUSTABLE,https://www.cmfchile.cl/normativa/ofc_329_2006.pdf
2006-01-01,1792,SOLICITA APORTES CUMPLIMIENTO DECRETO LEY N° 1.757 MODIFICADO POR LA LEY N° 19.798 DEL 25 DE ABRIL DE 2002 CORRESPONDIENTES AL MES DE FEBRERO DE 2006,https://www.cmfchile.cl/normativa/cir_1792_2006.pdf
2006-01-01,193,"ESTABLECE PROCEDIMIENTO DE INSCRIPCION DE EMISORES EXTRANJEROS Y DE SUS RESPECTIVOS BONOS EN EL REGISTRO DE VALORES, LA OFERTA PUBLICA DE LOS MISMOS EN CHILE, SU DIFUSION, COLOCACION Y OBLIGACIONES DE INFORMACION",https://www.cmfchile.cl/normativa/ncg_193_2006.pdf
2006-01-01,1791,IMPARTE INSTRUCCIONES A LOS COMITES DE VIGILANCIA DE LOS FONDOS DE INVERSION,https://www.cmfchile.cl/normativa/cir_1791_2006.pdf
2006-01-01,192,"IMPARTE INSTRUCCIONES SOBRE SISTEMA DE CONSULTAS Y OFERTAS DE MONTOS DE PENSION ESTABLECIDO POR EL ARTICULO 61 BIS DEL D.L. N° 3.500, DE 1980.  MODIFICA CIRCULAR 1291 DE LA SUPERINTENDENCIA DE ADMINISTRADORAS DE FONDOS DE PENSIONES, Y NCG 162, DE LA SUPERINTENDENCIA DE VALORES Y SEGUROS",https://www.cmfchile.cl/normativa/ncg_192_2006.pdf
2006-01-01,328,"SEÑALA LOS SITIOS EN QUE SE PODRA OBTENER INFORMACION, PARA LOS EFECTOS DE LO ESTABLECIDO EN EL ARTICULO 21, DFL 251",https://www.cmfchile.cl/normativa/ofc_328_2006.pdf
2006-01-01,1790,"DICTA INSTRUCCIONES Y ESTABLECE REQUISITOS RESPECTO A FONDOS MUTUOS ESTRUCTURADOS, QUE EN SU DEFINICION ADOPTEN LA EXPRESION ""GARANTIZADO"", ""AFIANZADO"", ""ASEGURADO"" U OTRAS DE SIMILAR NATURALEZA",https://www.cmfchile.cl/normativa/cir_1790_2006.pdf
2006-01-01,1789,MODIFICA CIRCULAR N° 1.578 DE 2002 EN LOS TERMINOS QUE SE INDICA,https://www.cmfchile.cl/normativa/cir_1789_2006.pdf
2006-01-01,327,COMUNICA TASA INTERES DE ACTUALIZACION,https://www.cmfchile.cl/normativa/ofc_327_2006.pdf
2006-01-01,1788,SOLICITA APORTES CUMPLIMIENTO DECRETO LEY N° 1.757 MODIFICADO POR LA LEY N° 19.798 DEL 25 DE ABRIL DE 2002 CORRESPONDIENTES AL MES DE ENERO DE 2006,https://www.cmfchile.cl/normativa/cir_1788_2006.pdf
2006-01-01,326,COMUNICA NUEVO VALOR UNIDAD DE SEGURO REAJUSTABLE,https://www.cmfchile.cl/normativa/ofc_326_2006.pdf
2006-01-01,325,INFORMA TASA DE VALORIZACION DE PASIVOS Y TASA PARA VALORIZACION DEL BONO DE RECONOCIMIENTO (CIRCULAR N° 1512 DE ENERO DE 2001 Y N° 1360 DE ENERO DE 1998),https://www.cmfchile.cl/normativa/ofc_325_2006.pdf
2005-01-01,191,AUTORIZA LA INVERSION EN CONTRATOS SOBRE PRODUCTOS QUE CONSTEN EN FACTURAS Y TITULOS REPRESENTATIVOS DE PRODUCTOS AGROPECUARIOS NEGOCIADOS EN LAS BOLSAS DE PRODUCTOS AGROPECUARIOS DE LA LEY 19.220 PARA LOS FONDOS MUTUOS,https://www.cmfchile.cl/normativa/ncg_191_2005.pdf
2005-01-01,324,MODIFICA OFICIO CIRCULAR N° 312 DE 23.09.2005,https://www.cmfchile.cl/normativa/ofc_324_2005.pdf
2005-01-01,1787,MODIFICA CIRCULAR N° 1769 DE 26 DE AGOSTO DE 2005,https://www.cmfchile.cl/normativa/cir_1787_2005.pdf
2005-01-01,1786,"IMPARTE INSTRUCCIONES RELATIVAS A LA TRAMITACION, APLICACION Y RENDICION DE CUENTAS DE LOS RECURSOS PROVENIENTES DEL ITEM 33-01-001 ""INVERSIONES DE CUERPOS DE BOMBEROS"", DEL PRESUPUESTO FISCAL.
DEROGA CIRCULAR N° 1704 DE 2004",https://www.cmfchile.cl/normativa/cir_1786_2005.pdf
2005-01-01,1785,"IMPARTE INSTRUCCIONES PARA LA TRAMITACION, APLICACION Y RENDICION DE CUENTAS DE RECURSOS DEL ITEM 24-01-002 ""AYUDAS EXTRAORDINARIAS, REPARACIONES Y MANTENCIONES DE CUERPOS DE BOMBEROS"" PROVENIENTES DEL PRESUPUESTO FISCAL.
DEROGA CIRCULAR N° 1703 DE 2004",https://www.cmfchile.cl/normativa/cir_1785_2005.pdf
2005-01-01,1784,"IMPARTE INSTRUCCIONES RELATIVAS A LA TRAMITACION, APLICACION Y RENDICION DE CUENTAS DE LOS RECURSOS PROVENIENTES DEL ITEM 24-01-001 ""GASTOS DE OPERACION DE CUERPOS DE BOMBEROS "",  DEL PRESUPUESTO FISCAL
DEROGA CIRCULAR 1702",https://www.cmfchile.cl/normativa/cir_1784_2005.pdf
2005-01-01,190,"ESTABLECE NORMAS A QUE DEBE SUJETARSE LA CONTABILIDAD DE LAS SOCIEDADES SECURITIZADORAS Y DE LOS PATRIMONIOS SEPARADOS.
DEROGA NORMA DE CARACTER GENERAL N° 59 DE 1995",https://www.cmfchile.cl/normativa/ncg_190_2005.pdf
2005-01-01,1783,MODIFICA CIRCULAR N° 1.603 DE 2002,https://www.cmfchile.cl/normativa/cir_1783_2005.pdf
2005-01-01,323,COMUNICA NUEVO VALOR UNIDAD DE SEGURO REAJUSTABLE,https://www.cmfchile.cl/normativa/ofc_323_2005.pdf
2005-01-01,322,SOLICITA INFORMACION REFERIDA A RECUPERACIONES EFECTIVAS ANUALES POR CREDITOS OTORGADOS,https://www.cmfchile.cl/normativa/ofc_322_2005.pdf
2005-01-01,321,COMUNICA TASA INTERES DE ACTUALIZACION,https://www.cmfchile.cl/normativa/ofc_321_2005.pdf
2005-01-01,320,INFORMA TASA DE VALORIZACION DE PASIVOS Y TASA PARA VALORIZACION DEL BONO DE RECONOCIMIENTO (CIRCULAR N° 1512 DE ENERO DE 2001 Y N° 1360 DE ENERO DE 1998),https://www.cmfchile.cl/normativa/ofc_320_2005.pdf
2005-01-01,1782,IMPARTE INSTRUCCIONES SOBRE PRESENTACION Y DIFUSION DE INFORMACION ESTADISTICA DE LOS COSTOS ASOCIADOS A LA INVERSION EN FONDOS MUTUOS,https://www.cmfchile.cl/normativa/cir_1782_2005.pdf
2005-01-01,1781,MODIFICA CIRCULAR N° 1.633 DE 2002 EN LOS TERMINOS QUE SE INDICA E IMPARTE INSTRUCCIONES AL RESPECTO,https://www.cmfchile.cl/normativa/cir_1781_2005.pdf
2005-01-01,1780,SOLICITA APORTES CUMPLIMIENTO DECRETO LEY N° 1.757 MODIFICADO POR LA LEY N° 19.798 DEL 25 DE ABRIL DE 2002 CORRESPONIDENTES AL MES DE DICIEMBRE DE 2005,https://www.cmfchile.cl/normativa/cir_1780_2005.pdf
2005-01-01,1779,MODIFICA CIRCULAR N° 1441,https://www.cmfchile.cl/normativa/cir_1779_2005.pdf
2005-01-01,189,"ESTABLECE NORMAS PARA LA INSCRIPCION DE CONTRATOS SOBRE PRODUCTOS AGROPECUARIOS QUE CONSTEN EN FACTURAS, EN EL REGISTRO DE PRODUCTOS",https://www.cmfchile.cl/normativa/ncg_189_2005.pdf
2005-01-01,319,COMUNICA TASA INTERES DE ACTUALIZACION,https://www.cmfchile.cl/normativa/ofc_319_2005.pdf
2005-01-01,318,CERTIFICADO SEGURO OBLIGATORIO LEY N° 18.490,https://www.cmfchile.cl/normativa/ofc_318_2005.pdf
2005-01-01,317,INFORMA TASA DE VALORIZACION DE PASIVOS Y TASA PARA VALORIZACION DEL BONO DE RECONOCIMIENTO (CIRCULAR N° 1512 DE ENERO 2001 Y N° 1360 DE ENERO DE 1998),https://www.cmfchile.cl/normativa/ofc_317_2005.pdf
2005-01-01,1778,SOLICITA APORTES CUMPLIMIENTO DECRETO LEY N° 17.757 MODIFICADO POR LA LEY N° 19.798 DEL 25 DE ABRIL DE 2002 CORRESPONDIENTES AL MES DE NOVIEMBRE DE 2005,https://www.cmfchile.cl/normativa/cir_1778_2005.pdf
2005-01-01,316,COMUNICA NUEVO VALOR UNIDAD DE SEGURO REAJUSTABLE,https://www.cmfchile.cl/normativa/ofc_316_2005.pdf
2005-01-01,188,"IMPARTE INSTRUCCIONES RELATIVAS AL ANALISIS DE SUFICIENCIA DE ACTIVOS EN ENTIDADES ASEGURADORAS Y REASEGURADORAS DEL SEGUNDO GRUPO, QUE MANTENGAN OBLIGACIONES VIGENTES DE SEGUROS DE RENTA VITALICIA DEL D.L. N° 3500 DE 1980",https://www.cmfchile.cl/normativa/ncg_188_2005.pdf
2005-01-01,1777,ESTABLECE FORMULARIO ELECTRONICO PARA INFORMAR CAMBIOS DE DATOS PERSONALES POR LOS CORREDORES DE SEGUROS Y LIQUIDADORES DE SINIESTROS,https://www.cmfchile.cl/normativa/cir_1777_2005.pdf
2005-01-01,315,INFORMA TASA DE VALORIZACION DE PASIVOS Y TASA PARA VALORIZACION DEL BONO DE RECONOCIMIENTO (CIRCULAR N° 1512 DE ENERO DE 2001 Y N° 1360 DE ENERO DE 1998),https://www.cmfchile.cl/normativa/ofc_315_2005.pdf
2005-01-01,314,COMUNICA TASA INTERES DE ACTUALIZACION,https://www.cmfchile.cl/normativa/ofc_314_2005.pdf
2005-01-01,1776,SOLICITA APORTES CUMPLIMIENTO DECRETO LEY N° 1757 MODIFICADO POR LA LEY N° 19798 DEL 25 DE ABRIL DE 2002 CORRESPONDIENTES AL MES DE OCTUBRE DE 2005,https://www.cmfchile.cl/normativa/cir_1776_2005.pdf
2005-01-01,313,COMUNICA NUEVO VALOR UNIDAD DE SEGURO REAGUSTABLE,https://www.cmfchile.cl/normativa/ofc_313_2005.pdf
2005-01-01,187,ESTABLECE REQUISITOS PARA LA REALIZACION DE OPERACIONES DE VENTA CORTA Y PRESTAMO DE VALORES POR CUENTA DE FONDOS DE INVERSION.   DEROGA NORMA DE CARACTER GENERAL N° 109 DE 22.01.01,https://www.cmfchile.cl/normativa/ncg_187_2005.pdf
2005-01-01,9996,PLANES DE AHORRO PREVISIONAL VOLUNTARIO,https://www.cmfchile.cl/normativa/ofc_9996_2005.pdf
2005-01-01,1775,MODIFICA CIRCULAR N° 1716 DE 19 DE ABRIL DE 2004 SOBRE ENVIO DE INFORMACION DEL SEGURO OBLIGATORIO DE ACCIDENTES CAUSADOS POR VEHICULOS MOTORIZADOS AL SERVICIO DE REGISTRO CIVIL E IDENTIFICACION,https://www.cmfchile.cl/normativa/cir_1775_2005.pdf
2005-01-01,312,MODIFICA OFICIO CIRCULAR N° 299 DE 23 DE JUNIO DE 2005,https://www.cmfchile.cl/normativa/ofc_312_2005.pdf
2005-01-01,1774,MODIFICA CIRCULAR N° 1587 DE 2002,https://www.cmfchile.cl/normativa/cir_1774_2005.pdf
2005-01-01,1773,SOLICITA APORTES CUMPLIMIENTO DECRETO LEY N° 1.757 MODIFICADO POR LA LEY N° 19.798 DEL 25 DE ABRIL DE 2002 CORRESPONDIENTES AL MES DE SEPTIEMBRE DE 2005,https://www.cmfchile.cl/normativa/cir_1773_2005.pdf
2005-01-01,311,COMUNICA TASA INTERES DE ACTUALIZACION,https://www.cmfchile.cl/normativa/ofc_311_2005.pdf
2005-01-01,1772,MODIFICA CIRCULAR N° 1194 DE 20 DE ENERO DE 1995.   DEROGA CIRCULAR N° 1446 DE 18 DE ENERO DE 1999,https://www.cmfchile.cl/normativa/cir_1772_2005.pdf
2005-01-01,186,ESTABLECE NORMAS PARA LA INSCRIPCION DE PRODUCTOS AGROPECUARIOS Y DE TITULOS REPRESENTATIVOS DE PRODUCTOS EN EL REGISTRO DE PRODUCTOS,https://www.cmfchile.cl/normativa/ncg_186_2005.pdf
2005-01-01,310,INFORMA TASA DE VALORIZACION DE PASIVOS Y TASA PARA VALORIZACION DEL BONO DE RECONOCIMIENTO (CIRCULAR N° 1512 DE ENERO DE 2001 Y N° 1360 DE ENERO DE 1998),https://www.cmfchile.cl/normativa/ofc_310_2005.pdf
2005-01-01,309,COMUNICA NUEVO VALOR UNIDAD DE SEGURO REAJUSTABLE,https://www.cmfchile.cl/normativa/ofc_309_2005.pdf
2005-01-01,1771,"MODIFICA FORMA DE ENVIO DE CUADRO DE INFORMACION DE COMISIONES U OTROS ESTIPENDIOS, ORIGINADOS POR POLIZAS DE SEGUROS DE INCENDIO, DESGRAVAMEN, CESANTIA Y OTROS, CONTRATADOS EN FORMA COLECTIVA, ASOCIADOS A CREDITOS",https://www.cmfchile.cl/normativa/cir_1771_2005.pdf
2005-01-01,1770,IMPARTE NORMAS SOBRE FORMA Y CONTENIDO DE LOS ESTADOS FINANCIEROS DE LA JUNTA NACIONAL DE CUERPOS DE BOMBEROS DE CHILE,https://www.cmfchile.cl/normativa/cir_1770_2005.pdf
2005-01-01,1769,INSTRUYE EL ENVIO DE INFORMACION RELATIVA AL SEGURO AGRICOLA.   DEROGA CIRCULAR N° 1669 DEL 12 DE JUNIO DE 2003,https://www.cmfchile.cl/normativa/cir_1769_2005.pdf
2005-01-01,308,COMUNICA TASA INTERES DE ACTUALIZACION,https://www.cmfchile.cl/normativa/ofc_308_2005.pdf
2005-01-01,307,COMUNICA NUEVO VALOR UNIDAD DE SEGURO REAJUSTABLE,https://www.cmfchile.cl/normativa/ofc_307_2005.pdf
2005-01-01,1768,ESTABLECE INFORMACION A ENTREGAR RESPECTO DE LAS CUOTAS DE FONDOS MUTUOS O ABIERTOS INSCRITOS EN EL REGISTRO DE VALORES EXTRANJEROS,https://www.cmfchile.cl/normativa/cir_1768_2005.pdf
2005-01-01,306,INFORMA TASA DE VALORIZACION DE PASIVOS Y TASA PARA VALORIZACION DEL BONO DE RECONOCIMIENTO (CIRCULAR N° 1512 DE ENERO DE 2001 Y N° 1360 DE ENERO DE 1998),https://www.cmfchile.cl/normativa/ofc_306_2005.pdf
2005-01-01,1767,SOLICITA APORTES CUMPLIMIENTO DECRETO LEY N° 1.757 MODIFICADO POR LA LEY N° 19.798 DEL 25 DE ABRIL DE 2002 CORRESPONDIENTES AL MES DE AGOSTO DE 2005,https://www.cmfchile.cl/normativa/cir_1767_2005.pdf
2005-01-01,1766,MODIFICA CIRCULAR N° 1266 DE 08 DE FEBRERO DE 1996,https://www.cmfchile.cl/normativa/cir_1766_2005.pdf
2005-01-01,305,COMUNICA TASA INTERES DE ACTUALIZACION,https://www.cmfchile.cl/normativa/ofc_305_2005.pdf
2005-01-01,185,MODIFICA NORMAS DE CARACTER GENERAL QUE INDICA,https://www.cmfchile.cl/normativa/ncg_185_2005.pdf
2005-01-01,304,CITACION A EXAMEN ESPECIAL PARA ACREDITAR CONOCIMIENTOS EN RENTAS VITALICIAS,https://www.cmfchile.cl/normativa/ofc_304_2005.pdf
2005-01-01,1765,"1.- ESTABLECE PROCEDIMIENTO PARA REGULARIZAR EXCESO DE INVERSION EN CUOTAS DE FONDOS MUTUOS DE PERSONAS SEÑALADAS EN EL ARTICULO 12 A DEL D.L. N° 1.328.
2.- DEROGA CIRCULAR N° 1.173 DE 1994",https://www.cmfchile.cl/normativa/cir_1765_2005.pdf
2005-01-01,1764,"SOLICITA INFORMACION DE COMISIONES U OTROS ESTIPENDIOS, ORIGINADOS POR POLIZAS DE SEGUROS DE INCENDIO, DESGRAVAMEN, CESANTIA Y OTROS, CONTRATADAS EN FORMA COLECTIVA, ASOCIADAS A CREDITOS.
MODIFICA CIRCULAR N° 1.122",https://www.cmfchile.cl/normativa/cir_1764_2005.pdf
2005-01-01,1763,IMPARTE INSTRUCCIONES RELATIVAS AL REEMBOLSO Y DEVOLUCION DE PRIMA Y AL PAGO DE COMISIONES POR PARTE DE LAS COMPAÑIAS DE SEGUROS,https://www.cmfchile.cl/normativa/cir_1763_2005.pdf
2005-01-01,1762,DEVOLUCION DE PRIMA POR PREGAGO O RENEGOCIACION DE CREDITOS EN SEGUROS A PRIMA UNICA,https://www.cmfchile.cl/normativa/cir_1762_2005.pdf
2005-01-01,1761,MODIFICA CIRCULAR N° 1457 DE 09 DE NOVIEMBRE DE 1999,https://www.cmfchile.cl/normativa/cir_1761_2005.pdf
2005-01-01,1760,INSTRUYE A CORREDORES DE SEGUROS Y LIQUIDADORES DE SINIESTROS SOBRE TRAMITACION DE RECLAMOS,https://www.cmfchile.cl/normativa/cir_1760_2005.pdf
2005-01-01,1759,IMPARTE INSTRUCCIONES SOBRE INFORMACION Y ATENCION A LOS ASEGURADOS DE SEGUROS CONTRATADOS EN FORMA COLECTIVA,https://www.cmfchile.cl/normativa/cir_1759_2005.pdf
2005-01-01,184,MODIFICA NORMA DE CARACTER GENERAL N° 71,https://www.cmfchile.cl/normativa/ncg_184_2005.pdf
2005-01-01,303,INFORMA TASA DE VALORIZACION DE PASIVOS Y TASA PARA VALORIZACION DEL BONO DE RECONOCIMIENTO (CIRCULAR N° 1512 DE ENERO DE 2001 Y N° 1360 DE ENERO DE 1998),https://www.cmfchile.cl/normativa/ofc_303_2005.pdf
2005-01-01,302,"CIRCULAR 1512 DE 2001, SOBRE CONSTITUCION DE RESERVAS TECNICAS Y VALORIZACION DE ACTIVOS Y PASIVOS EN RELACION A SU CALCE EN EL TIEMPO",https://www.cmfchile.cl/normativa/ofc_302_2005.pdf
2005-01-01,301,COMUNICA NUEVO VALOR UNIDAD DE SEGURO REAJUSTABLE,https://www.cmfchile.cl/normativa/ofc_301_2005.pdf
2005-01-01,1758,NORMAS DE TRANSPARENCIA SOBRE LA CONTRATACION DE SEGUROS COLECTIVOS,https://www.cmfchile.cl/normativa/cir_1758_2005.pdf
2005-01-01,1757,SOLICITA APORTES CUMPLIMIENTO DECRETO LEY N° 1.757 MODIFICADO POR LA LEY N° 19.798 DEL 25 DE ABRIL DE 2002 CORREDPONIDENTES AL MES DE JULIO DE 2005,https://www.cmfchile.cl/normativa/cir_1757_2005.pdf
2005-01-01,183,MODIFICA SECCIONES I Y II DE LA NORMA DE CARACTER GENERAL N° 118 DE 15 DE MAYO DE 2001,https://www.cmfchile.cl/normativa/ncg_183_2005.pdf
2005-01-01,1756,ESTABLECE FORMATO DE PRESENTACION DE ESTADOS FINANCIEROS PARA FONDOS DE INVERSION.  DEROGA CIRCULARES N° 1.060 DE 1992 Y N° 1.248 DE 1995,https://www.cmfchile.cl/normativa/cir_1756_2005.pdf
2005-01-01,1755,SOLICITA INFORMACION DE FONDOS MUTUOS Y FONDOS DE INVERSION,https://www.cmfchile.cl/normativa/cir_1755_2005.pdf
2005-01-01,300,COMISIONES MAXIMAS A SER PAGADAS POR LOS FONDOS DE PENSIONES A LOS FONDOS MUTUOS Y DE INVERSION,https://www.cmfchile.cl/normativa/ofc_300_2005.pdf
2005-01-01,299,MODIFICA OFICIO CIRCULAR N° 285 DE 23 DE MARZO DE 2005,https://www.cmfchile.cl/normativa/ofc_299_2005.pdf
2005-01-01,1754,"1.- INSTRUYE SOBRE PLANES DE INVERSION CON SISTEMAS DE APORTES REGULADOS POR CONTRATOS DE SUSCRIPCION DE CUOTAS.
2.- DEROGA CIRCULAR N° 1.608 DE 2002",https://www.cmfchile.cl/normativa/cir_1754_2005.pdf
2005-01-01,1753,"1.- ESTABLECE INSTRUCCIONES SOBRE PUBLICIDAD A SOCIEDADES QUE ADMINISTRAN FONDOS MUTUOS Y SOBRE INFORMACION A PARTICIPES.
2.- DEROGA SECCIONES A,B,C,D Y E DE LA CIRCULAR N° 1.608 DE 2002",https://www.cmfchile.cl/normativa/cir_1753_2005.pdf
2005-01-01,182,ESTABLECE NORMAS PARA INSCRIPCION EN REGISTRO DE CORREDORES DE BOLSA DE PRODUCTOS AGROPECUARIOS,https://www.cmfchile.cl/normativa/ncg_182_2005.pdf
2005-01-01,181,IMPARTE INSTRUCCIONES RELATIVAS A DISPOSICIONES CONTENIDAD EN LA LETRA H) DEL ARTICULO 162 DE LA LEY N° 18.045 DE MERCADO DE VALORES,https://www.cmfchile.cl/normativa/ncg_181_2005.pdf
2005-01-01,298,COMUNICA TASA INTERES DE ACTUALIZACION,https://www.cmfchile.cl/normativa/ofc_298_2005.pdf
2005-01-01,297,INFORMA ACERCA DE HECHOS QUE INDICA Y SOLICITA ANTECEDENTES,https://www.cmfchile.cl/normativa/ofc_297_2005.pdf
2005-01-01,296,INFORMA TASA DE VALORIZACION DE PASIVOS Y TASA PARA VALORIZACION DEL BONO DE RECONOCIMIENTO (CIRCULAR N° 1512 DE ENERO DE 2001 Y N° 1360 DE ENERO DE 1998),https://www.cmfchile.cl/normativa/ofc_296_2005.pdf
2005-01-01,295,COMUNICA NUEVO VALOR UNIDAD DE SEGURO REAJUSTABLE,https://www.cmfchile.cl/normativa/ofc_295_2005.pdf
2005-01-01,1752,SOLICITA APORTES CUMPLIMIENTO DECRETO LEY N° 1.757 MODIFICADO POR LA LEY N° 19.798 DEL 25 DE ABRIL DE 2002 CORRESPONDIENTES AL MES DE JUNIO DE 2005,https://www.cmfchile.cl/normativa/cir_1752_2005.pdf
2005-01-01,1751,IMPARTE INSTRUCCIONES SOBRE EXIGENCIA DE EXAMEN PARA DETECTAR EL VIRUS DE INMUNODEFICIENCIA HUMANA (VIH) EN SEGUROS QUE INDICA,https://www.cmfchile.cl/normativa/cir_1751_2005.pdf
2005-01-01,294,TASA DE VENTA DE POLIZAS DE RENTA VITALICIA ESTABLECIDAS EN EL D.L. N° 3500,https://www.cmfchile.cl/normativa/ofc_294_2005.pdf
2005-01-01,180,ESTABLECE FORMA Y OPORTUNIDAD PARA ACREDITAR LOS REQUISITOS PARA ACCEDER A LOS BENEFICIOS DE D.L. N° 1757,https://www.cmfchile.cl/normativa/ncg_180_2005.pdf
2005-01-01,293,COMUNICA TASA INTERES DE ACTUALIZACION,https://www.cmfchile.cl/normativa/ofc_293_2005.pdf
2005-01-01,179,MODIFICA NORMA DE CARACTER GENERAL N° 164 DE 21 DE JUNIO DE 2004,https://www.cmfchile.cl/normativa/ncg_179_2005.pdf
2005-01-01,292,COMUNICA NUEVO VALOR UNIDAD DE SEGUROS REAJUSTABLE,https://www.cmfchile.cl/normativa/ofc_292_2005.pdf
2005-01-01,291,INFORMA TASA DE VALORIZACION DE PASIVOS Y TASA PARA VALORIZACION DEL BONO DE RECONOCIMIENTO (CIRCULAR N° 1512 DE ENERO DE 2001 Y N° 1360 DE ENERO DE 1998),https://www.cmfchile.cl/normativa/ofc_291_2005.pdf
2005-01-01,1750,SOLICITA APORTES CUMPLIMIENTO DECRETO LEY N° 1.757 MODIFICADO POR LA LEY N° 19.798 DEL 25 DE ABRIL DE 2002 CORRESPONDIENTES AL MES DE MAYO DE 2005,https://www.cmfchile.cl/normativa/cir_1750_2005.pdf
2005-01-01,290,N.C.G. N° 162 SOBRE SISTEMA DE CONSULTAS Y OFERTAS DE MONTOS DE PENSION DEL ART. 61 BIS DEL D.L. N° 3.500 DE 1980,https://www.cmfchile.cl/normativa/ofc_290_2005.pdf
2005-01-01,1749,"MODIFICA CIRCULAR N° 1512 DE 2001, SOBRE CONSTITUCION DE RESERVAS TECNICAS Y VALORIZACION DE ACTIVOS Y PASIVOS EN RELACION A SU CALCE EN EL TIEMPO",https://www.cmfchile.cl/normativa/cir_1749_2005.pdf
2005-01-01,178,"1.- MODIFICA CIRCULAR N° 1512 DE 2001, SOBRE CONSTITUCION DE RESERVAS TECNICAS Y VALORIZACION DE ACTIVOS Y PASIVOS EN RELACION A SU CALCE EN EL TIEMPO.
2.- AUMENTA LIMITE DE ENDEUDAMIENTO TOTAL EN COMPAÑIAS DE SEGUROS DEL SEGUNDO GRUPO",https://www.cmfchile.cl/normativa/ncg_178_2005.pdf
2005-01-01,289,COMUNICA TASA INTERES DE ACTUALIZACION,https://www.cmfchile.cl/normativa/ofc_289_2005.pdf
2005-01-01,288,INFORMA TASA DE VALORIZACION DE PASIVOS Y TASA PARA VALORIZACION DEL BONO DE RECONOCIMIENTO (CIRCULAR N° 1512 DE ENERO DE 2001 Y N° 1360 DE ENERO DE 1998),https://www.cmfchile.cl/normativa/ofc_288_2005.pdf
2005-01-01,287,COMUNICA NUEVO VALOR UNIDAD DE SEGURO REAJUSTABLE,https://www.cmfchile.cl/normativa/ofc_287_2005.pdf
2005-01-01,1748,"SOLICITA APORTES CUMPLIMIENTO DECRETO LEY N° 1.757 MODIFICADO POR LA LEY N° 19.798 DEL 25 DE ABRIL DE 2002, CORRESPONDIENTES AL MES DE ABRIL DE 2005",https://www.cmfchile.cl/normativa/cir_1748_2005.pdf
2005-01-01,286,"SOLICITA NOMINA DE POLIZAS DE RENTA VITALICIA ESTABLECIDAS EN EL DL N° 3500, NO ACOGIDAS AL SISTEMA DE CALCE, Y QUE SE ACOGEN A DICHO MECANISMO DE CALCULO A PARTIR DEL 09/03/2005, SEGUN LO ESTABLECIDO EN CIRCULAR 1512, DE 2001",https://www.cmfchile.cl/normativa/ofc_286_2005.pdf
2005-01-01,285,MODIFICA OFICIO CIRCULAR N° 269 DE 29 DE DICIEMBRE DE 2004,https://www.cmfchile.cl/normativa/ofc_285_2005.pdf
2005-01-01,1747,"MODIFICA CIRCULAR N° 1.085 DE 1992, SOBRE CODIFICACION DE INSTRUMENTOS DE RENTA FIJA, INTERMEDIACION FINANCIERA Y OTROS INSTRUMENTOS",https://www.cmfchile.cl/normativa/cir_1747_2005.pdf
2005-01-01,284,FORMALIDADES DE CERTIFICADOS DE SEGURO OBLIGATORIO DE ACCIDENTES CAUSADOS POR VEHICULOS MOTORIZADOS (SOAP),https://www.cmfchile.cl/normativa/ofc_284_2005.pdf
2005-01-01,283,COMUNICA TASA DE INTERES DE ACTUALIZACION,https://www.cmfchile.cl/normativa/ofc_283_2005.pdf
2005-01-01,282,COMUNICA NUEVO VALOR UNIDAD DE SEGURO REAJUSTABLE,https://www.cmfchile.cl/normativa/ofc_282_2005.pdf
2005-01-01,281,INFORMA TASA DE VALORIZACION DE PASIVOS Y TASA PARA VALORIZACION DEL BONO DE RECONOCIMIENTO (CIRCULAR N° 1512 DE ENERO DE 2001 Y N° 1360 DE ENERO DE 1998),https://www.cmfchile.cl/normativa/ofc_281_2005.pdf
2005-01-01,1746,"SOLICITA APORTES CUMPLIMIENTO DECRETO LEY N° 1.757, MODIFICADO POR LA LEY N° 19.798 DEL 25 DE ABRIL DE 2002, CORRESPONDIENTES AL MES DE MARZO DE 2005",https://www.cmfchile.cl/normativa/cir_1746_2005.pdf
2005-01-01,1745,"MODIFICA CIRCULAR N°1.584, DE 21.01.2002.",https://www.cmfchile.cl/normativa/cir_1745_2005.pdf
2005-01-01,1744,MODIFICA CIRCULAR N° 1.583 DE 21.01.2002,https://www.cmfchile.cl/normativa/cir_1744_2005.pdf
2005-01-01,1743,MODIFICA CIRCULAR N° 1685 DE OCTUBRE DE 2003 RELATIVA A LA INFORMACION DEL SISTEMA DE EVALUACION DEL RIESGO DE MERCADO DE LA CARTERA DE INVERSIONES DE LAS ENTIDADES ASEGURADORAS Y REASEGURADORAS,https://www.cmfchile.cl/normativa/cir_1743_2005.pdf
2005-01-01,280,COMUNICA TASA INTERES DE ACTUALIZACION,https://www.cmfchile.cl/normativa/ofc_280_2005.pdf
2005-01-01,279,COMPLEMENTA CIRCULAR N° 1731 DE 11.11.2004 QUE MODIFICO CIRCULAR N° 1512 SOBRE CONSTITUCION DE RESERVAS TECNICAS Y VALORIZACION DE ACTIVOS Y PASIVOS EN RELACION A SU CALCE EN EL TIEMPO,https://www.cmfchile.cl/normativa/ofc_279_2005.pdf
2005-01-01,278,COMUNICA NUEVO VALOR UNIDAD DE SEGURO REAJUSTABLE,https://www.cmfchile.cl/normativa/ofc_278_2005.pdf
2005-01-01,277,INFORMA TASA DE VALORIZACION DE PASIVOS Y TASA PARA VALORIZACION DEL BONO DE RECONOCIMIENTO (CIRCULAR N° 1512 DE ENERO DE 2001 Y N° 1360 DE ENERO DE 1998),https://www.cmfchile.cl/normativa/ofc_277_2005.pdf
2005-01-01,276,SOLICITA INFORMACION RESPECTO A LA CUSTODIA DE VALORES DE LOS FONDOS QUE SE INDICAN,https://www.cmfchile.cl/normativa/ofc_276_2005.pdf
2005-01-01,1742,SOLICITA APORTES CUMPLIMIENTO DECRETO LEY N° 1.757 MODIFICADO POR LA LEY N° 19.798 DEL 25 DE ABRIL DE 2002 CORRESPONDIENTES AL MES DE FEBRERO 2005,https://www.cmfchile.cl/normativa/cir_1742_2005.pdf
2005-01-01,1741,IMPARTE INSTRUCCIONES SOBRE CONTABILIDAD EN MONEDA EXTRANJERA PARA FONDOS DE INVERSION,https://www.cmfchile.cl/normativa/cir_1741_2005.pdf
2005-01-01,177,"MODIFICA NORMA DE CARACTER GENERAL N° 74 DE 1997, EN LOS TERMINOS QUE INDICA",https://www.cmfchile.cl/normativa/ncg_177_2005.pdf
2005-01-01,176,"AUTORIZA ACTIVIDAD AFIN O COMPLEMENTARIA CONSISTENTE EN SUSCRIBIR CUOTAS DE FONDOS, RESCATARLAS Y MANTENERLAS EN CUSTODIA, POR CUENTA Y RIESGO DE ASEGURADOS",https://www.cmfchile.cl/normativa/ncg_176_2005.pdf
2005-01-01,275,IMPARTE INSTRUCCIONES SOBRE INFORMACION A INCLUIR EN LAS POLIZAS DE RENTAS VITALICIAS,https://www.cmfchile.cl/normativa/ofc_275_2005.pdf
2005-01-01,274,IMPARTE INSTRUCCIONES QUE SE INDICAN,https://www.cmfchile.cl/normativa/ofc_274_2005.pdf
2005-01-01,1740,IMPARTE INSTRUCCIONES RELATIVAS A MODIFICACION DE ASPECTOS RELEVANTES QUE SE INCORPOREN EN LOS REGLAMENTOS INTERNOS Y CONTRATOS DE SUSCRIPCION DE CUOTAS DE FONDOS MUTUOS,https://www.cmfchile.cl/normativa/cir_1740_2005.pdf
2005-01-01,1739,"1.- SOLICITA INFORMACION A LOS FONDOS MUTUOS Y LOS FONDOS DE INVERSION PARA EFECTOS DE COMISIONES EFECTIVAMENTE PAGADAS POR LOS FONDOS DE PENSIONES.
2.- DEROGA CIRCULAR 1684 DE 10 DE OCTUBRE DE 2003",https://www.cmfchile.cl/normativa/cir_1739_2005.pdf
2005-01-01,1738,"1.- DICTA INSTRUCCIONES RELATIVAS A LA DETERMINACION DE LA BASE PARA EL CALCULO DE LA REMUNERACION DIARIA DE LA SOCIEDAD ADMINISTRADORA
2.- DEROGA CIRCULAR N° 782 DE 1988",https://www.cmfchile.cl/normativa/cir_1738_2005.pdf
2005-01-01,175,"MODIFICA CIRCULAR N° 1291 DE LA SUPERINTENDENCIA DE ADMINISTRADORAS DE FONDOS DE PENSIONES Y NORMA DE CARACTER GENERAL N° 162 DE LA SUPERINTENDENCIA DE VALORES Y SEGUROS, QUE IMPARTEN INSTRUCCIONES SOBRE SISTEMA DE CONSULTAS Y OFERTAS DE MONTOS DE PENSION ESTABLECIDO POR EL ARTICULO 61 BIS DEL D.L. N° 3.500, DE 1980",https://www.cmfchile.cl/normativa/ncg_175_2005.pdf
2005-01-01,273,COMUNICA TASA INTERES DE ACTUALIZACION,https://www.cmfchile.cl/normativa/ofc_273_2005.pdf
2005-01-01,1737,"INSTRUYE SOBRE EL ENVIO POR MEDIO ELECTRONICO DE INFORMACION ESENCIAL, DISPUESTO EN ARTÍCULO 9 E INCISOS PRIMERO Y SEGUNDO DEL ARTICULO 10, DE LA LEY N° 18.045",https://www.cmfchile.cl/normativa/cir_1737_2005.pdf
2005-01-01,1736,MODIFICA CIRCULAR N° 1370 DE 30 DE ENERO DE 1998,https://www.cmfchile.cl/normativa/cir_1736_2005.pdf
2005-01-01,272,IMPARTE INSTRUCCIONES SOBRE EL CIERRE DE TRANSACCIONES BURSATILES ANTE DIFUSION DE HECHOS ESENCIALES,https://www.cmfchile.cl/normativa/ofc_272_2005.pdf
2005-01-01,1735,"SOLICITA APORTES CUMPLIMIENTO DECRETO LEY N° 1.757, MODIFICADO POR LA LEY N° 19.798 DEL 25 DE ABRIL DE 2002, CORRESPONDIENTES AL MES DE ENERO 2005",https://www.cmfchile.cl/normativa/cir_1735_2005.pdf
2005-01-01,271,INFORMA TASA DE VALORIZACION DE PASIVOS Y TASA PARA VALORIZACION DEL BONO DE RECONOCIMIENTO (CIRCULAR N° 1512 DE ENERO DE 2001 Y N° 1360 DE ENERO DE 1998),https://www.cmfchile.cl/normativa/ofc_271_2005.pdf
2005-01-01,270,COMUNICA NUEVO VALOR UNIDAD DE SEGURO REAJUSTABLE,https://www.cmfchile.cl/normativa/ofc_270_2005.pdf
2004-01-01,269,MODIFICA OFICIO CIRCULAR N° 254 DE 05.10.2004,https://www.cmfchile.cl/normativa/ofc_269_2004.pdf
2004-01-01,268,PRESENTACION EN FECU IMPUESTO VALOR AGREGADO NO RECUPERABLE POR PAGO DE COMISIONES DE INTERMEDIACION,https://www.cmfchile.cl/normativa/ofc_268_2004.pdf
2004-01-01,267,COMUNICA TASA INTERES DE ACTUALIZACION,https://www.cmfchile.cl/normativa/ofc_267_2004.pdf
2004-01-01,1734,MODIFICA CIRCULAR 1269 DE 09 DE DICIEMBRE DE 1996,https://www.cmfchile.cl/normativa/cir_1734_2004.pdf
2004-01-01,1733,SOLICITA APORTES CUMPLIMIENTO DECRETO LEY N° 1.757 MODIFICADO POR LA LEY N° 19.798 DEL 25 DE ABRIL DE 2002 CORRESPONDIENTES AL MES DE DICIEMBRE DE 2004,https://www.cmfchile.cl/normativa/cir_1733_2004.pdf
2004-01-01,266,"SOLICITA INFORME DE LOS AUDITORES EXTERNOS, REFERIDO EN LA CIRCULAR N° 1.202 DE 1995",https://www.cmfchile.cl/normativa/ofc_266_2004.pdf
2004-01-01,265,INFORMA TASA DE VALORIZACION DE PASIVOS Y TASA PARA VALORIZACION DEL BONO DE RECONOCIMIENTO (CIRCULAR N° 1512 DE ENERO DE 2001 Y N° 1360 DE ENERO DE 1998),https://www.cmfchile.cl/normativa/ofc_265_2004.pdf
2004-01-01,264,COMUNICA NUEVO VALOR UNIDAD DE SEGURO REAJUSTABLE,https://www.cmfchile.cl/normativa/ofc_264_2004.pdf
2004-01-01,174,"MODIFICA NORMA DE CARACTER GENERAL N° 148 DE 2002, SOBRE SISTEMA DE EVALUACION DEL RIESGO DE MERCADO DE LA CARTERA DE INVERSIONES DE LAS ENTIDADES ASEGURADORAS Y REASEGURADORAS, VAR.",https://www.cmfchile.cl/normativa/ncg_174_2004.pdf
2004-01-01,263,COMUNICA TASA INTERES DE ACTUALIZACION,https://www.cmfchile.cl/normativa/ofc_263_2004.pdf
2004-01-01,173,MODIFICA NORMA DE CARACTER GENERAL N° 103 DE 2001 RELATIVA A LA PRESENCIA O TRANSACCION BURSATIL DE UNA ACCION,https://www.cmfchile.cl/normativa/ncg_173_2004.pdf
2004-01-01,262,IMPARTE INSTRUCCIONES SOBRE FUNCIONAMIENTO DE ENTIDADES PARA FERIADO PARCIAL DE 19 DE NOVIEMBRE DE 2004,https://www.cmfchile.cl/normativa/ofc_262_2004.pdf
2004-01-01,1732,"MODIFICA CIRCULAR N° 967, DE 1990, SOBRE CONSTITUCION DE RESERVAS TECNICAS EN SEGUROS ESTABLECIDOS EN EL D.L. N° 3.500, DE 1980",https://www.cmfchile.cl/normativa/cir_1732_2004.pdf
2004-01-01,1731,"MODIFICA CIRCULAR N° 1512 DE 2001, SOBRE CONSTITUCION DE RESERVAS TECNICAS Y VALORIZACION DE ACTIVOS Y PASIVOS EN RELACION A SU CALCE EN EL TIEMPO",https://www.cmfchile.cl/normativa/cir_1731_2004.pdf
2004-01-01,1730,SOLICITA APORTES CUMPLIMIENTO DECRETO LEY N° 1757 MODIFICADO POR LA LEY N° 19798 DEL 25 DE ABRIL DE 2002 CORRESPONDIENTE AL MES DE NOVIEMBRE 2004,https://www.cmfchile.cl/normativa/cir_1730_2004.pdf
2004-01-01,172,"FIJA TABLA DE MORTALIDAD RV-2004, HOMBRES Y MUJERES, PARA PENSIONADOS POR VEJEZ DEL D.L. N° 3.500,  DE 1980",https://www.cmfchile.cl/normativa/ncg_172_2004.pdf
2004-01-01,261,COMUNICA NUEVO VALOR UNIDAD DE SEGURO REAJUSTABLE,https://www.cmfchile.cl/normativa/ofc_261_2004.pdf
2004-01-01,260,INFORMA TASA DE VALORIZACION DE PASIVOS Y TASA PARA VALORIZACION DEL BONO DE RECONOCIMIENTO (CIRCULAR N° 1512 DE ENERO DE 2001 Y N° 1360 DE ENERO DE 1998,https://www.cmfchile.cl/normativa/ofc_260_2004.pdf
2004-01-01,259,CERTIFICADO SEGURO OBLIGATORIO LEY N° 18.490.,https://www.cmfchile.cl/normativa/ofc_259_2004.pdf
2004-01-01,258,COMUNICA TASA INTERES DE ACTUALIZACION,https://www.cmfchile.cl/normativa/ofc_258_2004.pdf
2004-01-01,257,"IMPARTE INSTRUCCIONES SOBRE OFERTAS DE RENTAS VITALICIAS EFECTUADAS EN EL SISTEMA DE CONSULTAS Y OFERTAS DE MONTOS DE PENSION DEL ART. 61 BIS DEL D.L. N° 3.500, DE 1980.",https://www.cmfchile.cl/normativa/ofc_257_2004.pdf
2004-01-01,171,ESTABLECE EXIGENCIAS MINIMAS DE SEGURIDAD Y CONDICIONES NECESARIAS PARA EL COMERCIO E INTERMEDIACION DE SEGUROS POR MEDIOS ELECTRONICOS,https://www.cmfchile.cl/normativa/ncg_171_2004.pdf
2004-01-01,1729,MODIFICA CIRCULAR N° 1679 DE 10 DE SEPTIEMBRE DE 2003,https://www.cmfchile.cl/normativa/cir_1729_2004.pdf
2004-01-01,170,MODIFICA NORMA DE CARACTER GENERAL N° 164 DE 21 DE JUNIO DE 2004,https://www.cmfchile.cl/normativa/ncg_170_2004.pdf
2004-01-01,256,INFORMA TASA DE VALORIZACION DE PASIVOS Y TASA PARA  VALORIZACION DE RECONOCIMIENTO (CIRCULAR N° 1512 DE ENERO DE 2001 Y N° 1360 DE ENERO DE 1998),https://www.cmfchile.cl/normativa/ofc_256_2004.pdf
2004-01-01,1728,"SOLICITA APORTES CUMPLIMIENTO DECRETO LEY N° 1.757 MODIFICADO POR LA LEY N° 19.798 DE 25 DE ABRIL DE 2002, CORRESPONDIENTE AL MES DE OCTUBRE 2004",https://www.cmfchile.cl/normativa/cir_1728_2004.pdf
2004-01-01,255,COMUNICA NUEVO VALOR UNIDAD DE SEGURO REAJUSTABLE,https://www.cmfchile.cl/normativa/ofc_255_2004.pdf
2004-01-01,254,MODIFICA OFICIO CIRCULAR N° 239 DE 01.07.2004,https://www.cmfchile.cl/normativa/ofc_254_2004.pdf
2004-01-01,253,"IMPARTE INSTRUCCIONES A LAS BOLSAS DE VALORES, RESPECTO A LA ADOPCION DE NORMAS Y SISTEMAS QUE ASEGUREN LA MEJOR EJECUCION DE ORDENES DE INVERSIONISTAS, Y AL CUMPLIMIENTO DE LAS RESOLUCIONES N° 556 DE 04.01.2000 Y N° 647, DE 16.04.2002, DE LA HONORABLE COMISION RESOLUTIVA",https://www.cmfchile.cl/normativa/ofc_253_2004.pdf
2004-01-01,169,MODIFICA CIRCULAR N° 1291 DE LA SUPERINTENDENCIA DE ADMINISTRADORAS DE FONDOS DE PENSIONES Y NORMA DE CARACTER GENERAL N° 162 DE LA SUPERINTENDENCIA DE VALORES Y SEGUROS QUE IMPARTEN INSTRUCCIONES SOBRE SISTEMA DE CONSULTAS Y OFERTAS DE MONTOS DE PENSION ESTABLECIDO POR EL ARTICULO 61 BIS DEL D.L. N° 3.500 DE 1980,https://www.cmfchile.cl/normativa/ncg_169_2004.pdf
2004-01-01,252,"ENVIO DE INFORMACION SOBRE RENTAS VITALICIAS PREVISIONALES EN MEDIO MAGNETICO, CIRCULAR 1508",https://www.cmfchile.cl/normativa/ofc_252_2004.pdf
2004-01-01,251,COMUNICA TASA INTERES DE ACTUALIZACION,https://www.cmfchile.cl/normativa/ofc_251_2004.pdf
2004-01-01,1727,"SOLICITA APORTES CUMPLIMIENTO DECRETO LEY N° 1.757, MODIFICADO POR LA LEY N° 19.798 DEL 25 DE ABRIL DE 2002, CORRESPONDIENTES AL MES DE SEPTIEMBRE DE 2004",https://www.cmfchile.cl/normativa/cir_1727_2004.pdf
2004-01-01,250,SOLICITA INFORMACION SOBRE SALDOS EN MONEDA EXTRANJERA,https://www.cmfchile.cl/normativa/ofc_250_2004.pdf
2004-01-01,249,COMUNICA NUEVO VALOR UNIDAD DE SEGURO REAJUSTABLE,https://www.cmfchile.cl/normativa/ofc_249_2004.pdf
2004-01-01,248,INFORMA TASA DE VALORIZACION DE PASIVOS Y TASA PARA VALORIZACION DEL BONO DE RECONOCIMIENTO (CIRCULAR N° 1512 DE ENERO DE 2001 Y N° 1360 DE ENERO DE 1998),https://www.cmfchile.cl/normativa/ofc_248_2004.pdf
2004-01-01,247,"NCG N° 162 SOBRE SISTEMA DE CONSULTAS Y OFERTAS DE MONTOS DE PENSION DEL ART. 61 BIS DEL D.L. N° 3.500, DE 1980. DATOS A CONSIGNAR EN SOLICITUD DE OFERTAS",https://www.cmfchile.cl/normativa/ofc_247_2004.pdf
2004-01-01,168,"MODIFICA NORMA DE CARACTER GENERAL N° 62 DE 1995, SOBRE PRODECIMIENTO GENERAL DE CLASIFICACION DE OBLIGACIONES DE COMPAÑIAS DE SEGUROS",https://www.cmfchile.cl/normativa/ncg_168_2004.pdf
2004-01-01,246,COMUNICA TASA INTERES DE ACTUALIZACION,https://www.cmfchile.cl/normativa/ofc_246_2004.pdf
2004-01-01,245,COMUNICA NUEVO VALOR UNIDAD DE SEGURO REAJUSTABLE,https://www.cmfchile.cl/normativa/ofc_245_2004.pdf
2004-01-01,1726,SOLICITA APORTES CUMPLIMIENTO DECRETO LEY N° 1.757 MODIFICADO POE LA LEY N° 19.798 DEL 25 DE ABRIL DE 2002 CORRESPONDIENTES AL MES DE AGOSTO DE 2004,https://www.cmfchile.cl/normativa/cir_1726_2004.pdf
2004-01-01,167,"MODIFICA CIRCULAR N° 1291 DE LA SUPERINTENDENCIA DE ADMINISTRADORAS DE FONDOS DE PENSIONES Y NORMA DE CARACTER GENERAL N° 162 DE LA SUPERINTENDENCIA DE VALORES Y SEGUROS, QUE IMPARTEN INSTRUCCIONES SOBRE SISTEMA DE CONSULTAS Y OFERTAS DE MONTOS DE PENSION ESTABLECIDO POR EL ARTICULO 61 BIS DEL D.L. N° 3.500, DE 1980",https://www.cmfchile.cl/normativa/ncg_167_2004.pdf
2004-01-01,1725,MODIFICA CIRCULAR N° 1.679 DE 10.09.2003,https://www.cmfchile.cl/normativa/cir_1725_2004.pdf
2004-01-01,244,INFORMA TASA DE VALORIZACION DE PASIVOS  Y TASA PARA VALORIZACION DEL BONO DE RECONOCIMIENTO (CIRCULAR N° 1512 DE ENERO DE 2001 Y N° 1360 DE ENERO DE 1998),https://www.cmfchile.cl/normativa/ofc_244_2004.pdf
2004-01-01,243,COMUNICA TASA INTERES DE ACTUALIZACION,https://www.cmfchile.cl/normativa/ofc_243_2004.pdf
2004-01-01,242,COMUNICA NUEVO VALOR UNIDAD DE SEGURO REAJUSTABLE,https://www.cmfchile.cl/normativa/ofc_242_2004.pdf
2004-01-01,1724,MODIFICA CIRCULAR N° 1.122 DE 24 DE MAYO DE 1993 Y CIRCULAR N° 1.439 DE 10 DE JUNIO DE 1999,https://www.cmfchile.cl/normativa/cir_1724_2004.pdf
2004-01-01,241,INFORMA TASA DE VALORIZACION DE PASIVOS Y TASA PARA VALORIZACION DEL BONO DE RECONOCIMIENTO (CIRCULAR N° 1512 DE ENERO DE 2001 Y N° 1360 DE ENERO DE 1998),https://www.cmfchile.cl/normativa/ofc_241_2004.pdf
2004-01-01,1723,"SOLICITA APORTES CUMPLIMIENTO DECRETO LEY N° 1.757, MODIFICADO POR LA LEY N° 19.798 DEL 25 DE ABRIL DE 2002, CORRESPONDIENTES AL MES DE JULIO DE 2004",https://www.cmfchile.cl/normativa/cir_1723_2004.pdf
2004-01-01,240,COMISIONES MAXIMAS  A SER PAGADAS POR LOS FONDOS DE PENSIONES A LOS FONDOS MUTUOS Y DE INVERSION,https://www.cmfchile.cl/normativa/ofc_240_2004.pdf
2004-01-01,239,MODIFICA OFICIO CIRCULAR N° 227 DE 19.03.2004,https://www.cmfchile.cl/normativa/ofc_239_2004.pdf
2004-01-01,1722,MODIFICA CIRCULAR N° 1457 DE 9 DE NOVIEMBRE DE 1999,https://www.cmfchile.cl/normativa/cir_1722_2004.pdf
2004-01-01,166,MODIFICA NORMA DE CARACTER GENERAL N° 80 DE 03 DE ABRIL DE 1998,https://www.cmfchile.cl/normativa/ncg_166_2004.pdf
2004-01-01,165,MODIFICA NORMA DE CARACTER GENERAL N° 91 DE 21 DE ENERO DE 2000,https://www.cmfchile.cl/normativa/ncg_165_2004.pdf
2004-01-01,164,ESTABLECE NORMAS PARA CORREDORES DE SEGUROS DE RENTAS VITALICIAS DEL D.L. N° 3.500 DE 1980.  DEROGA Y REEMPLAZA NORMA DE CARACTER N° 102 DE 28.12.2000,https://www.cmfchile.cl/normativa/ncg_164_2004.pdf
2004-01-01,163,IMPARTE NORMAS SOBRE CONTRATACION DE SEGUROS DE RENTAS VITALICIA DEL D.L. N° 3.500 DE 1980.  DEROGA NORMA  DE CARACTER GENERAL N° 153 DE 17.01.2003; CIRCULARES N° 746 DE 06.11.1987; N° 777 DE 02.02.1988; N° 1403 DE 18.08.1998; N° 1502 DE 06.10.2000; N° 1555 DE 23.08.2001 Y N° 1641 DE 03.01.2003; Y OFICIOS CIRCULARES N° 1344 DE 02.04.1996; N° 6488 DE 12.11.1999 Y N° 214 DE 07.01.2004,https://www.cmfchile.cl/normativa/ncg_163_2004.pdf
2004-01-01,238,COMUNICA TASA INTERES DE ACTUALIZACION,https://www.cmfchile.cl/normativa/ofc_238_2004.pdf
2004-01-01,1721,MODIFICA CIRCULAR N° 1669 DE 12 DE JUNIO DE 2003 QUE INSTRUYE EL ENVIO DE INFORMACION MENSUAL DE SEGURO AGRICOLA,https://www.cmfchile.cl/normativa/cir_1721_2004.pdf
2004-01-01,237,COMUNICA NUEVO VALOR UNIDAD DE SEGURO REAJUSTABLE,https://www.cmfchile.cl/normativa/ofc_237_2004.pdf
2004-01-01,1720,IMPARTE INSTRUCCIONES RELATIVAS AL ENVIO DE INFORMACION SOBRE INSTRUMENTOS DE TERCEROS MANTENIDOS EN CUSTODIA POR PARTE DE LOS INTERMEDIARIOS DE VALORES Y SOBRE LOS INSTRUMENTOS DE SU CARTERA PROPIA,https://www.cmfchile.cl/normativa/cir_1720_2004.pdf
2004-01-01,236,INFORMA TASA DE VALORIZACION DE PASIVOS Y TASA PARA VALORIZACION DEL BONO DE RECONOCIMIENTO (CIRCULAR N° 1512 DE ENERO DE 2001 Y N° 1360 DE ENERO DE 1998),https://www.cmfchile.cl/normativa/ofc_236_2004.pdf
2004-01-01,1719,SOLICITA APORTES CUMPLIMIENTO DECRETO LEY N° 1.757 MODIFICADO POR LA LEY N° 19.798 DEL 25 DE ABRIL DE 2002 CORRESPONDIENTES AL MES DE JUNIO DE 2004,https://www.cmfchile.cl/normativa/cir_1719_2004.pdf
2004-01-01,1718,IMPARTE INSTRUCCIONES EN VIRTUD DE LO ESTABLECIDO EN EL INCISO QUINTO DEL ARTICULO 18° TER DE LA LEY DE IMPUESTO A LA RENTA,https://www.cmfchile.cl/normativa/cir_1718_2004.pdf
2004-01-01,235,COMUNICA TASA INTERES DE ACTUALIZACION,https://www.cmfchile.cl/normativa/ofc_235_2004.pdf
2004-01-01,234,INFORMA TASA DE VALORIZACION DE PASIVOS Y TASA PARA VALORIZACION DEL BONO DE RECONOCIMIENTO (CIRCULAR N° 1512 DE ENERO DE DE 2001 Y N° 1360 DE ENERO DE 1998),https://www.cmfchile.cl/normativa/ofc_234_2004.pdf
2004-01-01,233,COMUNICA NUEVO VALOR UNIDAD DE SEGURO REAJUSTABLE,https://www.cmfchile.cl/normativa/ofc_233_2004.pdf
2004-01-01,1717,"SOLICITA APORTES CUMPLIMIENTO DECRETO LEY N° 1.757 MODIFICADO POR LA LEY N° 19.798 DEL 25 DE ABRIL DE 2002, CORRESPONDIENTES AL MES DE MAYO 2004",https://www.cmfchile.cl/normativa/cir_1717_2004.pdf
2004-01-01,232,COMUNICA TASA INTERES DE ACTUALIZACION,https://www.cmfchile.cl/normativa/ofc_232_2004.pdf
2004-01-01,1716,ENVIO DE INFORMACION DEL SEGURO OBLIGATORIO DE ACCIDENTES CAUSADOS POR VEHICULOS MOTORIZADOS AL SERVICIO DE REGISTRO CIVIL E IDENTIFICACION,https://www.cmfchile.cl/normativa/cir_1716_2004.pdf
2004-01-01,231,INFORMA LO QUE INDICA Y DEJA SIN EFECTO INSTRUCCIONES IMPARTIDAS POR OFICIO CIRCULAR N° 164 DE 20 DE MARZO DE 2003 Y OFICIO CIRCULAR N° 166 DE 21 DE MARZO DE 2003,https://www.cmfchile.cl/normativa/ofc_231_2004.pdf
2004-01-01,1715,MODIFICA CIRCULARES N° 1.578 Y 1.579 DE 2002,https://www.cmfchile.cl/normativa/cir_1715_2004.pdf
2004-01-01,1714,MODIFICA CIRCULAR 1.061 DE 1992,https://www.cmfchile.cl/normativa/cir_1714_2004.pdf
2004-01-01,1713,INSTRUYE EL ENVIO D EINFORMACION MENSUAL DE MUTUOS HIPOTECARIOS ENDOSABLES.   DEROGA CIRCULARES QUE INDICA.,https://www.cmfchile.cl/normativa/cir_1713_2004.pdf
2004-01-01,230,INFORMA TASA DE VALORIZACION DE PASIVOS Y TASA PARA VALORIZACION DEL BONO DE RECONOCIMIENTO (CIRCULAR N° 1512 DE 2001 Y N° 1360 DE ENERO DE 1998),https://www.cmfchile.cl/normativa/ofc_230_2004.pdf
2004-01-01,1712,"SOLICITA APORTES CUMPLIMIENTO DECRETO LEY N° 1.757, MODIFICADO POR LA LEY N° 19.798 DEL 25 DE ABRIL DE 2002, CORRESPONDIENTE AL MES DE ABRIL 2004",https://www.cmfchile.cl/normativa/cir_1712_2004.pdf
2004-01-01,229,COMUNICA NUEVO VALOR UNIDAD DE SEGUROS REAJUSTABLE,https://www.cmfchile.cl/normativa/ofc_229_2004.pdf
2004-01-01,228,COMUNICA TASA INTERES DE ACTUALIZACION,https://www.cmfchile.cl/normativa/ofc_228_2004.pdf
2004-01-01,162,"IMPARTE INSTRUCCIONES SOBRE SISTEMA DE CONSULTAS Y OFERTAS DE MONTOS DE PENSION ESTABLECIDO POR EL ARTICULO 61 BIS DEL D.L. 3.500,  DE 1980",https://www.cmfchile.cl/normativa/ncg_162_2004.pdf
2004-01-01,161,MODIFICA NORMA DE CARACTER GENERAL N° 71,https://www.cmfchile.cl/normativa/ncg_161_2004.pdf
2004-01-01,227,MODIFICA OFICIO CIRCULAR N° 213 DE 19.12.2003,https://www.cmfchile.cl/normativa/ofc_227_2004.pdf
2004-01-01,1711,DICTA NORMAS GENERALES PARA CONTABILIDAD EN MONEDA EXTRANJERA.  DEROGA CIRCULAR N° 331 DE 15 DE JULIO DE 1983,https://www.cmfchile.cl/normativa/cir_1711_2004.pdf
2004-01-01,1710,MODIFICA CIRCULAR N° 1.218 DE 1995 EN LOS TERMINOS QUE INDICA,https://www.cmfchile.cl/normativa/cir_1710_2004.pdf
2004-01-01,226,INFORMA TASA DE VALORIZACION DE PASIVOS Y TASA PARA VALORIZACION DEL BONO DE RECONOCIMIENTO (CIRCULAR N° 1512 DE ENERO DE 2001 Y N° 1360 DE ENERO DE 1998),https://www.cmfchile.cl/normativa/ofc_226_2004.pdf
2004-01-01,225,COMUNICA NUEVO VALOR UNIDAD DE SEGURO REAJUSTABLE,https://www.cmfchile.cl/normativa/ofc_225_2004.pdf
2004-01-01,1709,"SOLICITA APORTES CUMPLIMIENTO DECRETO LEY N° 1.757, MODIFICADO POR LA LEY N° 19.798 DEL 25 DE ABRIL DE 2002, CORRESPONDIENTES AL MES DE MARZO DE 2004",https://www.cmfchile.cl/normativa/cir_1709_2004.pdf
2004-01-01,224,COMUNICA TASA INTERES DE ACTUALIZACION,https://www.cmfchile.cl/normativa/ofc_224_2004.pdf
2004-01-01,223,"SOLICITA INFORMACION SOBRE LAS MEDIDAS DE RESGUARDO, CONTROL Y FIDELIDAD DEL REGISTRO DE ACCIONISTAS",https://www.cmfchile.cl/normativa/ofc_223_2004.pdf
2004-01-01,160,MODIFICA SECCION II DE LA NORMA DE CARACTER GENERAL N° 30 DEL 10 DE NOVIEMBRE DE 1989,https://www.cmfchile.cl/normativa/ncg_160_2004.pdf
2004-01-01,222,COMUNICA NUEVO VALOR UNIDAD DE SEGURO REAJUSTABLE,https://www.cmfchile.cl/normativa/ofc_222_2004.pdf
2004-01-01,221,INFORMA TASA DE VALORIZACION DE PASIVOS Y TASA PARA VALORIZACION DEL BONO DE RECONOCIMIENTO (CIRCULAR N° 1512 DE ENERO DE 2001 Y N° 1360 DE ENERO DE 1998),https://www.cmfchile.cl/normativa/ofc_221_2004.pdf
2004-01-01,220,SOLICITA INFORMES DE CONTROL INTERNO A INTERMEDIARIOS DE VALORES,https://www.cmfchile.cl/normativa/ofc_220_2004.pdf
2004-01-01,1708,ESTABLECE REQUISITOS PARA LOS INSTRUMENTOS ENDOSABLES A QUE SE REFIERE EL ARTICULO 45 DE LA LEY N° 19.281,https://www.cmfchile.cl/normativa/cir_1708_2004.pdf
2004-01-01,1707,"SOLICITA APORTES CUMPLIMIENTO DECRETO LEY N° 1.757, MODIFICADO POR LA LEY N° 19.798 DEL 25 DE ABRIL DE 2002, CORRESPONDIENTE AL MES DE FEBRERO 2004",https://www.cmfchile.cl/normativa/cir_1707_2004.pdf
2004-01-01,219,REITERA PROCEDIMIENTO PARA EL ENVIO DE ANTECEDENTES CON CARACTER DE RESERVADO,https://www.cmfchile.cl/normativa/ofc_219_2004.pdf
2004-01-01,218,COMUNICA TASA INTERES DE ACTUALIZACION,https://www.cmfchile.cl/normativa/ofc_218_2004.pdf
2004-01-01,217,TRASPASO DE SALDOS DE AHORRO PREVISIONAL VOLUNTARIO A ADMINISTRADORAS DE FONDOS DE PENSIONES Y A OTRAS INSTITUCIONES AUTORIZADAS,https://www.cmfchile.cl/normativa/ofc_217_2004.pdf
2004-01-01,1706,ENVIO DE NOMINA DE INSTRUMENTOS SUSCEPTIBLES DE CUSTODIA,https://www.cmfchile.cl/normativa/cir_1706_2004.pdf
2004-01-01,159,"MODIFICA NORMA DE CARACTER GENERAL N° 152, DE 26 DICIEMBRE DE 2002.  DEROGA OFICIO CIRCULAR N° 106, DE 14 DE JUNIO DE 2002",https://www.cmfchile.cl/normativa/ncg_159_2004.pdf
2004-01-01,1705,MODIFICA CIRCULAR N° 1607 DE FECHA 20.06.2002 SOBRE LA FORMA Y CONTENIDO DEL INVENTARIO DE INVERSIONES,https://www.cmfchile.cl/normativa/cir_1705_2004.pdf
2004-01-01,1704,"IMPARTE INSTRUCCIONES RELATIVAS A LA APLICACION Y RENDICION DE CUENTAS DE LOS RECURSOS DEL PRESUPUESTO FISCAL PROVENIENTES DEL ITEM 33-85-012 ""INVERSIONES DE CUERPOS DE BOMBEROS""",https://www.cmfchile.cl/normativa/cir_1704_2004.pdf
2004-01-01,1703,"IMPARTE INSTRUCCIONES RELATIVAS A LA PRESENTACION DE ANTECEDENTES DESTINADOS A OBTENER RECURSOS Y LA CORRESPONDIENTE RENDICION DE LOS FONDOS DEL PRESUPUESTO FISCAL PROVENIENTES DE LOS ITEMS 121-25-31-171 ""AYUDAS EXTRAORDINARIAS, REPARACIONES Y MANTENCIONES DE CUERPOS DE BOMBEROS"" Y 121-33-85-013 ""AYUDAS EXTRAORDINARIAS, ADQUISICIONES Y CONSTRUCCIONES MENORES DE CUARTELES DE BOMBEROS""",https://www.cmfchile.cl/normativa/cir_1703_2004.pdf
2004-01-01,1702,"IMPARTE INSTRUCCIONES RELATIVAS A LA APLICACION Y RENDICION DE CUENTAS DE LOS RECURSOS DEL PRESUPUESTO FISCAL PROVENIENTES DEL ITEM 25-31-170 ""GASTOS DE OPERACION DE CUERPOS DE BOMBEROS""",https://www.cmfchile.cl/normativa/cir_1702_2004.pdf
2004-01-01,216,INFORMA TASA DE VALORIZACION DE PASIVOS Y TASA PARA VALORIZACION DEL BONO  DE RECONOCIMIENTO (CIRCULAR N° 1512 DE ENERO DE 2001 Y N° 1360 DE ENERO DE 1998),https://www.cmfchile.cl/normativa/ofc_216_2004.pdf
2004-01-01,215,COMUNICA NUEVO VALOR UNIDAD DE SEGURO REAJUSTABLE,https://www.cmfchile.cl/normativa/ofc_215_2004.pdf
2004-01-01,214,CIRCULAR N° 1.403. ACTUACION DE AGENTES DE VENTAS DE RENTAS VITALICIAS,https://www.cmfchile.cl/normativa/ofc_214_2004.pdf
2004-01-01,1701,"SOLICITA APORTES CUMPLIMIENTO DECRETO LEY N° 1.757, MODIFICADO POR LA LEY N° 19.798 DEL 25 DE ABRIL DE 2002, CORRESPONDIENTES AL MES DE ENERO DE 2004",https://www.cmfchile.cl/normativa/cir_1701_2004.pdf
2003-01-01,1700,REGULACION DE LA OPORTUNIDAD DEL PROCESO DE LIBERACION DE LAS RESERVAS MATEMATICAS,https://www.cmfchile.cl/normativa/cir_1700_2003.pdf
2003-01-01,1699,MODIFICA CIRCULAR N° 1501 DE 4 DE OCTUBRE DE 2000,https://www.cmfchile.cl/normativa/cir_1699_2003.pdf
2003-01-01,1698,DETERMINACION DEL VALOR JUSTO DE LOS ACTIVOS Y PASIVOS DE LA SOCIEDAD EN QUE SE INVIERTE E INFORMACION RELACIONADA,https://www.cmfchile.cl/normativa/cir_1698_2003.pdf
2003-01-01,158,MODIFICA SECCIONES I Y II DE LA NORMA DE CARACTER GENERAL N° 30 DEL 10 DE NOVIEMBRE DE 1989,https://www.cmfchile.cl/normativa/ncg_158_2003.pdf
2003-01-01,1697,DICTA NORMAS SOBRE VALORIZACION DE INVERSIONES EN VALORES DE OFERTA PUBLICA OTROS VALORES MOBILIARIOS Y DERECHOS EN SOCIEDADES DEROGA CIRCULARES N° 368 DE 1983 N° 1179 DE 1994 Y N° 1358 DE 1997,https://www.cmfchile.cl/normativa/cir_1697_2003.pdf
2003-01-01,1696,INFORMES FINANCIEROS PARA LA INVERSION DE LOS FONDOS DE PENSIONES EN VALORES DE OFERTA PUBLICA DE SOCIEDADES ANONIMAS. DEROGA CIRCULAR N° 1632 DE 28 DE NOVIEMBRE DE 2002,https://www.cmfchile.cl/normativa/cir_1696_2003.pdf
2003-01-01,1695,MODIFICA CIRCULAR N° 1222 DE 31 DE MAYO DE 1995,https://www.cmfchile.cl/normativa/cir_1695_2003.pdf
2003-01-01,1694,"IMPARTE INSTRUCCIONES SOBRE CONTABILIZACION DE CREDITOS REPROGRAMADOS SEGUN LEY N° 19.848 DE 2002, MODIFICADA POR LA LEY N° 19.899 DE 2003 Y SUS RESPECTIVAS PROVISIONES",https://www.cmfchile.cl/normativa/cir_1694_2003.pdf
2003-01-01,1693,IMPARTE INSTRUCCIONES SOBRE PRESENTACION DE INFORMACION DE INVERSIONES DE FONDOS MUTUOS,https://www.cmfchile.cl/normativa/cir_1693_2003.pdf
2003-01-01,1692,IMPARTE INSTRUCCIONES SOBRE PRESENTACION DE INFORMACION DE COMPRAS Y VENTAS EFECTUADAS POR LOS FONDOS MUTUOS,https://www.cmfchile.cl/normativa/cir_1692_2003.pdf
2003-01-01,213,MODIFICA OFICIO CIRCULAR N° 197 DE 17.09.2003,https://www.cmfchile.cl/normativa/ofc_213_2003.pdf
2003-01-01,212,COMUNICA TASA  INTERES DE ACTUALIZACION,https://www.cmfchile.cl/normativa/ofc_212_2003.pdf
2003-01-01,1691,IMPARTE INSTRUCCIONES SOBRE POLIZAS DE SEGUROS COMO PLANES DE AHORRO PREVISIONAL VOLUNTARIO. DEROGA N° 1 DE CIRCULAR N° 1567 DE 7 DE NOVIEMBRE DE 2001 Y CIRCULAR N° 1590 DE 6 DE FEBRERO DE 2002,https://www.cmfchile.cl/normativa/cir_1691_2003.pdf
2003-01-01,211,SOLICITA INFORMACION SOBRE CUSTODIA DE LOS TITULOS DE INVERSIONES.,https://www.cmfchile.cl/normativa/ofc_211_2003.pdf
2003-01-01,210,COMUNICA NUEVO VALOR UNIDAD DE SEGURO REAJUSTABLE,https://www.cmfchile.cl/normativa/ofc_210_2003.pdf
2003-01-01,209,INFORMA TASA DE VALORIZACION DE PASIVOS Y TASA PARA VALORIZACION DE BONO DE RECONOCIMIENTO (CIRCULAR N° 1512 DE ENERO DE 2001 Y N° 1360 DE ENERO DE 1998),https://www.cmfchile.cl/normativa/ofc_209_2003.pdf
2003-01-01,1690,"SOLICITA APORTES CUMPLIMIENTO DECRETO LEY N° 1.757, MODIFICACO POR LA LEY N° 19.798 DEL 25 DE ABRIL DE 2002",https://www.cmfchile.cl/normativa/cir_1690_2003.pdf
2003-01-01,1689,MODIFICA CIRCULAR 1459 SOBRE CERTIFICADO SEGURO OBLIGATORIO LEY N° 18.490,https://www.cmfchile.cl/normativa/cir_1689_2003.pdf
2003-01-01,1688,INSTRUYE SOBRE LA MANTENCION Y EL ENVIO DE INFORMACION DE LOS ACCIONISTAS DE SOCIEDADES QUE SEÑALA,https://www.cmfchile.cl/normativa/cir_1688_2003.pdf
2003-01-01,1687,MODIFICA CIRCULAR N° 1674 QUE INSTRUYE EL ENVIO DE INFORMACION MENSUAL DE MUTUOS HIPOTECARIOS ENDOSABLES,https://www.cmfchile.cl/normativa/cir_1687_2003.pdf
2003-01-01,208,COMUNICA TASA INTERES DE ACTUALIZACION,https://www.cmfchile.cl/normativa/ofc_208_2003.pdf
2003-01-01,207,COMUNICA NUEVO VALOR UNIDAD DE SEGURO REAJUSTABLE,https://www.cmfchile.cl/normativa/ofc_207_2003.pdf
2003-01-01,206,INFORMA TASA DE VALORIZACION DE PASIVOS Y TASA PARA VALORIZACION DEL BONO DE RECONOCIMIENTO (CIRCULAR N° 1512 DE ENERO DE 2001 Y N° 1360 DE ENERO DE 1998),https://www.cmfchile.cl/normativa/ofc_206_2003.pdf
2003-01-01,1686,"SOLICITA APORTES CUMPLIMIENTO DECRETO LEY N° 1.757, MODIFICADO POR LA LEY N° 19.798 DEL 25 DE ABRIL DE 2002, CORRESPONDIENTES AL MES DE NOVIEMBRE DE 2003",https://www.cmfchile.cl/normativa/cir_1686_2003.pdf
2003-01-01,205,"IMPLEMENTACION DE MANUAL DE PROCEDIMIENTOS, RELATIVO A NORMAS Y PAUTAS PARA PREVENIR, DETECTAR Y EVITAR LA FACILITACION Y REALIZACION DE OPERACIONES DE LAVADO DE DINERO",https://www.cmfchile.cl/normativa/ofc_205_2003.pdf
2003-01-01,1685,IMPARTE INSTRUCCIONES RELATIVAS A INFORMACION DEL SISTEMA DE EVALUACION DEL RIESGO DE MERCADO DE LA CARTERA DE INVERSIONES DE LAS ENTIDADES ASEGURADORAS Y REASEGURADORAS.   DEROGA CIRCULAR N° 1658 DE 27 DE MARZO DE 2003,https://www.cmfchile.cl/normativa/cir_1685_2003.pdf
2003-01-01,204,COMUNICA TASA INTERES DE ACTUALIZACION,https://www.cmfchile.cl/normativa/ofc_204_2003.pdf
2003-01-01,203,"USO DE LA SIGLA ""AGF"" POR PARTE DE LAS SOCIEDADES ADMINISTRADORAS GENERALES DE FONDOS",https://www.cmfchile.cl/normativa/ofc_203_2003.pdf
2003-01-01,1684,SOLICITA INFORMACION TRIMESTRAL DE FONDOS DE INVERSION,https://www.cmfchile.cl/normativa/cir_1684_2003.pdf
2003-01-01,1683,DISTRIBUCION DE LAS SUBVENCIONES FISCALES PARA EL CUARTO TRIMESTRE DE 2003 CONTENIDOS EN EL PRESUPUESTO DE LA NACION  PARA EL AÑO 2003 QUE ESTAN DESTINADAS A LOS CUERPOS DE BOMBEROS DE CHILE,https://www.cmfchile.cl/normativa/cir_1683_2003.pdf
2003-01-01,202,INFORMA TASA DE VALORIZACION DE PASIVOS Y TASA PARA VALORIZACION DEL BONO DE RECONOCIMIENTO (CIRCULAR N° 1512 DE ENERO DE 2001 Y N° 1360 DE ENERO DE 1998),https://www.cmfchile.cl/normativa/ofc_202_2003.pdf
2003-01-01,201,COMUNICA NUEVO VALOR UNIDAD DE SEGURO REAJUSTABLE,https://www.cmfchile.cl/normativa/ofc_201_2003.pdf
2003-01-01,200,SOLICITA INFORMACION SOBRE POLIZAS CON CLAUSULAS QUE INDICA,https://www.cmfchile.cl/normativa/ofc_200_2003.pdf
2003-01-01,1682,SOLICITA APORTES CUMPLIMIENTO DECRETO LEY N° 1.757 MODIFICADO POR LA LEY N° 19.798 DEL 25 DE ABRIL DE 2002 CORRESPONDIENTES AL MES DE OCTUBRE DE 2003,https://www.cmfchile.cl/normativa/cir_1682_2003.pdf
2003-01-01,199,COMISIONES MAXIMAS A SER PAGADAS POR LOS FONDOS DE PENSIONES A LOS FONDOS MUTUOS Y DE INVERSION,https://www.cmfchile.cl/normativa/ofc_199_2003.pdf
2003-01-01,1681,IMPARTE INSTRUCCIONES SOBRE CONSTITUCION DE RESERVA TECNICA DE PRIMA NO GANADA EN SEGUROS A PRIMA UNICA ACCESORIOS A CREDITOS,https://www.cmfchile.cl/normativa/cir_1681_2003.pdf
2003-01-01,1680,IMPARTE INSTRUCCIONES SOBRE PREVENCION Y CONTROL DE OPERACIONES CON RECURSOS ILICITOS,https://www.cmfchile.cl/normativa/cir_1680_2003.pdf
2003-01-01,157,"DICTA INSTRUCCIONES RESPECTO A LA FORMA DE DETERMINAR EL PATRIMONIO MINIMO QUE DEBEN MANTENER LAS ADMINISTRADORAS: GENERALES DE FONDOS, DE FONDOS MUTUOS Y DE FONDOS DE INVERSION Y SU FORMA DE ACREDITACION",https://www.cmfchile.cl/normativa/ncg_157_2003.pdf
2003-01-01,198,SOLICITA INFORME DE LOS AUDITORES EXTERNOS REFERIDO EN LA CIRCULAR N° 980 DE 1990 ESTO ES EL RELATIVO AL SISTEMA DE CONTROL INTERNO MANTENIDO POR LAS SOCIEDADES,https://www.cmfchile.cl/normativa/ofc_198_2003.pdf
2003-01-01,197,MODIFICA OFICIO CIRCULAR N° 181 DE  25.06.2003,https://www.cmfchile.cl/normativa/ofc_197_2003.pdf
2003-01-01,196,COMUNICA TASA INTERES DE ACTUALIZACION,https://www.cmfchile.cl/normativa/ofc_196_2003.pdf
2003-01-01,1679,"ESTABLECE NORMAS SOBRE FORMA DE ACREDITAR CONOCIMIENTOS SOBRE EL COMERCIO DE SEGUROS Y DE LA POSTULACION AL REGISTRO DE AUXILIARES DEL COMERCIO DE SEGUROS, COMO CORREDOR DE SEGURO GENERALES Y DE VIDA O LIQUIDADOR DE SINIESTROS.  DEROGA CIRCULAR N° 1537, DE 27 DE MARZO DE 2001",https://www.cmfchile.cl/normativa/cir_1679_2003.pdf
2003-01-01,1678,MODIFICA CIRCULAR N° 1441 DE 01 DE JULIO DE 1999,https://www.cmfchile.cl/normativa/cir_1678_2003.pdf
2003-01-01,1677,REGISTRO DE FIRMAS DE REPRESENTANTES LEGALES DE COMPAÑIAS DE SEGUROS Y REASEGUROS,https://www.cmfchile.cl/normativa/cir_1677_2003.pdf
2003-01-01,156,"AUTORIZA COMO ACTIVIDAD AFIN O COMPLEMENTARIA DE LAS ENTIDADES ASEGURADORAS DEL SEGUNDO GRUPO, LA ACTUACION COMO AGENTE COLOCADOR DE CUOTAS DE FONDOS MUTUOS",https://www.cmfchile.cl/normativa/ncg_156_2003.pdf
2003-01-01,195,INFORMA TASA DE VALORIZACION DE PASIVOS Y TASA PARA VALORIZACION DEL BONO DE RECONOCIMIENTO (CIRCULAR N° 1512 DE ENERO DE 2001 Y N° 1360 DE ENERO DE 1998),https://www.cmfchile.cl/normativa/ofc_195_2003.pdf
2003-01-01,194,COMUNICA NUEVO VALOR UNIDAD DE SEGURO REAJUSTABLE,https://www.cmfchile.cl/normativa/ofc_194_2003.pdf
2003-01-01,1676,"SOLICITA APORTES CUMPLIMIENTO DECRETO LEY N° 1.757, MODIFICADO POR LA LEY N° 19.798 DEL 25 DE ABRIL DE 2002, CORRESPONDIENTE AL MES DE SEPTIEMBRE 2003",https://www.cmfchile.cl/normativa/cir_1676_2003.pdf
2003-01-01,193,COMUNICA TASA INTERES DE ACTUALIZACION,https://www.cmfchile.cl/normativa/ofc_193_2003.pdf
2003-01-01,192,INFORMA TASA DE VALORIZACION DE PASIVOS Y TASA PARA VALORIZACION DEL BONO DE RECONOCIMIENTO (CIRCULAR N° 1512 DE ENERO DE 2001 Y N° 1360 DE ENERO DE 1998),https://www.cmfchile.cl/normativa/ofc_192_2003.pdf
2003-01-01,191,COMUNICA NUEVO VALOR UNIDAD DE SEGURO REAJUSTABLE,https://www.cmfchile.cl/normativa/ofc_191_2003.pdf
2003-01-01,1675,"SOLICITA APORTES CUMPLIMIENTO DECRETO LEY N° 1.757, MODIFICADO POR LA LEY N° 19.798 DEL 25 DE ABRIL DE 2002, CORRESPONDIENTE AL MES DE AGOSTO 2003",https://www.cmfchile.cl/normativa/cir_1675_2003.pdf
2003-01-01,190,COMISIONES MAXIMAS A SER PAGADAS A LOS FONDOS MUTUOS Y DE INVERSION CON CARGO A LOS FONDOS DE PENSIONES,https://www.cmfchile.cl/normativa/ofc_190_2003.pdf
2003-01-01,1674,"INSTRUYE ENVIO DE INFORMACION MENSUAL DE MUTUOS HIPOTECARIOS ENDOSABLES.   DEROGA CIRCULAR N° 1.451, DE 19 DE OCTUBRE DE 1999",https://www.cmfchile.cl/normativa/cir_1674_2003.pdf
2003-01-01,189,COMUNICA TASA INTERES DE ACTUALIZACION,https://www.cmfchile.cl/normativa/ofc_189_2003.pdf
2003-01-01,188,INFORME SOBRE SUCURSALES MEDIANTE SEIL,https://www.cmfchile.cl/normativa/ofc_188_2003.pdf
2003-01-01,1673,DISTRIBUCION DE LAS SUBVENCIONES FISCALES PARA EL TERCER TRIMESTRE DE 2003 CONTENIDOS EN EL PRESUPUESTO DE LA NACION PARA EL AÑO 2003 QUE ESTAN DESTINADAS A LOS CUERPOS DE BOMBEROS DE CHILE,https://www.cmfchile.cl/normativa/cir_1673_2003.pdf
2003-01-01,187,SOLICITA INFORME DE AUDITORES EXTERNOS REFERIDO EN LA CIRCULAR N° 1.202 DE 1995,https://www.cmfchile.cl/normativa/ofc_187_2003.pdf
2003-01-01,186,COMUNICA NUEVO VALOR UNIDAD DE SEGURO REAJUSTABLE,https://www.cmfchile.cl/normativa/ofc_186_2003.pdf
2003-01-01,1672,"SOLICITA APORTES CUMPLIMIENTO DECRETO LEY N° 1.757, MODIFICADO POR LA LEY N° 19.798 DEL 25 DE ABRIL DE 2002, CORRESPONDIENTE AL MES DE JULIO 2003",https://www.cmfchile.cl/normativa/cir_1672_2003.pdf
2003-01-01,185,INFORMA TASA DE VALORIZACION DE PASIVOS Y TASA PARA VALORIZACION DEL BONO DE RECONOCIMIENTO (CIRCULAR N° 1512 DE ENERO DE 2001 Y N° 1360 DE ENERO DE 1998),https://www.cmfchile.cl/normativa/ofc_185_2003.pdf
2003-01-01,184,COMUNICA TASA  INTERES DE ACTUALIZACION,https://www.cmfchile.cl/normativa/ofc_184_2003.pdf
2003-01-01,183,SOLICITA INFORMACION RESPECTO A LA CUSTODIA DE ACTIVOS DE LOS FONDOS FISCALIZADOS POR ESTA SUPERINTENDENCIA,https://www.cmfchile.cl/normativa/ofc_183_2003.pdf
2003-01-01,182,SOLICITA INFORMACION REFERIDA A RECUPERACIONES EFECTIVAS ANUALES POR CREDITOS OTORGADOS,https://www.cmfchile.cl/normativa/ofc_182_2003.pdf
2003-01-01,181,MODIFICA OFICIO CIRCULAR N° 162 DE 19 DE MARZO DE 2003,https://www.cmfchile.cl/normativa/ofc_181_2003.pdf
2003-01-01,1671,INSTRUYE EL ENVIO DE INFORMACION RELATIVA A PRESTAMOS A PERSONAS NATURALES,https://www.cmfchile.cl/normativa/cir_1671_2003.pdf
2003-01-01,1670,MODIFICA CIRCULAR N° 1633 DE 2002,https://www.cmfchile.cl/normativa/cir_1670_2003.pdf
2003-01-01,1669,"INSTRUYE EL ENVIO DE INFORMACION RELATIVA AL SEGURO AGRICOLA, DEROGA CIRCULAR N° 1550, DE 20 DE JULIO DE 2001",https://www.cmfchile.cl/normativa/cir_1669_2003.pdf
2003-01-01,180,INFORMACION RELATIVA A PRESTAMOS OTORGADOS A PERSONAS NATURALES,https://www.cmfchile.cl/normativa/ofc_180_2003.pdf
2003-01-01,179,INFORMA TASA DE VALORIZACION DE PASIVOS Y TASA PARA VALORIZACION DEL BONO DE RECONOCIMIENTO (CIRCULAR N° 1512 DE ENERO DE 2001 Y N° 1360 DE ENERO DE 1998),https://www.cmfchile.cl/normativa/ofc_179_2003.pdf
2003-01-01,178,COMUNICA NUEVO VALOR UNIDAD DE SEGUROS REAJUSTABLE,https://www.cmfchile.cl/normativa/ofc_178_2003.pdf
2003-01-01,1668,SOLICITA APORTES CUMPLIMIENTO DECRETO LEY N° 1.757 MODIFICADO POR LA LEY N° 18.798 DEL 25 DE ABRIL DE 2003 CORRESPONDIENTE AL MES DE JUNIO 2003,https://www.cmfchile.cl/normativa/cir_1668_2003.pdf
2003-01-01,1667,ESTABLECE INSTRUCCIONES ACERCA DE INFORMAR SOBRE EL COMITE DE DIRECTORES Y SU ACTUALIZACION CONTINUA,https://www.cmfchile.cl/normativa/cir_1667_2003.pdf
2003-01-01,177,COMUNICA TASA INTERES DE ACTUALIZACION,https://www.cmfchile.cl/normativa/ofc_177_2003.pdf
2003-01-01,176,COMUNICA NUEVO VALOR UNIDAD DE SEGURO REAJUSTABLE,https://www.cmfchile.cl/normativa/ofc_176_2003.pdf
2003-01-01,175,INFORMA TASA DE VALORIZACION DE PASIVOS Y TASA PARA VALORIZACION DEL BONO DE RECONOCIMIENTO (CIRCULAR N° 1512 DE ENERO DE 2001 Y N° 1360 DE ENERO DE 1998),https://www.cmfchile.cl/normativa/ofc_175_2003.pdf
2003-01-01,1666,SOLICITA APORTES CUMPLIMIENTO DECRETO LEY N° 1.757 MODIFICADO POR LA LEY N° 19.798 DEL 25 DE ABRIL DE 2002 CORRESPONDIENTES AL MES DE MAYO DE 2003,https://www.cmfchile.cl/normativa/cir_1666_2003.pdf
2003-01-01,1665,SOLICITA INFORMACION TRIMESTRAL DE FONDOS DE INVERSION,https://www.cmfchile.cl/normativa/cir_1665_2003.pdf
2003-01-01,174,COMPLEMENTA OFICIO CIRCULAR N° 161,https://www.cmfchile.cl/normativa/ofc_174_2003.pdf
2003-01-01,173,COMPLEMENTA OFICIO CIRCULAR N° 161,https://www.cmfchile.cl/normativa/ofc_173_2003.pdf
2003-01-01,172,COMUNICA TASA INTERES DE ACTUALIZACION,https://www.cmfchile.cl/normativa/ofc_172_2003.pdf
2003-01-01,1664,NOMINA DE ENTIDADES QUE CONFORMAN DIVERSOS GRUPOS EMPRESARIALES SEGUN LO ESTABLECIDO EN EL TITULO XV DE LA LEY DE MERCADO DE VALORES. DEROGA CIRCULARES N° 1030 DE 1991 Y 1.643 DE 2003.,https://www.cmfchile.cl/normativa/cir_1664_2003.pdf
2003-01-01,1663,"MODIFICA CIRCULAR N° 1658 DE MARZO DE 2003, SOBRE INFORMACION DEL SISTEMA DE EVALUACION DEL RIESGO DE MERCADO DE LA CARTERA DE INVERSIONES DE LAS ENTIDADES ASEGURADORAS Y REASEGURADORAS",https://www.cmfchile.cl/normativa/cir_1663_2003.pdf
2003-01-01,171,INFORMA TASA DE VALORIZACION DE PASIVOS Y TASA PARA VALORIZACION DEL BONO DE RECONOCIMIENTO (CIRCULAR N° 1512 DE ENERO DE 2001 Y N° 1360 DE ENERO DE 1998),https://www.cmfchile.cl/normativa/ofc_171_2003.pdf
2003-01-01,170,COMUNICA NUEVO VALOR UNIDAD DE SEGURO REAJUSTABLE,https://www.cmfchile.cl/normativa/ofc_170_2003.pdf
2003-01-01,1662,"MODIFICA CIRCULAR N° 1.628 DE 2002, REGULANDO PRESENTACION A TRAVES DE INTERNET DE INFORMACION ESTADISTICA DE PLANES DE AHORRO PREVISIONAL VOLUNTARIO QUE OFRECEN INSTITUCIONES QUE SEÑALA",https://www.cmfchile.cl/normativa/cir_1662_2003.pdf
2003-01-01,169,IMPARTE INSTRUCCIONES RELATIVAS A LA APLICACION DE GASTOS EN POLIZAS AUTORIZADAS COMO PLANES DE AHORRO PREVISIONAL VOLUNTARIO,https://www.cmfchile.cl/normativa/ofc_169_2003.pdf
2003-01-01,1661,"DISTRIBUCION DE LAS SUBVENCIONES FISCALES PARA EL SEGUNDO TRIMESTRE DE 2003, CONTENIDOS EN EL PRESUPUESTO DE LA NACION PARA EL AÑO 2003, QUE ESTAN DESTINADAS A LOS CUERPOS DE BOMBEROS DE CHILE",https://www.cmfchile.cl/normativa/cir_1661_2003.pdf
2003-01-01,1660,"SOLICITA APORTES CUMPLIMIENTO DECRETO LEY N° 1.757, MODIFICADO POR LA LEY N° 19.798 DEL 25 DE ABRIL DE 2002, CORRESPONDIENTES AL MES DE ABRIL DE 2003",https://www.cmfchile.cl/normativa/cir_1660_2003.pdf
2003-01-01,1659,"MODIFICA CIRCULAR N° 1.481 DE 2000, COMPLEMENTANDO PRESENTACION A TRAVES DEL MODULO SEIL DE LISTA DE ACCIONISTAS",https://www.cmfchile.cl/normativa/cir_1659_2003.pdf
2003-01-01,1658,IMPARTE INSTRUCCIONES RELATIVAS A INFORMACION DEL SISTEMA DE EVALUACION DEL RIESGO DE MERCADO DE LA CARTERA DE INVERSIONES DE LAS ENTIDADES ASEGURADORAS Y REASEGURADORAS,https://www.cmfchile.cl/normativa/cir_1658_2003.pdf
2003-01-01,155,"MODIFICA NORMA DE CARACTER GENERAL  N° 148 DE 2002, SOBRE SISTEMA DE EVALUACION DEL RIESGO DE MERCADO DE LA CARTERA DE INVERSIONES DE LAS ENTIDADES ASEGURADORAS Y REASEGURADORAS VAR.",https://www.cmfchile.cl/normativa/ncg_155_2003.pdf
2003-01-01,168,COMPLEMENTA OFICIO CIRCULAR N° 161,https://www.cmfchile.cl/normativa/ofc_168_2003.pdf
2003-01-01,1657,"MODIFICA CIRCULAR N° 1.360 DE 5 DE ENERO DE 1998, SOBRE VALORIZACION DE INVERSIONES",https://www.cmfchile.cl/normativa/cir_1657_2003.pdf
2003-01-01,167,COMPLEMENTA OFICIO CIRCULAR N° 161,https://www.cmfchile.cl/normativa/ofc_167_2003.pdf
2003-01-01,166,COMPLEMENTA OFICIO CIRCULAR N° 164 E IMPARTE INSTRUCCIONES QUE INDICA,https://www.cmfchile.cl/normativa/ofc_166_2003.pdf
2003-01-01,165,COMUNICA TASE INTERES DE ACTUALIZACION,https://www.cmfchile.cl/normativa/ofc_165_2003.pdf
2003-01-01,164,IMPARTE INSTRUCCIONES QUE INDICA,https://www.cmfchile.cl/normativa/ofc_164_2003.pdf
2003-01-01,163,"COMPLEMENTA OFICIO CIRCULAR N° 161 E IMPARTE INSTRUCCIONES RELATIVAS A OFICIOS CIRCULARES N° 155, 159 Y 160, TODOS DE MARZO DE 2003",https://www.cmfchile.cl/normativa/ofc_163_2003.pdf
2003-01-01,162,MODIFICA OFICIO CIRCULAR N° 141 DE 30.12.2002,https://www.cmfchile.cl/normativa/ofc_162_2003.pdf
2003-01-01,161,"IMPARTE INSTRUCCIONES RELATIVAS A OFICIOS CIRCULARES N° 155, 159 Y 160, TODOS DE MARZO DE 2003",https://www.cmfchile.cl/normativa/ofc_161_2003.pdf
2003-01-01,160,IMPARTE INSTRUCCIONES RELATIVAS A OFICIO CIRCULAR N° 155 Y OFICIO CIRCULAR N° 159,https://www.cmfchile.cl/normativa/ofc_160_2003.pdf
2003-01-01,159,COMPLEMENTA OFICIOS CIRCULARES N° 156 Y 157,https://www.cmfchile.cl/normativa/ofc_159_2003.pdf
2003-01-01,158,INFORMA TASA DE VALORIZACION DE PASIVOS Y TASA PARA VALORIZACION DEL BONO DE RECONOCIMIENTO (CIRCULARA N° 1512 DE ENERO DE 2001 Y N° 1360 DE ENERO DE 1998),https://www.cmfchile.cl/normativa/ofc_158_2003.pdf
2003-01-01,157,"REMITE ANTECEDENTES, IMPARTE INSTRUCCIONES Y SOLICITA INFORMACION EN RELACION A LA SITUACION QUE AFECTA A LA CORPORACION DE FOMENTO DE LA PRODUCCION",https://www.cmfchile.cl/normativa/ofc_157_2003.pdf
2003-01-01,156,IMPARTE INSTRUCCIONES Y SOLICITA INFORMACION EN RELACION A LA SITUACION QUE AFECTA A LA CORPORACION DE FOMENTO DE LA PRODUCCION,https://www.cmfchile.cl/normativa/ofc_156_2003.pdf
2003-01-01,155,IMPARTE INSTRUCCION QUE INDICA,https://www.cmfchile.cl/normativa/ofc_155_2003.pdf
2003-01-01,154,COMUNICA TASA INTERES DE ACTUALIZACION.,https://www.cmfchile.cl/normativa/ofc_154_2003.pdf
2003-01-01,153,COMUNICA NUEVO VALOR UNIDAD DE SEGURO REAJUSTABLE.,https://www.cmfchile.cl/normativa/ofc_153_2003.pdf
2003-01-01,1656,"SOLICITA APORTES CUMPLIMIENTO DECRETO LEY  N° 1.757, MODIFICADO POR LA LEY N° 19.798 DEL 25 DE ABRIL DE 2002, CORRESPONDIENTES AL MES DE MARZO 2003.",https://www.cmfchile.cl/normativa/cir_1656_2003.pdf
2003-01-01,1655,"MODIFICA CIRCULAR N°  1652, DE 11 DE FEBRERO DE 2003.",https://www.cmfchile.cl/normativa/cir_1655_2003.pdf
2003-01-01,1654,"MODIFICA CIRCULAR N° 673 DE 1986, SOBRE PUBLICACION DE ESTADOS FINANCIEROS ANUALES DE INTERMEDIARIOS DE VALORES.",https://www.cmfchile.cl/normativa/cir_1654_2003.pdf
2003-01-01,1653,"MODIFICA CIRCULARES 1122 DE 1993 Y 1439 DE 1999, REGULANDO PRESENTACION A TRAVÉS DE INTERNET DE NOTAS, ANEXOS Y CUADROS DE COMPAÑIAS DE SEGUROS Y REASEGUROS.",https://www.cmfchile.cl/normativa/cir_1653_2003.pdf
2003-01-01,152,INFORMA TASA DE VALORIZACION DE PASIVOS Y TASA PARA VALORIZACION DEL BONO DE RECONOCIMIENTO (CIRCULAR N° 1512 DE ENERO DE 2001 Y N° 1360 DE ENERO DE 1998),https://www.cmfchile.cl/normativa/ofc_152_2003.pdf
2003-01-01,1652,ESTABLECE FICHA ESTADISTICA  CODIFICADA UNIFORME PARA INFORMAR PRODUCCION INTERMEDIADA POR LOS CORREDORES DE SEGUROS (PERSONAS NATURALES).  DEROGA CIRCULARES 1.271 DE 1996 Y  1.524 DE 2001,https://www.cmfchile.cl/normativa/cir_1652_2003.pdf
2003-01-01,1651,"MODIFICA CIRCULAR N° 1584, DE 21 DE ENERO DE 2002",https://www.cmfchile.cl/normativa/cir_1651_2003.pdf
2003-01-01,1650,"MODIFICA CIRCULAR N° 1583, DE 21 DE ENERO DE 2002",https://www.cmfchile.cl/normativa/cir_1650_2003.pdf
2003-01-01,151,COMUNICA NUEVO VALOR UNIDAD DE SEGURO REAJUSTABLE,https://www.cmfchile.cl/normativa/ofc_151_2003.pdf
2003-01-01,1649,"SOLICITA APORTES CUMPLIMIENTO DECRETO LEY N° 1.757, MODIFICADO POR LA LEY N° 19.798 DEL 25 DE ABRIL DE 2002, CORRESPONDIENTES AL MES DE FEBRERO DE 2003",https://www.cmfchile.cl/normativa/cir_1649_2003.pdf
2003-01-01,150,IMPARTE INSTRUCCIONES SOBRE MEDICION Y RECONOCIMIENTO DE DETERIORO DE VALOR DE LOS ACTIVOS,https://www.cmfchile.cl/normativa/ofc_150_2003.pdf
2003-01-01,149,ACLARA USO Y ACEPTACION DE CARTAS DE RESGUARDO BANCARIAS PARA OPERACIONES DE PREPAGO DE CREDITOS HIPOTECARIOS,https://www.cmfchile.cl/normativa/ofc_149_2003.pdf
2003-01-01,1648,"MODIFICA CIRCULAR N° 1.085 DE 28 DE AGOSTO DE 1992, EN LOS TERMINOS QUE SE SEÑALA",https://www.cmfchile.cl/normativa/cir_1648_2003.pdf
2003-01-01,1647,IMPARTE INSTRUCCIONES PARA LA PUBLICACION DE LOS ESTADOS FINANCIEROS ANUALES DE FONDOS MUTUOS.  DEROGA CIRCULAR N° 1.334 DE 1997,https://www.cmfchile.cl/normativa/cir_1647_2003.pdf
2003-01-01,1646,MODIFICA CIRCULAR N° 1.581 DE 2002 EN LOS TERMINOS QUE INDICA,https://www.cmfchile.cl/normativa/cir_1646_2003.pdf
2003-01-01,148,IMPARTE INSTRUCCIONES QUE INDICA,https://www.cmfchile.cl/normativa/ofc_148_2003.pdf
2003-01-01,147,COMUNICA TASA INTERES DE ACTUALIZACION,https://www.cmfchile.cl/normativa/ofc_147_2003.pdf
2003-01-01,154,"AUTORIZA ACTIVIDAD AFIN O COMPLEMENTARIA CONFORME AL ARTICULO 4° DEL D.F.L. N° 251, DE 1931",https://www.cmfchile.cl/normativa/ncg_154_2003.pdf
2003-01-01,153,"IMPARTE NORMAS RELATIVAS A LA CONTRATACION DE SEGUROS DE RENTAS VITALICIAS DEL D.L. N° 3.500, D E 1980",https://www.cmfchile.cl/normativa/ncg_153_2003.pdf
2003-01-01,1645,"DISTRIBUCION DE LAS SUBVENCIONES FISCALES PARA EL PRIMER TRIMESTRE DE 2003, CONTENIDOS EN EL PRESUPUESTO DE LA NACION PARA EL AÑO 2003, QUE ESTEN DESTINADAS A LOS CUERPOS DE BOMBEROS DE CHILE",https://www.cmfchile.cl/normativa/cir_1645_2003.pdf
2003-01-01,1644,INSTRUCCIONES SOBRE OPERACIONES DE MARKET MAKER,https://www.cmfchile.cl/normativa/cir_1644_2003.pdf
2003-01-01,1643,"MODIFICA CIRCULAR N° 1.030, DE 26 DE AGOSTO DE 1991, SOBRE NOMINA DE GRUPOS EMPRESARIALES.  DEROGA CIRCULAR N° 1.605 DE 03 DE JUNIO DE 2002",https://www.cmfchile.cl/normativa/cir_1643_2003.pdf
2003-01-01,146,IMPARTE INSTRUCCIONES RESPECTO DE LA INDEMNIZACION DE SINIESTROS DE VEHICULOS MOTORIZADOS,https://www.cmfchile.cl/normativa/ofc_146_2003.pdf
2003-01-01,1642,"SOLICITA APORTES CUMPLIMIENTO DECRETO LEY N° 1.757, MODIFICADO POR LA LEY N° 19.798 DEL 25 DE ABRIL DE 2002, CORRESPONDIENTES AL MES DE ENERO DE 2003",https://www.cmfchile.cl/normativa/cir_1642_2003.pdf
2003-01-01,145,COMUNICA NUEVO VALOR UNIDAD DE SEGURO REAJUSTABLE,https://www.cmfchile.cl/normativa/ofc_145_2003.pdf
2003-01-01,144,INFORMA TASA DE VALORIZACION DE PASIVOS Y TASA PARA VALORIZACION DEL BONO DE RECONOCIMIENTO (CIRCULAR N° 1512 DE ENERO DE 2001 Y N° 1360 DE ENERO DE 1998),https://www.cmfchile.cl/normativa/ofc_144_2003.pdf
2003-01-01,143,IMPARTE INSTRUCCIONES QUE INDICA,https://www.cmfchile.cl/normativa/ofc_143_2003.pdf
2003-01-01,1641,"IMPARTE NORMAS RELATIVAS A LA OFERTA DE SEGUROS DE RENTA VITALICIA DEL D. L.  3.500, DE 1980, A TRAVES DE UN SISTEMA DE COMUNICACION A DISTANCIA",https://www.cmfchile.cl/normativa/cir_1641_2003.pdf
2002-01-01,1640,MODIFICA CIRCULAR N° 1360 DE 1998 SOBRE VALORIZACION DE INVERSIONES,https://www.cmfchile.cl/normativa/cir_1640_2002.pdf
2002-01-01,142,COMUNICA TASA INTERES DE ACTUALIZACION,https://www.cmfchile.cl/normativa/ofc_142_2002.pdf
2002-01-01,141,MODIFICA OFICIO CIRCULAR N° 124 DE 30 DE SEPTIEMBRE DE 2002,https://www.cmfchile.cl/normativa/ofc_141_2002.pdf
2002-01-01,152,"IMPARTE NORMAS SOBRE ACTIVOS REPRESENTATIVOS DE RESERVAS TECNICAS Y PATRIMONIO DE RIESGO.  DEROGA NORMA DE CARACTER GENERAL N° 75 DE 22 DE MAYO DE 1997 Y NORMA DE CARACTER GENERAL N° 151, DE 30 DE OCTUBRE DE 2002",https://www.cmfchile.cl/normativa/ncg_152_2002.pdf
2002-01-01,1639,"MODIFICA CIRCULAR N° 1459, SOBRE CERTIFICADO SEGURO OBLIGATORIO LEY N° 18.490",https://www.cmfchile.cl/normativa/cir_1639_2002.pdf
2002-01-01,1638,AUTORIZA A INTERMEDIARIOS DE VALORES LA ACTUACION COMO AGENTES DE VENTAS DE SEGUROS DE POLIZAS DE SEGUROS POR LAS CUALES LAS ASEGURADORAS DEBEN CONSTITUIR RESERVA DE VALOR DEL FONDO,https://www.cmfchile.cl/normativa/cir_1638_2002.pdf
2002-01-01,1637,MODIFICA Y ADJUNTA ANEXO DE CIRCULAR N° 1.487 DE 17.07.2000 QUE IMPARTE INSTRUCCIONES SOBRE TRAMITACION DE CONSULTAS Y RECLAMOS RELATIVAS A SEGUROS,https://www.cmfchile.cl/normativa/cir_1637_2002.pdf
2002-01-01,140,INFORMA TASA DE VALORIZACION DE PASIVOS Y TASA PARA VALORIZACION DEL BONO DE RECONOCIMIENTO (CIRCULAR N° 1512 DE ENERO DE 2001 Y N° 1360 DE ENERO DE 1998),https://www.cmfchile.cl/normativa/ofc_140_2002.pdf
2002-01-01,139,COMUNICA NUEVO VALOR UNIDAD DE SEGURO REAJUSTABLE,https://www.cmfchile.cl/normativa/ofc_139_2002.pdf
2002-01-01,1636,"SOLICITA APORTES CUMPLIMIENTO DECRETO LEY N° 1.757, MODIFICADO POR LA LEY N° 19.798 DEL 25 DE ABRIL DE 2002, CORRESPONDIENTES AL MES DE DICIEMBRE DE 2002",https://www.cmfchile.cl/normativa/cir_1636_2002.pdf
2002-01-01,1635,MODIFICA CIRCULAR N° 478 DE 1985 EN LOS TERMINOS QUE SE SEÑALA,https://www.cmfchile.cl/normativa/cir_1635_2002.pdf
2002-01-01,1634,MODIFICA CIRCULAR N° 1.333 DE 1997 Y DEROGA CIRCULARES N° 503 DE 1985 Y N° 634 DE 1986,https://www.cmfchile.cl/normativa/cir_1634_2002.pdf
2002-01-01,1633,"1.-  ESTABLECE MODELO ESTANDARIZADO DE REGLAMENTO INTERNO Y CONTRATO DE SUSCRIPCION DE CUOTAS DE FONDOS MUTUOS.  DEROGA CIRCULAR N° 1.219 DEL 29.05.95 Y LETRA F. DE LA CIRCULAR N° 1.608 DEL 05.07.2002       
2.- DEFINE PROCEDIMIENTO DE APROBACION  DE LOS REFERIDOS ANTECEDENTES",https://www.cmfchile.cl/normativa/cir_1633_2002.pdf
2002-01-01,1632,"INFORMES FINANCIEROS PARA LA INVERSION DE LOS FONDOS DE PENSIONES EN ACCIONES DE SOCIEDADES ANONIMAS, DEROGA CIRCULAR N° 1226 DE 1995 Y OFICIO CIRCULAR N° 3407 DE 1995 Y N° 4211 DE 2000",https://www.cmfchile.cl/normativa/cir_1632_2002.pdf
2002-01-01,138,COMUNICA TASA INTERES DE ACTUALIZACION,https://www.cmfchile.cl/normativa/ofc_138_2002.pdf
2002-01-01,137,INFORMA TASA DE VALORIZACION DE PASIVOS Y TASA PARA VALORIZACION DEL BONO DE RECONOCIMIENTO (CIRCULAR N° 1512 DE ENERO DE 2001 Y N° 1360 DE ENERO DE 1998),https://www.cmfchile.cl/normativa/ofc_137_2002.pdf
2002-01-01,1631,"MODIFICA CIRCULAR CONJUNTA N° 1.194, DE LA SUPERINTENDENCIA DE ADMINISTRADORAS DE FONDOS DE PENSIONES; N° 3.164, Y N° 1.435 DE LA SUPERINTENDENCIA DE BANCOS E INSTITUCIONES FINANCIERAS; N° 1.965, DE LA SUPERINTENDENCIA DE SEGURIDAD SOCIAL Y N° 1.585, DE LA SUPERINTENDENCIA DE VALORES Y SEGUROS, QUE ESTABLECE REGULACIONES COMUNES SOBRE COTIZACIONES VOLUNTARIAS, DEPOSITOS CONVENIDOS Y DEPOSITOS DE AHORRO PREVISIONAL VOLUNTARIO",https://www.cmfchile.cl/normativa/cir_1631_2002.pdf
2002-01-01,1630,"SOLICITA APORTES CUMPLIMIENTO DECRETO LEY N° 1.757, MODIFICADO POR LA LEY N° 19.798 DEL 25 DE ABRIL DE 2002, CORRESPONDIENTES AL MES DE NOVIEMBRE 2002",https://www.cmfchile.cl/normativa/cir_1630_2002.pdf
2002-01-01,136,COMUNICA NUEVO VALOR UNIDAD DE SEGURO REAJUSTABLE,https://www.cmfchile.cl/normativa/ofc_136_2002.pdf
2002-01-01,1629,"MODIFICA CIRCULAR N° 1360 DE 1998, SOBRE VALORIZACION DE INVERSIONES",https://www.cmfchile.cl/normativa/cir_1629_2002.pdf
2002-01-01,151,ESTABLECE LIMITE POR EMISION DE LOS INSTRUMENTOS REPRESENTATIVOS DE RESERVAS TECNICAS Y PATRIMONIO DE RIESGO QUE INDICA,https://www.cmfchile.cl/normativa/ncg_151_2002.pdf
2002-01-01,135,COMUNICA TASA INTERES DE ACTUALIZACION,https://www.cmfchile.cl/normativa/ofc_135_2002.pdf
2002-01-01,150,MODIFICA SECCION I DE LA NORMA DE CARACTER GENERAL N° 30 DEL 10 DE NOVIEMBRE DE 1989,https://www.cmfchile.cl/normativa/ncg_150_2002.pdf
2002-01-01,1628,INFORMACION ESTADISTICA DE PLANES DE AHORRO PREVISIONAL VOLUNTARIO QUE OFRECEN INSTITUCIONES QUE SEÑALA,https://www.cmfchile.cl/normativa/cir_1628_2002.pdf
2002-01-01,134,INFORMACION SOBRE PRODUCCION DE SEGUROS Y COMISIONES,https://www.cmfchile.cl/normativa/ofc_134_2002.pdf
2002-01-01,1627,MODIFICA CIRCULAR N° 1.269 QUE ESTABLECE NORMAS SOBRE VALORIZACION DE LAS INVERSIONES DE LOS FONDOS PARA LA VIVIENDA,https://www.cmfchile.cl/normativa/cir_1627_2002.pdf
2002-01-01,133,SOLICITA INFORMACION EN RELACION A LA SITUACION ECONOMICA QUE AFECTA A LOS PRINCIPALES MERCADOS DE AMERICA LATINA,https://www.cmfchile.cl/normativa/ofc_133_2002.pdf
2002-01-01,1626,"MODIFICA CIRCULAR N° 1360 DE 1998, SOBRE VALORIZACION DE INVERSIONES.  DEROGA CIRCULARES N°S 1595 Y 1614, DE 13 DE MARZO Y 11 DE JULIO DE 2002, RESPECTIVAMENTE",https://www.cmfchile.cl/normativa/cir_1626_2002.pdf
2002-01-01,149,"MODIFICA NORMA DE CARACTER GENERAL N° 132, DE 13 DE MARZO DE 2002",https://www.cmfchile.cl/normativa/ncg_149_2002.pdf
2002-01-01,132,"SOLICITA INFORMACION CONPLEMENTARIA AL OFICIO CIRCULAR N° 01891 DEL 14.05.93 SOBRE DIVIDENDOS, REPARTOS POR DEVOLUCION DE CAPITAL O PRODUCTO DE VENTAS DE ACCIONES NO RECLAMADAS POR LOS ACCIONISTAS",https://www.cmfchile.cl/normativa/ofc_132_2002.pdf
2002-01-01,131,CAMBIO DE DIRECCION SUPERINTENDENCIA DE VALORES Y SEGUROS,https://www.cmfchile.cl/normativa/ofc_131_2002.pdf
2002-01-01,130,IMPARTE INSTRUCCIONES Y SOLICITA INFORMACION EN RELACION A LA SITUACION ECONOMICA QUE AFECTA A LOS PRINCIPALES MERCADOS DE AMERICA LATINA,https://www.cmfchile.cl/normativa/ofc_130_2002.pdf
2002-01-01,1625,"MODIFICA CIRCULAR N° 478 DE 1985, SOBRE PRESENTACION DE ESTADOS FINANCIEROS ANUALES AUDITADOS",https://www.cmfchile.cl/normativa/cir_1625_2002.pdf
2002-01-01,1624,"DEROGANSE:
1) CIRCULAR N° 1.423 DE 1999, SOBRE FORMA DE ENTREGA DE INFORMACION FINANCIERA A ESTA SUPERINTENDENCIA, Y
2) OFICIO CIRCULAR N° 43 DE 2001, SOBRE FORMATO DE PRESENTACION DE FICHA ESTADISTICA CODIFICADA UNIFORME (FECU), AMBAS PARA INTERMEDIARIOS DE VALORES",https://www.cmfchile.cl/normativa/cir_1624_2002.pdf
2002-01-01,1623,"MODIFICA CIRCULAR N° 579 DE 1985, SOBRE PRESENTACION DE ESTADOS FINANCIEROS PARA INTERMEDIARIOS DE VALORES, LOS QUE DEBERAN SER REMITIDOS A TRAVES DE INTERNET",https://www.cmfchile.cl/normativa/cir_1623_2002.pdf
2002-01-01,148,IMPARTE INSTRUCCIONES RELATIVAS AL SISTEMA DE EVALUACION DEL RIESGO DE MERCADO DE LA CARTERA DE INVERSIONES DE LAS ENTIDADES ASEGURADORAS Y REASEGURADORAS,https://www.cmfchile.cl/normativa/ncg_148_2002.pdf
2002-01-01,129,"DEROGA OFICIO CIRCULAR N° 3.646 DE 1987, SOBRE ESTADO DE FLUJO DE EFECTIVO PARA INTERMEDIARIOS DE VALORES",https://www.cmfchile.cl/normativa/ofc_129_2002.pdf
2002-01-01,128,INFORMA TASA DE VALORIZACION DE PASIVOS Y TASA PARA VALORIZACION DEL BONO DE RECONOCIMIENTO (CIRCULAR N° 1512 DE ENERO DE 2001 Y N° 1360 DE ENERO DE 1998),https://www.cmfchile.cl/normativa/ofc_128_2002.pdf
2002-01-01,127,COMUNICA NUEVO VALOR UNIDAD DE SEGURO REAJUSTABLE,https://www.cmfchile.cl/normativa/ofc_127_2002.pdf
2002-01-01,147,MODIFICA SECCION V DE NORMA DE CARACTER GENERAL N° 30,https://www.cmfchile.cl/normativa/ncg_147_2002.pdf
2002-01-01,126,COMUNICA TASA INTERES DE ACTUALIZACION,https://www.cmfchile.cl/normativa/ofc_126_2002.pdf
2002-01-01,1622,"SOLICITA APORTES CUMPLIMIENTO DECRETO LEY N° 1.757, MODIFICADO POR LA LEY N° 19.798 DEL 25 DE ABRIL DE 2002, CORRESPONDIENTES AL MES DE OCTUBRE DE 2002",https://www.cmfchile.cl/normativa/cir_1622_2002.pdf
2002-01-01,125,IMPARTE INSTRUCCIONES A LOS INTERMEDIARIOS DE VALORES RESPECTO DE LA INVERSION EN TITULOS EXTRANJEROS,https://www.cmfchile.cl/normativa/ofc_125_2002.pdf
2002-01-01,124,MODIFICA OFICIO CIRCULAR N° 107 DE 18.06.2002,https://www.cmfchile.cl/normativa/ofc_124_2002.pdf
2002-01-01,123,INFORMA TASA DE VALORIZACION DE PASIVOS Y TASA PARA VALORIZACION DEL BONO DE RECONOCIMIENTO (CIRCULAR N° 1512 DE ENERO DE 2001 Y N° 1360 DE ENERO DE 1998),https://www.cmfchile.cl/normativa/ofc_123_2002.pdf
2002-01-01,1621,"IMPARTE NORMAS SOBRE FORMA, CONTENIDO Y PRESENTACION DE LOS ESTADOS FINANCIEROS DE LOS AGENTES ADMINISTRADORES DE MUTUOS HIPOTECARIOS ENDOSABLES.   DEROGA OFICIO CIRCULAR N° 2346, DE 19.04.99",https://www.cmfchile.cl/normativa/cir_1621_2002.pdf
2002-01-01,146,MODIFICA NORMA DE CARACTER GENERAL N° 25 DE 9 DE JUNIO DE 1988,https://www.cmfchile.cl/normativa/ncg_146_2002.pdf
2002-01-01,122,COMUNICA NUEVO VALOR UNIDAD DE SEGURO REAJUSTABLE,https://www.cmfchile.cl/normativa/ofc_122_2002.pdf
2002-01-01,1620,"SOLICITA APORTES CUMPLIMIENTO DECRETO LEY N° 1.757, MODIFICADO POR LA LEY N° 19.798 DEL 25 DE ABRIL DE 2002, CORRESPONDIENTES AL MES DE SEPTIEMBRE DE 2002",https://www.cmfchile.cl/normativa/cir_1620_2002.pdf
2002-01-01,1619,"MODIFICA CIRCULARES N° 1.567 DE 2001 Y N° 1.589 DE 2002, EN LOS TERMINOS QUE SE SEÑALA",https://www.cmfchile.cl/normativa/cir_1619_2002.pdf
2002-01-01,121,COMUNICA TASA  INTERES DE ACTUALIZACION,https://www.cmfchile.cl/normativa/ofc_121_2002.pdf
2002-01-01,1618,"MODIFICA CIRCULAR N° 1602, DE 15 DE MAYO DE 2002, SOBRE FORMA Y CONTENIDO DE LOS ESTADOS FINANCIEROS DE LAS SOCIEDADES DE CORRETAJE DE SEGUROS",https://www.cmfchile.cl/normativa/cir_1618_2002.pdf
2002-01-01,120,"IMPARTE INSTRUCCION A SOCIEDADES QUE SE INDICAN, RESPECTO A DISPOSICIONES CONTENIDAS EN LA SECCION II DE LA NORMA DE CARACTER GENERAL N° 30 DE 1989 Y EN LA SECCION III DE LA CIRCULAR N° 1.501 DE 2000",https://www.cmfchile.cl/normativa/ofc_120_2002.pdf
2002-01-01,119,IMPARTE INSTRUCCIONES SOBRE REQUISITOS DE CLASIFICACION DE RIESGOS EN REASEGURADORES EXTRANJEROS,https://www.cmfchile.cl/normativa/ofc_119_2002.pdf
2002-01-01,1617,"MODIFICA CIRCULAR N° 1.085 DE 1992, SOBRE CODIFICACION DE INSTRUMENTOS DE RENTA FIJA, INTERMEDIACION FINANCIERA Y OTROS INSTRUMENTOS",https://www.cmfchile.cl/normativa/cir_1617_2002.pdf
2002-01-01,1616,"SOLICITA APORTES CUMPLIMIENTO DECRETO LEY N° 1.757, MODIFICADO POR LA LEY N° 19.798 DEL 25 DE ABRIL DE 2002, CORRESPONDIENTES AL MES DE AGOSTO DE 2002",https://www.cmfchile.cl/normativa/cir_1616_2002.pdf
2002-01-01,118,INFORMA TASA DE VALORIZACION DE PASIVOS Y TASA PARA VALORIZACION DEL BONO DE RECONOCIMIENTO (CIRCULAR N° 1512 DE ENERO DE 2001 Y N° 1360 DE ENERO DE 1998),https://www.cmfchile.cl/normativa/ofc_118_2002.pdf
2002-01-01,117,COMUNICA NUEVO VALOR UNIDAD DE SEGURO REAJUSTABLE,https://www.cmfchile.cl/normativa/ofc_117_2002.pdf
2002-01-01,116,INFORMACION SOBRE PRODUCCION DE SEGUROS Y COMISIONES,https://www.cmfchile.cl/normativa/ofc_116_2002.pdf
2002-01-01,115,ACLARA INCIDENCIA DE LOS TRASPASOS DE CUSTODIA EN LA CALIFICACION DE OPERACION BURSATIL,https://www.cmfchile.cl/normativa/ofc_115_2002.pdf
2002-01-01,114,INSTRUYE ACERCA DE CUMPLIMIENTO DEL ARTICULO 34 DE LA LEY N° 18.290 LEY DEL TRANSITO,https://www.cmfchile.cl/normativa/ofc_114_2002.pdf
2002-01-01,145,AUTORIZA A SOCIEDADES QUE INDICA PARA ADMINISTRAR BIENES DE UN PATRIMONIO SEPARADO,https://www.cmfchile.cl/normativa/ncg_145_2002.pdf
2002-01-01,113,COMUNICA TASA INTERES DE ACTUALIZACION,https://www.cmfchile.cl/normativa/ofc_113_2002.pdf
2002-01-01,1615,PROCEDIMIENTO DE DISTRIBUCION ELECTRONICO DE LAS NORMAS DICTADAS POR LA SUPERINTENDENCIA,https://www.cmfchile.cl/normativa/cir_1615_2002.pdf
2002-01-01,1614,MODIFICA CIRCULAR Nº 1595 DE 13.03.2002 SOBRE VALORIZACION DE INVERSIONES,https://www.cmfchile.cl/normativa/cir_1614_2002.pdf
2002-01-01,1613,"SOLICITA APORTES CUMPLIMIENTO DECRETO LEY Nº 1.757, MODIFICADO POR LA LEY Nº 19.798 DEL 25 DE ABRIL DE 2002, CORRESPONDIENTES AL MES DE JULIO DE 2002",https://www.cmfchile.cl/normativa/cir_1613_2002.pdf
2002-01-01,1612,"MODIFICA CIRCULAR Nº 678 DE 1987, SOBRE VALORES DE OFERTA PUBLICA QUE PUEDEN SER OBJETO DE OPERACIONES DE COMPROMISOS DE COMPRA, DE VENTA DE RETROCOMPRA Y DE RETROVENTA, POR LOS INTERMEDIARIOS DE VALORES",https://www.cmfchile.cl/normativa/cir_1612_2002.pdf
2002-01-01,112,COMISIONES MAXIMAS A SER PAGADAS POR LOS FONDOS DE PENSIONES A LOS FONDOS MUTUOS Y DE INVERSION,https://www.cmfchile.cl/normativa/ofc_112_2002.pdf
2002-01-01,111,ESTABLECE NORMAS PARA EL ENVIO DE INFORMACION REFERIDA AL SEGURO OBLIGATORIO LEY Nº 18.490,https://www.cmfchile.cl/normativa/ofc_111_2002.pdf
2002-01-01,1611,"MODIFICA CIRCULAR Nº 695 DE 1987, SOBRE ENVIO DE ESTADO DE LIQUIDEZ  Y SOLVENCIA  PATRIMONIAL DE LOS INTERMEDIARIOS DE VALORES",https://www.cmfchile.cl/normativa/cir_1611_2002.pdf
2002-01-01,1610,"MODIFICA CIRCULAR Nº 632 DE 1986, REFERIDA AL CALCULO DE LA COBERTURA PATRIMONIAL DE LOS INTERMEDIARIOS DE VALORES",https://www.cmfchile.cl/normativa/cir_1610_2002.pdf
2002-01-01,1609,MODIFICA CIRCULAR Nº 1441 DEL 01.07.1999 SOBRE NORMAS MINIMAS DE AUDITORIA EXTERNA Y DE EVALUACION DE CONTROL INTERNO PARA COMPAÑIAS DE SEGUROS Y REASEGUROS,https://www.cmfchile.cl/normativa/cir_1609_2002.pdf
2002-01-01,1608,"1.- ESTABLECE INSTRUCCIONES SOBRE PUBLICIDAD A SOCIEDADES QUE ADMINISTREN A  FONDOS MUTUOS Y SOBRE INFORMACION A PARTICIPES.
2.- INSTRUYE SOBRE PLANES DE INVERSION CON SISTEMAS DE APORTES REGULADOS POR CONTRATO DE SUSCRIPCION DE CUOTAS.
3.- DEROGA CIRCULAR Nº 1307, DE 1996",https://www.cmfchile.cl/normativa/cir_1608_2002.pdf
2002-01-01,110,COMUNICA NUEVO VALOR UNIDAD DE SEGURO REAJUSTABLE,https://www.cmfchile.cl/normativa/ofc_110_2002.pdf
2002-01-01,109,INFORMA TASA DE VALORIZACION DE PASIVOS Y TASA PARA VALORIZACION DEL BONO DE RECONOCIMIENTO (CIRCULAR Nº 1512 DE ENERO DE 2000 Y Nº 1360 DE ENERO DE 1998),https://www.cmfchile.cl/normativa/ofc_109_2002.pdf
2002-01-01,108,COMUNICA TASA INTERES DE ACTUALIZACION,https://www.cmfchile.cl/normativa/ofc_108_2002.pdf
2002-01-01,1607,"NORMA RESPECTO DE LA FORMA Y CONTENIDO DEL INVENTARIO DE INVERSIONES
DEROGA CIRCULAR Nº 1.318, PARA SEGUROS DE VIDA",https://www.cmfchile.cl/normativa/cir_1607_2002.pdf
2002-01-01,144,"MODIFICA NORMA DE CARACTER GENERAL Nº 136 DE 04.04.2002, QUE IMPARTE INSTRUCCIONES RELATIVAS AL OTORGAMIENTO Y ADQUISICION DE MUTUOS HIPOTECARIOS ENDOSABLES POR PARTE DE LAS ENTIDADES ASEGURADORAS Y REASEGURADORAS",https://www.cmfchile.cl/normativa/ncg_144_2002.pdf
2002-01-01,107,MODIFICA OFICIO CIRCULAR Nº 92 DE 22 DE MARZO DE 2002,https://www.cmfchile.cl/normativa/ofc_107_2002.pdf
2002-01-01,106,"PRECISA ALCANCE DE DEPOSITO Y CUSTODIA DE VALORES EN ENTIDADES PRIVADAS REGIDAS POR LA LEY Nº18.876, PARA ENTIDADES ASEGURADORAS Y REASEGURADORAS",https://www.cmfchile.cl/normativa/ofc_106_2002.pdf
2002-01-01,105,INFORMACION BENEFICIARIOS DE PENSIONES A JUNIO DE 2002,https://www.cmfchile.cl/normativa/ofc_105_2002.pdf
2002-01-01,1606,"SOLICITA APORTES CUMPLIMIENTO DECRETO LEY Nº 1.757, NODIFICADO POR LA LEY Nº 19.798 DEL 25 DE BRIL DE 2002, CORRESPONDIENTES AL MES DE JUNIO DE 2002",https://www.cmfchile.cl/normativa/cir_1606_2002.pdf
2002-01-01,143,"MODIFICA SECCIONES IV Y V DE LA NORMA DE CARACTER GENERAL Nº 30, EN MATERIA DE LINEAS DE EFECTOS DE COMERCIO Y BONOS",https://www.cmfchile.cl/normativa/ncg_143_2002.pdf
2002-01-01,104,INFORMA TASA DE VALORIZACION DE PASIVOS Y TASA PARA VALORIZACION DEL BONO DE RECONOCIMIENTO (CIRCULAR Nº 1512 DE ENERO DE 2001 Y Nº 1360 DE ENERO DE 1998),https://www.cmfchile.cl/normativa/ofc_104_2002.pdf
2002-01-01,103,COMUNICA  NUEVO VALOR UNIDAD DE SEGURO REAJUSTABLE,https://www.cmfchile.cl/normativa/ofc_103_2002.pdf
2002-01-01,1605,ACTUALIZA NOMINA DE CIRCULAR Nº 1.030 DE 28 DE AGOSTO DE 1991.  DEROGA CIRCULAR Nº 1.573 DE 29 DE NOVIEMBRE DE 2001,https://www.cmfchile.cl/normativa/cir_1605_2002.pdf
2002-01-01,102,ACLARA ASPECTOS RELACIONADOS CON LA UTILIZACION DE MEDIOS ELECTRONICOS PARA LA RECEPCION Y EJECUCION DE ORDENES DE COMPRA-VENTA DE VALORES,https://www.cmfchile.cl/normativa/ofc_102_2002.pdf
2002-01-01,142,MODIFICA NORMA DE CARACTER GENERAL Nº 83,https://www.cmfchile.cl/normativa/ncg_142_2002.pdf
2002-01-01,141,MODIFICA NORMA DE CARACTER GENERAL Nº 102 DE 28.12.2000,https://www.cmfchile.cl/normativa/ncg_141_2002.pdf
2002-01-01,1604,MODIFICA CIRCULAR Nº 1.548 DE 2001,https://www.cmfchile.cl/normativa/cir_1604_2002.pdf
2002-01-01,1603,SOLICITA INFORMACION DIARIA DE FONDOS DE INVERSION,https://www.cmfchile.cl/normativa/cir_1603_2002.pdf
2002-01-01,101,COMUNICA TASA INTERES DE ACTUALIZACION,https://www.cmfchile.cl/normativa/ofc_101_2002.pdf
2002-01-01,1602,IMPARTE INSTRUCCIONES SOBRE FORMA Y CONTENIDO DE LOS ESTADOS FINANCIEROS DE LAS SOCIEDADES DE CORRETAJE DE SEGUROS Y SU ENVIO A TRAVES DEL SISTEMA DE ENVIO DE INFORMACION EN LINEA (SEIL),https://www.cmfchile.cl/normativa/cir_1602_2002.pdf
2002-01-01,1601,MODIFICA CIRCULAR Nº 1439 DE 10 DE JUNIO DE 1999,https://www.cmfchile.cl/normativa/cir_1601_2002.pdf
2002-01-01,1600,"SOLICITA APORTES CUMPLIMIENTO DECRETO LEY Nº 1.757, MODIFICADO POR LA LEY Nº 19.798 DEL 25 DE ABRIL DE 2002, CORRESPONDIENTES AL MES DE MAYO 2002",https://www.cmfchile.cl/normativa/cir_1600_2002.pdf
2002-01-01,100,INFORMA TASA DE VALORIZACION DE PASIVOS Y TASA PARA VALORIZACION DEL BONO DE RECONOCIMIENTO (CIRCULAR Nº 1512 DE ENERO DE 2001 Y Nº 1360 DE ENERO DE 1998,https://www.cmfchile.cl/normativa/ofc_100_2002.pdf
2002-01-01,140,ESTABLECE NORMAS RELATIVAS AL OTORGAMIENTO DE PRESTAMOS A PERSONAS NATURALES POR PARTE DE LAS ENTIDADES ASEGURADORAS,https://www.cmfchile.cl/normativa/ncg_140_2002.pdf
2002-01-01,99,COMUNICA NUEVO VALOR UNIDAD DE SEGURO REAJUSTABLE,https://www.cmfchile.cl/normativa/ofc_99_2002.pdf
2002-01-01,1599,"MODIFICA CIRCULAR Nº 1439 DEL 10 DE JUNIO DE 1999 SOBRE FORMA, CONTENIDO Y PRESENTACION DE ESTADOS FINANCIEROS DE LAS ENTIDADES ASEGURADORAS Y REASEGURADORAS DEL SEGUNDO GRUPO",https://www.cmfchile.cl/normativa/cir_1599_2002.pdf
2002-01-01,139,"NORMAS RELATIVAS A LA CONTRATACION DE REASEGUROS Y REGISTRO DE CORREDORES DE REASEGURO.  DEROGA CIRCULAR Nº 756, DE 31 DE DICIEMBRE DE 1987",https://www.cmfchile.cl/normativa/ncg_139_2002.pdf
2002-01-01,138,MODIFICA NORMA DE CARACTER GENERAL Nº 12 DE 1982,https://www.cmfchile.cl/normativa/ncg_138_2002.pdf
2002-01-01,98,ESTABLECE REQUISITOS DE INFORMACION QUE INDICA Y MODIFICA OFICIO CIRCULAR Nº 04456 DE 2000,https://www.cmfchile.cl/normativa/ofc_98_2002.pdf
2002-01-01,97,"DEROGA OFICIO CIRCULAR Nº 3.768, DE 5 DE OCTUBRE DE 1994",https://www.cmfchile.cl/normativa/ofc_97_2002.pdf
2002-01-01,1598,"MODIFICA CIRCULAR Nº 653 DE 30 DE SEPTIEMBRE DE 1986, EN LOS TERMINOS QUE SEÑALA",https://www.cmfchile.cl/normativa/cir_1598_2002.pdf
2002-01-01,96,COMUNICA TASA INTERES DE ACTUALIZACION,https://www.cmfchile.cl/normativa/ofc_96_2002.pdf
2002-01-01,1597,AUTORIZA LA OFERTA DE PLANES DE AHORRO PREVISIONAL VOLUNTARIO POR INSTITUCIONES QUE INDICA Y MODIFICA CIRCULAR Nº 579,https://www.cmfchile.cl/normativa/cir_1597_2002.pdf
2002-01-01,1596,"SOLICITA APORTES CUMPLIMIENTO DECRETO LEY Nº 1.757, MODIFICADO POR EL DECRETO LEY Nº 2.245, POR EL MES DE ABRIL DE 2002",https://www.cmfchile.cl/normativa/cir_1596_2002.pdf
2002-01-01,137,"ESTABLECE INFORMACION QUE SE DEBERA PRESENTAR A LA SUPERINTENDENCIA, PARA EFECTUAR COLOCACIONES DE ACCIONES QUE SE REALICEN FUERA DE BOLSA, DE ACUERDO A LO DISPUESTO EN EL ARTICULO 23º LETRA C) DE LA LEY Nº 18.045",https://www.cmfchile.cl/normativa/ncg_137_2002.pdf
2002-01-01,95,COMUNICA NUEVO VALOR UNIDAD DE SEGURO REAJUSTABLE,https://www.cmfchile.cl/normativa/ofc_95_2002.pdf
2002-01-01,136,"ESTABLECE NORMAS RELATIVAS AL OTORGAMIENTO Y ADQUISICION DE MUTUOS HIPOTECARIOS ENDOSABLES POR LAS ENTIDADES ASEGURADORAS Y REASEGURADORAS Y AL REGISTRO Y OPERACIONES DE LOS AGENTES ADMINISTRADORES DE MUTUOS HIPOTECARIOS ENDOSABLES.  DEROGA CIRCULAR Nº 1339, DE 1997 Y OFICIO CIRCULAR Nº 4618, DE 2000",https://www.cmfchile.cl/normativa/ncg_136_2002.pdf
2002-01-01,135,IMPARTE INSTRUCCIONES RELATIVAS A LA CONSTITUCION DE FILIALES EMISORAS DE TARJETAS DE CREDITO,https://www.cmfchile.cl/normativa/ncg_135_2002.pdf
2002-01-01,134,"AUTORIZA ACTIVIDAD AFIN O COMPLEMENTARIA CONFORME AL ARTICULO 4º DEL D.F.L. Nº 251, DE 1931",https://www.cmfchile.cl/normativa/ncg_134_2002.pdf
2002-01-01,94,INFORMA TASA DE VALORIZACION DE PASIVOS Y TASA PARA VALORIZACION DEL BONO DE RECONOCIMIENTO (CIRCLAR Nº 1512 DE ENERO DE 2001 Y Nº 1360 DE ENERO DE 1998),https://www.cmfchile.cl/normativa/ofc_94_2002.pdf
2002-01-01,133,MODIFICA NORMA DE CARACTER GENERAL Nº 113 DE 2001,https://www.cmfchile.cl/normativa/ncg_133_2002.pdf
2002-01-01,93,EXTIENDE PLAZO PARA LA PRESENTACION DE LAS POLITICAS GENERALES DE ADMINISTRACION DE LAS COMPAÑIAS DE SEGUROS Y REASEGUROS,https://www.cmfchile.cl/normativa/ofc_93_2002.pdf
2002-01-01,92,MODIFICA OFICIO CIRCULAR Nº 075 DE 18.12.2001,https://www.cmfchile.cl/normativa/ofc_92_2002.pdf
2002-01-01,91,COMUNICA TASA INTERES DE ACTUALIZACION,https://www.cmfchile.cl/normativa/ofc_91_2002.pdf
2002-01-01,90,INFORMA SOBRE EFECTO DE FALTA DE AUTORIZACION COMO PLANES DE AHORRO PREVISIONAL VOLUNTARIO DE MODELOS DE POLIZAS QUE INDICA,https://www.cmfchile.cl/normativa/ofc_90_2002.pdf
2002-01-01,1595,"MODIFICA CIRCULAR Nº 1360, DE 1998, SOBRE VALORIZACIÓN DE INVERSIONES.",https://www.cmfchile.cl/normativa/cir_1595_2002.pdf
2002-01-01,132,IMPARTE INSTRUCCIONES RELATIVAS A LA CONSTITUCIÓN DE RESERVAS TECNICAS EN SEGUROS DE VIDA CON CUENTAS DE INVERSIÓN.,https://www.cmfchile.cl/normativa/ncg_132_2002.pdf
2002-01-01,131,REGULA OPERACIONES DIRECTAS EN RUEDA.  MODIFICA N.C.G. Nº 12,https://www.cmfchile.cl/normativa/ncg_131_2002.pdf
2002-01-01,1594,"SOLICITA APORTES CUMPLIMIENTO DECRETO LEY Nº 1.757, MODIFICADO POR EL DECRETO LEY Nº 2.245, POR EL MES DE MARZO DE 2002",https://www.cmfchile.cl/normativa/cir_1594_2002.pdf
2002-01-01,89,INFORMA TASA DE VALORIZACION DE PASIVOS Y TASA PARA VALORIZACION DEL BONO DE RECONOCIMIENTO (CIRCULAR Nº 1512 DE ENERO DE 2001 Y Nº 1360 DE ENERO DE 1998),https://www.cmfchile.cl/normativa/ofc_89_2002.pdf
2002-01-01,88,COMUNICA NUEVO VALOR UNIDAD DE SEGUROS REAJUSTABLE,https://www.cmfchile.cl/normativa/ofc_88_2002.pdf
2002-01-01,87,COMUNICA TASA DE INTERES DE ACTUALIZACION.,https://www.cmfchile.cl/normativa/ofc_87_2002.pdf
2002-01-01,1593,"MODIFICA CIRCULAR Nº 478 DE 1985, EN CUANTO A SU AMBITO DE APLICACION",https://www.cmfchile.cl/normativa/cir_1593_2002.pdf
2002-01-01,86,INFORMA TASA DE VALORIZACION DE PASIVOS Y TASA PARA VALORIZACION DEL BONO DE RECONOCIMIENTO (CIRCULAR Nº 1512 DE ENERO DE 2001 Y Nº 1360 DE ENERO DE 1998),https://www.cmfchile.cl/normativa/ofc_86_2002.pdf
2002-01-01,1592,"SOLICITA APORTES CUMPLIMIENTO DECRETO LEY Nº 1757, MODIFICADO POR EL DECRETO LEY Nº 2245, POR EL MES DE FEBRERO DE 2201",https://www.cmfchile.cl/normativa/cir_1592_2002.pdf
2002-01-01,85,COMUNICA NUEVO VALOR UNIDAD DE SEGURO REAJUSTABLE,https://www.cmfchile.cl/normativa/ofc_85_2002.pdf
2002-01-01,1591,"MODIFICA CIRCULARES Nº 1501 DE 2000 Y  Nº 1533 DE 2001, REGULANDO EL ENVIO DE INFORMACION FINANCIERA POR MEDIO ELECTRONICO",https://www.cmfchile.cl/normativa/cir_1591_2002.pdf
2002-01-01,1590,IMPARTE INSTRUCCIONES RELATIVAS A LOS SEGUROS AUTORIZADOS COMO PLANES DE AHORRO PREVISIONAL VOLUNTARIO,https://www.cmfchile.cl/normativa/cir_1590_2002.pdf
2002-01-01,1589,IMPARTE INSTRUCCIONES RELATIVAS A LOS PLANES DE AHORRO PREVISIONAL VOLUNTARIO QUE OFREZCAN INSTITUCIONES QUE SEÑALA,https://www.cmfchile.cl/normativa/cir_1589_2002.pdf
2002-01-01,1588,"MODIFICA CIRCULAR Nº 1266, DE 08 DE FEBRERO DE 1996",https://www.cmfchile.cl/normativa/cir_1588_2002.pdf
2002-01-01,1587,IMPARTE INSTRUCCIONES SOBRE PROMOCIÓN Y OFERTA DE SEGUROS A TRAVÉS SISTEMAS DE COMUNICACIÓN A DISTANCIA.,https://www.cmfchile.cl/normativa/cir_1587_2002.pdf
2002-01-01,130,IMPARTE INSTRUCCIONES SOBRE FORMA Y PERIOCIDAD DE INFORMACION SOBRE POLITICAS  GENERALES DE ADMINISTRACION DE LAS ENTIDADES ASEGURADORAS Y REASEGURADORAS.,https://www.cmfchile.cl/normativa/ncg_130_2002.pdf
2002-01-01,84,PRESENTACIÓN DE FICHA ESTADÍSTICA CODIFICADA UNIFORME (F.E.C.U.) PARA CORREDORES DE SEGUROS.,https://www.cmfchile.cl/normativa/ofc_84_2002.pdf
2002-01-01,1586,"MODIFICA CIRCULARES Nº 1.481 DE 2000 Y Nº 991 DE 1991, REGULANDO PRESENTACIÓN A TRAVES DE INTERNET DE LISTA DE ACCIONISTAS.",https://www.cmfchile.cl/normativa/cir_1586_2002.pdf
2002-01-01,1585,"ESTABLECE REGULACIONES COMUNES EN RELACIÓN CON COTIZACIONES VOLUNTARIAS, DEPÓSITOS CONVENIDOS Y DEPÓSITOS DE AHORRO PREVISIONAL VOLUNTARIO.",https://www.cmfchile.cl/normativa/cir_1585_2002.pdf
2002-01-01,83,REHABILITACIÓN DE INSCRIPCIÓN COMO CORREDOR DE SEGUROS GENERALES Y VIDA EN CASOS QUE INDICA,https://www.cmfchile.cl/normativa/ofc_83_2002.pdf
2002-01-01,129,"MODIFICA SECCIONES I, II, IV Y V DE NORMA DE CARÁCTER GENERAL Nº 30",https://www.cmfchile.cl/normativa/ncg_129_2002.pdf
2002-01-01,82,EXTIENDE PLAZO PARA LA PRESENTACIÓN DE LOS ESTADOS FINANCIEROS,https://www.cmfchile.cl/normativa/ofc_82_2002.pdf
2002-01-01,81,DEFINE TIPO DE CAMBIO A UTILIZAR EN TRADUCCION DE ESTADOS FINANCIEROS DE INVERSIONES PERMANENTES EN ARGENTINA,https://www.cmfchile.cl/normativa/ofc_81_2002.pdf
2002-01-01,1584,"ESTABLECE NORMAS RESPECTO A LA GARANTIA QUE DEBEN CONSTITUIR LOS CORREDORES DE SEGUROS PARA EL DESEMPEÑO DE SU ACTIVIDAD. DEROGA CIRCULAR NRO. 1160, DE 1994",https://www.cmfchile.cl/normativa/cir_1584_2002.pdf
2002-01-01,1583,ESTABLECE NORMAS PARA LIQUIDADORES DE SINIESTROS RELATIVAS A: 1) GARANTIA QUE DEBEN CONSTITUIR LOS LIQUIDADORES DE SEGUROS; 2) FORMA DE ACREDITAR INGRESOS POR LOS LIQUIDAD0RES; 3) OBLIGACIONES DE LAS ENTIDADES ASEGURADORAS. 4) OTRAS MATERIAS. DEROGA CIRCULARES QUE INDICA.,https://www.cmfchile.cl/normativa/cir_1583_2002.pdf
2002-01-01,1582,"DISTRIBUCIÓN DE LOS APORTES FISCALES DESTINADOS A LOS CUERPOS DE BOMBEROS DE CHILE, QUE SE ENCUENTRAN CONTENIDOS EN EL PRESUPUESTO DE LA NACIÓN PARA EL AÑO 2002, CORRESPONDIENTE AL PRIMER, SEGUNDO, TERCER Y CUARTO TRIMESTRE DEL AÑO 2002",https://www.cmfchile.cl/normativa/cir_1582_2002.pdf
2002-01-01,128,MODIFICA NORMAS DE CARACTER GENERAL QUE INDICA,https://www.cmfchile.cl/normativa/ncg_128_2002.pdf
2002-01-01,127,MODIFICA NORMA DE CARACTER GENERAL Nº 49 DE 09.09.1994,https://www.cmfchile.cl/normativa/ncg_127_2002.pdf
2002-01-01,1581,INSTRUYE SOBRE PUBLICACION TRIMESTRAL DE LA CARTERA DE INVERSIONES DE LOS FONDOS MUTUOS.  DEROGA CIRCULAR Nº 716 DE 1987 Y CIRCULAR Nº 888 DE 1989,https://www.cmfchile.cl/normativa/cir_1581_2002.pdf
2002-01-01,1580,MODIFICA CIRCULAR Nº 1217 QUE NORMA LA INVERSION DE LOS FONDOS MUTUOS EN TITULOS EMITIDOS POR EMISORES EXTRANJEROS.,https://www.cmfchile.cl/normativa/cir_1580_2002.pdf
2002-01-01,1579,"ESTABLECE NORMAS DE VALORIZACION DE INSTRUMENTOS DE DEUDA, CONVERSION DE APORTES, LIQUIDACION Y PROGRAMACION DE RESCATES.  DEROGA SECCIONES II Y III DE CIRCULAR Nº 781 DE 29 DE FEBRERO DE 1988",https://www.cmfchile.cl/normativa/cir_1579_2002.pdf
2002-01-01,1578,ESTABLECE CLASIFICACION DE FONDOS MUTUOS SEGUN SU POLITICA DE INVERSIONES. DEROGA SECCION I DE CIRCULAR Nº 781 DE 29 DE FEBRERO DE 1988,https://www.cmfchile.cl/normativa/cir_1578_2002.pdf
2002-01-01,1577,GIRO BANCARIO. CORREDURIA DE DINERO O CREDITOS Y TITULOS VALORES.,https://www.cmfchile.cl/normativa/cir_1577_2002.pdf
2002-01-01,80,COMUNICA TASA INTERES DE ACTUALIZACION,https://www.cmfchile.cl/normativa/ofc_80_2002.pdf
2002-01-01,79,IMPARTE INSTRUCCIONES Y SOLICITA INFORMACION EN RELACION A LA SITUACION ECONOMICA QUE AFECTA A LA REPUBLICA ARGENTINA,https://www.cmfchile.cl/normativa/ofc_79_2002.pdf
2002-01-01,126,MODIFICA NORMA DE CARACTER GENERAL Nº 125 DE 2001,https://www.cmfchile.cl/normativa/ncg_126_2002.pdf
2002-01-01,78,COMUNICA NUEVO VALOR UNIDAD DE SEGURO REAJUSTABLE,https://www.cmfchile.cl/normativa/ofc_78_2002.pdf
2002-01-01,77,INFORMA TASA DE VALORIZACION DE PASIVOS Y TASA PARA VALORIZACION DEL BONO DE RECONOCIMIENTO (CIRCULAR Nº 1512 DE ENERO DE 2001 Y Nº 1360 DE ENERO DE 1998),https://www.cmfchile.cl/normativa/ofc_77_2002.pdf
2002-01-01,76,COMUNICA TASA INTERES DE ACTUALIZACION,https://www.cmfchile.cl/normativa/ofc_76_2002.pdf
2001-01-01,1576,"SOLICITA APORTES CUMPLIMIENTO DECRETO LEY Nº 1.757, MODIFICADO POR EL DECRETO LEY Nº 2.245, POR EL MES DE ENERO DE 2002",https://www.cmfchile.cl/normativa/cir_1576_2001.pdf
2001-01-01,75,MODIFICA OFICIO CIRCULAR Nº 064 DE 14 DE SEPTIEMBRE DE 2001,https://www.cmfchile.cl/normativa/ofc_75_2001.pdf
2001-01-01,1575,AUTORIZA ACTIVIDADES COMPLEMENTARIAS DE INSTITUCIONES QUE SEÑALA,https://www.cmfchile.cl/normativa/cir_1575_2001.pdf
2001-01-01,74,INFORMA TASA DE VALORIZACION DE PASIVOS Y TASA PARA VALORIZACION DEL BONO DE RECONOCIMIENTO (CIRCULAR Nº 1512 DE ENERO DE 2001 Y Nº 1360 DE ENERO DE 1998),https://www.cmfchile.cl/normativa/ofc_74_2001.pdf
2001-01-01,1574,"SOLICITA APORTES CUMPLIMIENTO DECRETO LEY Nº 1.757, MODIFICADO POR EL DECRETO LEY Nº 2.245, POR EL MES DE DICIEMBRE DE 2001",https://www.cmfchile.cl/normativa/cir_1574_2001.pdf
2001-01-01,73,COMUNICA NUEVO VALOR UNIDAD DE SEGURO REAJUSTABLE,https://www.cmfchile.cl/normativa/ofc_73_2001.pdf
2001-01-01,1573,"ACTUALIZA NOMINA DE CIRCULAR Nº 1.030, DE 28 DE AGOSTO DE 1991.   DEROGA CIRCULAR Nº 1.547 DE 13 DE JUNIO DE 2001",https://www.cmfchile.cl/normativa/cir_1573_2001.pdf
2001-01-01,1572,MODIFICA CIRCULAR Nº 1218,https://www.cmfchile.cl/normativa/cir_1572_2001.pdf
2001-01-01,1571,ESTABLECE NORMAS RELATIVAS A LA CONTRATACION DE SEGUROS POR LAS COMPAÑIAS DE SEGUROS A TRAVES DE BANCOS Y SOCIEDADES FINANCIERAS,https://www.cmfchile.cl/normativa/cir_1571_2001.pdf
2001-01-01,125,REGULA LAS EXIGENCIAS ESTABLECIDAS EN LOS ARTICULOS 226 Y 229 DE LA LEY 18.045,https://www.cmfchile.cl/normativa/ncg_125_2001.pdf
2001-01-01,1570,"DETERMINACION DEL PATRIMONIO DE RIESGO, PATRIMONIO NETO Y OBLIGACION DE INVERTIR.  DEROGA CIRCULAR Nº 743 DE 1987",https://www.cmfchile.cl/normativa/cir_1570_2001.pdf
2001-01-01,124,ESTABLECE NORMAS RELATIVAS AL DEPOSITO DE POLIZAS Y DISPOSICIONES MINIMAS DE CONTRATOS DE SEGURO.  DEROGA CIRCULARES QUE INDICA,https://www.cmfchile.cl/normativa/ncg_124_2001.pdf
2001-01-01,123,IMPARTE INSTRUCCIONES RELATIVAS A LA CONSTITUCION DE FILIALES ADMINISTRADORAS GENERALES DE FONDOS POR PARTE DE LAS ENTIDADES ASEGURADORAS DEL SEGUNDO GRUPO,https://www.cmfchile.cl/normativa/ncg_123_2001.pdf
2001-01-01,72,COMUNICA TASA INTERES DE ACTUALIZACION,https://www.cmfchile.cl/normativa/ofc_72_2001.pdf
2001-01-01,1569,AUTORIZA BOLSAS DE VALORES EXTRANJERAS PARA LOS EFECTOS DE LO ESTABLECIDO EN EL ARTICULO 18 TER DE LA LEY SOBRE IMPUESTO A LA RENTA,https://www.cmfchile.cl/normativa/cir_1569_2001.pdf
2001-01-01,122,"MODIFICA NORMA DE CARACTER GENERAL Nº 102, DE 28 DE DICIEMBRE DE 2000",https://www.cmfchile.cl/normativa/ncg_122_2001.pdf
2001-01-01,71,INFORMA TASA DE VALORIZACION DE PASIVOS Y TASA PARA VALORIZACION DEL BONO DE RECONOCIMIENTO (CIRCULAR Nº 1512 DE ENERO DE 2001 Y Nº 1360 DE ENERO DE 1998),https://www.cmfchile.cl/normativa/ofc_71_2001.pdf
2001-01-01,1568,"SOLICITA APORTES CUMPLIMIENTO DECRETO LEY Nº 1.757, MODIFICADO POR EL DECRETO LEY Nº 2.245, POR EL MES DE NOVIEMBRE DE 2001",https://www.cmfchile.cl/normativa/cir_1568_2001.pdf
2001-01-01,1567,AUTORIZA PLANES DE AHORRO PREVISIONAL VOLUNTARIO QUE OFREZCAN INSTITUCIONES QUE SEÑALA,https://www.cmfchile.cl/normativa/cir_1567_2001.pdf
2001-01-01,1566,AUTORIZA ACTIVIDAD COMPLEMENTARIA DE INSTITUCIONES QUE SEÑALA,https://www.cmfchile.cl/normativa/cir_1566_2001.pdf
2001-01-01,70,COMUNICA NUEVO VALOR UNIDAD DE SEGURO REAJUSTABLE,https://www.cmfchile.cl/normativa/ofc_70_2001.pdf
2001-01-01,69,COMUNICA VERSION ACTUALIZADA DEL SOFTWARE FECU S.A.,https://www.cmfchile.cl/normativa/ofc_69_2001.pdf
2001-01-01,121,"MODIFICA NORMA DE CARACTER GENERAL Nº 49,  SOBRE LA CONTRATACION DIRECTA DE SEGUROS POR LAS COMPAÑIAS DE SEGUROS O  A TRAVES DE AGENTES DE VENTAS",https://www.cmfchile.cl/normativa/ncg_121_2001.pdf
2001-01-01,68,COMUNICA TASA INTERES DE ACTUALIZACION,https://www.cmfchile.cl/normativa/ofc_68_2001.pdf
2001-01-01,1565,"MODIFICA CIRCULAR Nº 777, DE 02.02.1988, NORMAS DE CONTRATACION SEGUROS RENTAS VITALICIAS DEL D.L. Nº 3.500",https://www.cmfchile.cl/normativa/cir_1565_2001.pdf
2001-01-01,1564,"MODIFICA CIRCULAR Nº 1550, DE 20 DE JULIO DE 2001, SOBRE ENVIO DE INFORMACION RELATIVA AL SEGURO AGRICOLA",https://www.cmfchile.cl/normativa/cir_1564_2001.pdf
2001-01-01,1563,"SOLICITA APORTES CUMPLIMIENTO DECRETO LEY Nº 1.757, MODIFICADO POR EL DECRETO L EY Nº 2.245, POR EL MES DE OCTUBRE DE 2001",https://www.cmfchile.cl/normativa/cir_1563_2001.pdf
2001-01-01,67,COMUNICA NUEVO VALOR UNIDAD DE SEGUROS  REAJUSTABLE,https://www.cmfchile.cl/normativa/ofc_67_2001.pdf
2001-01-01,66,INFORMA TASA DE VALORIZACION DE PASIVOS Y TASA PARA VALORIZACION DEL BONO DE RECONOCIMIENTO (CIRCULAR Nº 1512 DE ENERO DE 2001 Y Nº 1360 DE ENERO DE 1998),https://www.cmfchile.cl/normativa/ofc_66_2001.pdf
2001-01-01,1562,IMPARTE INSTRUCCIONES SOBRE NORMAS DE OPERACION A LOS OPERADORES DIRECTOS DE LOS CORREDORES DE BOLSA,https://www.cmfchile.cl/normativa/cir_1562_2001.pdf
2001-01-01,1561,"MODIFICA CIRCULAR Nº 777, DE 02.02.1988, NORMAS DE CONTRATACION SEGUROS RENTAS VITALICIAS DEL D.L. Nº 3.500",https://www.cmfchile.cl/normativa/cir_1561_2001.pdf
2001-01-01,65,COMUNICA TASA  INTERES DE ACTUALIZACION,https://www.cmfchile.cl/normativa/ofc_65_2001.pdf
2001-01-01,1560,MODIFICA CIRCULAR Nº 1.501 DEL 4 DE OCTUBRE DE 2000,https://www.cmfchile.cl/normativa/cir_1560_2001.pdf
2001-01-01,64,MODIFICA OFICIO CIRCULAR Nº 048 DE 26 DE JUNIO DE 2001,https://www.cmfchile.cl/normativa/ofc_64_2001.pdf
2001-01-01,1559,"MODIFICA CIRCULAR Nº 1.499 DE 15 DE SEPTIEMBRE DE 2000, SOBRE CONTABILIZACION Y PROVISIONES DE PRIMAS POR COBRAR Y RECUPEROS",https://www.cmfchile.cl/normativa/cir_1559_2001.pdf
2001-01-01,1558,"MODIFICA CIRCULAR Nº 1.555, DE 23 DE AGOSTO DE 2001, SOBRE ENVIO DE COTIZACIONES DIARIAS DE RENTAS VITALICIAS PREVISIONALES",https://www.cmfchile.cl/normativa/cir_1558_2001.pdf
2001-01-01,1557,"SOLICITA APORTES CUMPLIMIENTO DECRETO LEY Nº 1.757, MODIFICADO POR EL DECRETO LEY Nº 2.245, POR EL MES DE SEPTIEMBRE DE 2001",https://www.cmfchile.cl/normativa/cir_1557_2001.pdf
2001-01-01,63,INFORMA TASA DE VALORIZACION DE PASIVOS Y TASA PARA VALORIZACION DEL BONO DE RECONOCIMIENTO (CIRCULAR Nº 1512 DE ENERO DE 2001 Y Nº 1360 DE ENERO DE 1998),https://www.cmfchile.cl/normativa/ofc_63_2001.pdf
2001-01-01,62,COMUNICA NUEVO VALOR UNIDAD DE SEGURO REAJUSTABLE,https://www.cmfchile.cl/normativa/ofc_62_2001.pdf
2001-01-01,1556,MODIFICA CIRCULAR Nº 1.535 DE 2001,https://www.cmfchile.cl/normativa/cir_1556_2001.pdf
2001-01-01,61,"ACTUALIZA NOMINAS ""FACTOR DE RIESGO PAIS"" Y ""PAIS CON GRADO DE INVERSION"", SEGUN LO CONTEMPLADO EN CIRCULAR Nº 1.226 DE JUNIO DE 1995.   DEROGA OFICIO CIRCULAR Nº 018 DE 2001",https://www.cmfchile.cl/normativa/ofc_61_2001.pdf
2001-01-01,60,"DETERMINACION DE INFORMES PUBLICOS PARA APROBACION DE TITULOS DE DEUDA PARA INVERSION POR LOS F ONDOS DE PENSIONES.  DEROGA OFICIO CIRCULAR Nº 206, DE 1995",https://www.cmfchile.cl/normativa/ofc_60_2001.pdf
2001-01-01,59,EXIGENCIAS A LAS RENUNCIAS EN LOS SEGUROS,https://www.cmfchile.cl/normativa/ofc_59_2001.pdf
2001-01-01,1555,INSTRUYE EL ENVIO DE INFORMACION RELATIVA A COTIZACIONES DIARIAS DE RENTAS VITALICIAS PREVISIONALES,https://www.cmfchile.cl/normativa/cir_1555_2001.pdf
2001-01-01,120,"MODIFICA NORMAS DE CARACTER GENERAL Nº 83, DE 13 DE MAYO DE 1999, Y Nº 87, DE 19 DE JULIO DE 1999",https://www.cmfchile.cl/normativa/ncg_120_2001.pdf
2001-01-01,119,DEFINE INVERSIONISTAS CALIFICADOS PARA LOS EFECTOS QUE SE SEÑALA,https://www.cmfchile.cl/normativa/ncg_119_2001.pdf
2001-01-01,58,COMUNICA TASA INTERES DE ACTUALIZACION,https://www.cmfchile.cl/normativa/ofc_58_2001.pdf
2001-01-01,1554,"MODIFICA CIRCULAR Nº 756, DE 31.12.1987",https://www.cmfchile.cl/normativa/cir_1554_2001.pdf
2001-01-01,1553,"MODIFICA CIRCULAR Nº 1339, DE 07.08.1997, EN LO RELATIVO AL REGISTRO Y OPERACION DE LOS AGENTES ADMINISTRADORES DE MUTUOS HIPOTECARIOS ENDOSABLES",https://www.cmfchile.cl/normativa/cir_1553_2001.pdf
2001-01-01,1552,"MODIFICA CIRCULAR Nº 1338, DE 07.08.1997, QUE ESTABLECE NORMAS RELATIVAS AL REGISTRO DE POLIZAS",https://www.cmfchile.cl/normativa/cir_1552_2001.pdf
2001-01-01,57,INFORMA TASA DE VALORIZACION DE PASIVOS Y TASA PARA VALORIZACION DEL BONO DE RECONOCIMIENTO (CIRCULAR Nº 1512 DE ENERO DE 2001 Y Nº 1360 DE ENERO DE 1998),https://www.cmfchile.cl/normativa/ofc_57_2001.pdf
2001-01-01,56,COMUNICA NUEVO VALOR UNIDAD DE SEGURO REAJUSTABLE,https://www.cmfchile.cl/normativa/ofc_56_2001.pdf
2001-01-01,1551,"SOLICITA APORTES CUMPLIMIENTO DECRETO LEY Nº 1.757, MODIFICADO POR EL DECRETO LEY Nº 2.245, POR EL MES DE AGOSTO DE 2001",https://www.cmfchile.cl/normativa/cir_1551_2001.pdf
2001-01-01,55,IMPARTE INSTRUCCIONES QUE INDICA PARA TODAS LAS SOCIEDADES  ADMINISTRADORAS DE FONDOS MUTUOS,https://www.cmfchile.cl/normativa/ofc_55_2001.pdf
2001-01-01,54,COMUNICA TASA INTERES DE ACTUALIZACION,https://www.cmfchile.cl/normativa/ofc_54_2001.pdf
2001-01-01,1550,"INSTRUYE EL ENVIO DE INFORMACION RELATIVA AL SEGURO AGRICOLA.  DEROGA CIRCULAR Nº 1.532, DE 19 DE MARZO DE 2001",https://www.cmfchile.cl/normativa/cir_1550_2001.pdf
2001-01-01,53,SOLICITA ESTANDARIZACION DEL NUMERO DE POLIZA EN LAS CIRCULARES Nº 1.194 Y Nº 1.508 DE RENTAS VITALICIAS PREVISIONALES,https://www.cmfchile.cl/normativa/ofc_53_2001.pdf
2001-01-01,52,INFORME SOBRE SEGURO DE INCENDIO PARA VIVIENDAS,https://www.cmfchile.cl/normativa/ofc_52_2001.pdf
2001-01-01,51,COMUNICA VERSION ACTUALIZADA DEL SOFTWARE FECU S.A.,https://www.cmfchile.cl/normativa/ofc_51_2001.pdf
2001-01-01,50,INFORMA TASA DE VALORIZACION DE PASIVOS Y TASA PARA VALORIZACION DEL BONO DE RECONOCIMIENTO (CIRCULAR Nº 1512 DE ENERO DE 2001 Y Nº 1360 DE ENERO DE 1998),https://www.cmfchile.cl/normativa/ofc_50_2001.pdf
2001-01-01,1549,"SOLICITA APORTES CUMPLIMIENTO DECRETO LEY Nº 1.757, MODIFICADO POR EL DECRETO LEY Nº 2.245, POR EL MES DE JULIO DE 2001",https://www.cmfchile.cl/normativa/cir_1549_2001.pdf
2001-01-01,49,COMUNICA NUEVO VALOR UNIDAD DE SEGURO REAJUSTABLE,https://www.cmfchile.cl/normativa/ofc_49_2001.pdf
2001-01-01,1548,"SOLICITA INFORMACION DIARIA DE FONDOS MUTUOS.
DEROGA CIRCULAR Nº 1.193 DEL 16 DE ENERO DE 1995",https://www.cmfchile.cl/normativa/cir_1548_2001.pdf
2001-01-01,48,"INFORMACION NECESARIA PARA DETERMINAR LOS INSTRUMENTOS QUE CUMPLEN CON LOS REQUISITOS DEL ARTICULO 21 DEL DFL Nº 251 Y CALCULAR SUS LIMITES DE INVERSION POR EMISOR.
SUSTITUYE LA INFORMACION PUBLICADA EN EL OFICIO CIRCULAR Nº 029 DE 23 DE MARZO DE 2001.",https://www.cmfchile.cl/normativa/ofc_48_2001.pdf
2001-01-01,47,COMUNICA TASA INTERES DE ACTUALIZACION,https://www.cmfchile.cl/normativa/ofc_47_2001.pdf
2001-01-01,46,"IMPARTE INSTRUCCIONES A SOCIEDADES QUE INDICA, RESPECTO A DISPOSICIONES CONTENIDAS EN LA SECCION II DE LA NORMA DE CARACTER GENERAL Nº 30 DE 1989 Y EN LA SECCION III DE LA CIRCULAR Nº 1.501 DE 2000.",https://www.cmfchile.cl/normativa/ofc_46_2001.pdf
2001-01-01,1547,"ACTUALIZA NOMINA DE CIRCULAR Nº 1.030, DE 28 DE AGOSTO DE 1991.
DEROGA CIRCULAR Nº 1.527 DE 22 DE FEBRERO DE 2001",https://www.cmfchile.cl/normativa/cir_1547_2001.pdf
2001-01-01,1546,"SOLICITA APORTES CUMPLIMIENTO DECRETO LEY Nº 1.757, MODIFICADO POR EL DECRETO LEY Nº 2.245, POR EL MES DE JUNIO DE 2001",https://www.cmfchile.cl/normativa/cir_1546_2001.pdf
2001-01-01,45,COMUNICA NUEVO VALOR UNIDAD DE SEGURO REAJUSTABLE,https://www.cmfchile.cl/normativa/ofc_45_2001.pdf
2001-01-01,44,INFORMA TASA DE VALORIZACION DE PASIVOS Y TASA PARA VALORIZACION DEL BONO DE RECONOCIMIENTO (CIRCULAR Nº 1143 DE DICIEMBRE  DE 1993  Y Nº 1360 DE ENERO DE 1998),https://www.cmfchile.cl/normativa/ofc_44_2001.pdf
2001-01-01,43,IMPARTE INSTRUCCIONES RELATIVAS A FORMATO DE PRESENTACION DE LA FICHA ESTADISTICA CODIFICADA UNIFORME (FECU),https://www.cmfchile.cl/normativa/ofc_43_2001.pdf
2001-01-01,1545,MODIFICA CIRCULARES Nº 1.122 DE 24 DE MAYO DE 1993 Y Nº 1.439 DE 10 DE JUNIO DE 1999,https://www.cmfchile.cl/normativa/cir_1545_2001.pdf
2001-01-01,42,COMUNICA TASA INTERES DE ACTUALIZACION,https://www.cmfchile.cl/normativa/ofc_42_2001.pdf
2001-01-01,118,"ESTABLECE NORMAS PARA LA INSCRIPCION EN EL REGISTRO DE VALORES, DE SOCIEDADES ANONIMAS Y SUS ACCIONES, QUE SERAN TRANSADAS EN LOS MERCADOS PARA EMPRESAS EMERGENTES QUE REGULEN LAS BOLSAS DE VALORES, ASIMISMO, NORMAS DE DIFUSION, COLOCACION Y OBLIGACIONES DE INFORMACION CONTINUA",https://www.cmfchile.cl/normativa/ncg_118_2001.pdf
2001-01-01,41,INFORMA TASA DE VALORIZACION DE PASIVOS Y TASA PARA VALORIZACION DEL BONO DE RECONOCIMIENTO (CIRCULAR Nº 1143 DE DICIEMBRE DE 1993 Y Nº 1360 DE ENERO DE 1998),https://www.cmfchile.cl/normativa/ofc_41_2001.pdf
2001-01-01,40,"IMPARTE INSTRUCCIONES QUE INDICA, POR SUSPENSION DE COTIZACION BURSATIL DE LAS ACCIONES DE LABORATORIO CHILE S.A.",https://www.cmfchile.cl/normativa/ofc_40_2001.pdf
2001-01-01,1544,"SOLICITA APORTES CUMPLIMIENTO DECRETO LEY Nº 1.757, MODIFICADO POR EL DECRETO LEY Nº 2.245, POR EL MES DE MAYO DE 2001",https://www.cmfchile.cl/normativa/cir_1544_2001.pdf
2001-01-01,39,COMUNICA NUEVO VALOR UNIDAD DE SEGURO REAJUSTABLE,https://www.cmfchile.cl/normativa/ofc_39_2001.pdf
2001-01-01,1543,"MODIFICA CIRCULARES QUE INDICA, REGULANDO PRESENTACION A TRAVES DE INTERNET DE LOS ESTADOS FINANCIEROS DE ENTIDADES ASEGURADORAS Y REASEGURADORAS",https://www.cmfchile.cl/normativa/cir_1543_2001.pdf
2001-01-01,1542,"MODIFICA CIRCULAR Nº 1.333 DE 1997, REGULANDO PRESENTACION A TRAVES DE INTERNET DE LOS ESTADOS FINANCIEROS DE FONDOS MUTUOS",https://www.cmfchile.cl/normativa/cir_1542_2001.pdf
2001-01-01,38,COMUNICA TASA INTERES DE ACTUALIZACION,https://www.cmfchile.cl/normativa/ofc_38_2001.pdf
2001-01-01,117,"REGULA PRESENTACION DE INFORMACION LEGAL, ECONOMICA Y FINANCIERA A TRAVES DE INTERNET",https://www.cmfchile.cl/normativa/ncg_117_2001.pdf
2001-01-01,37,IMPARTE INSTRUCCIONES QUE INDICA,https://www.cmfchile.cl/normativa/ofc_37_2001.pdf
2001-01-01,36,INFORMA ELIMINACION DE POLIZAS Y CLAUSULAS DEL REGISTRO DE POLIZAS,https://www.cmfchile.cl/normativa/ofc_36_2001.pdf
2001-01-01,1541,"ESTABLECE REQUERIMIENTO DE INFORMACION SOBRE LIMITACIONES O PROHIBICIONES A LA INVERSION DE LOS RECURSOS DE LOS FONDOS, A SER INCLUIDA EN SU POLITICA DE INVERSION",https://www.cmfchile.cl/normativa/cir_1541_2001.pdf
2001-01-01,1540,INFORMACION AL MERCADO SOBRE INSCRIPCIONES Y ANOTACIONES EN EL REGISTRO DE AUXILIARES DEL COMERCIO DE SEGUROS,https://www.cmfchile.cl/normativa/cir_1540_2001.pdf
2001-01-01,116,"MODIFICA NORMA DE CARACTER GENERAL Nº 91, DE 21 DE ENERO DE 2000, RELATIVA A NORMAS DE AGENTES DE VENTAS DE SEGUROS DE RENTAS VITALICIAS DEL D.L. 3.500, DE 1980",https://www.cmfchile.cl/normativa/ncg_116_2001.pdf
2001-01-01,115,"MODIFICA NORMA DE CARACTER GENERAL Nº 102, DE 28 DE DICIEMBRE DE 2000, QUE ESTABLECE NORMAS PARA CORREDORES DE SEGUROS DE RENTAS VITALICIAS DEL D.L. Nº 3.500, DE 1980",https://www.cmfchile.cl/normativa/ncg_115_2001.pdf
2001-01-01,1539,"SOLICITA APORTES CUMPLIMIENTO DECRETO LEY Nº 1.757 MODIFICADO POR EL DECRETO LEY Nº 2.245, POR EL MES DE ABRIL DE 2001",https://www.cmfchile.cl/normativa/cir_1539_2001.pdf
2001-01-01,35,INFORMA TASA DE VALORIZACION DE PASIVOS Y TASA PARA VALORIZACION DEL BONO DE RECONOCIMIENTO (CIRCULAR Nº 1143 DE DICIEMBRE DE 1993 Y Nº 1360 DE ENERO DE 1998),https://www.cmfchile.cl/normativa/ofc_35_2001.pdf
2001-01-01,34,COMUNICA NUEVO VALOR UNIDAD DE SEGURO REAJUSTABLE,https://www.cmfchile.cl/normativa/ofc_34_2001.pdf
2001-01-01,33,REGISTRO DE CORREDORES DE REASEGUROS,https://www.cmfchile.cl/normativa/ofc_33_2001.pdf
2001-01-01,1538,ESTABLECE CONDICIONES PARA LA REALIZACION DE OPERACIONES DE SUSCRIPCION Y RESCATE DE CUOTAS DE FONDOS MUTUOS A TRAVES DE INTERNET U OTROS SISTEMAS DE TRANSMISION REMOTA,https://www.cmfchile.cl/normativa/cir_1538_2001.pdf
2001-01-01,114,ESTABLECE EXIGENCIAS MINIMAS DE SEGURIDAD EN EL USO DE SITIOS WEB PARA EL COMERCIO ELECTRONICO DE VALORES DE OFERTA PUBLICA,https://www.cmfchile.cl/normativa/ncg_114_2001.pdf
2001-01-01,1537,"ESTABLECE NORMA GENERAL SOBRE ACREDITACION DE CONOCIMIENTOS DE SEGUROS PARA LOS POSTULANTES AL REGISTRO DE AUXILIARES DEL COMERCIO DE SEGUROS, COMO CORREDOR DE SEGUROS GENERALES Y DE VIDA O LIQUIDADOR DE SINIESTROS.
DEROGA CIRCULAR Nº 1475 DE 21 DE MARZO DE 2000",https://www.cmfchile.cl/normativa/cir_1537_2001.pdf
2001-01-01,1536,MODIFICA CIRCULAR Nº 1.248 DE 1995 SOBRE FONDOS DE INVERSION,https://www.cmfchile.cl/normativa/cir_1536_2001.pdf
2001-01-01,1535,"INSTRUYE SOBRE: I) ACTUALIZACION DE CLASIFICACIONES DE RIESGO DE VALORES DE OFERTA PUBLICA.  II) CONTENIDO Y PERIODICIDAD DE ENVIO DE INFORMACION Y DOCUMENTACION A ESTA SUPERINTENDENCIA.
DEROGA CIRCULARES Nº 802/88 Y Nº 942/90",https://www.cmfchile.cl/normativa/cir_1535_2001.pdf
2001-01-01,1534,"MODIFICA CIR. 1) Nº 1.207, ESTABLECE NORMAS PARA DETERMINAR EL PATRIMONIO MINIMO DE LA ADMINISTRADORA; 2) CIR. Nº 1.258, SOBRE DETERMINACION DEL VALOR ECONOMICO DE CUOTAS; 3) CIR. Nº 1.351, QUE ESTABLECE CONDICIONES A CUMPLIR EN VENTAS DE VIVIENDAS ARRENDADAS CON PROMESA DE COMPRAVENTA; OFC. Nº  3.394/98, ACLARA ALCANCE DEL ART. 7º DE LA LEY 18.815.
5) DEROGA OFC 178, DE 13.01.1998, QUE AUTORIZA VALORIZACION ECONOMICA DE CUOTAS DE FONDOS QUE INDICA",https://www.cmfchile.cl/normativa/cir_1534_2001.pdf
2001-01-01,1533,INSTRUYE SOBRE USO DE SOFTWARE PARA LA PRESENTACION DE ESTADOS FINANCIEROS,https://www.cmfchile.cl/normativa/cir_1533_2001.pdf
2001-01-01,32,"IMPARTE INSTRUCCIONES PARA LA APLICACION DEL ARTICULO 11 DEL D.L. Nº 1.328, DE 1976",https://www.cmfchile.cl/normativa/ofc_32_2001.pdf
2001-01-01,31,"COBRO DE DERECHOS POR INSCRIPCIONES EN REGISTROS, OBTENCION DE APROBACIONES Y CERTIFICACIONES QUE OTORGUE LA SUPERINTENDENCIA",https://www.cmfchile.cl/normativa/ofc_31_2001.pdf
2001-01-01,30,REGISTRO DE REASEGURADORES EXTRANJEROS Y DE CORREDORES DE REASEGUROS,https://www.cmfchile.cl/normativa/ofc_30_2001.pdf
2001-01-01,29,"INFORMACION NECESARIA PARA DETERMINAR LOS INSTRUMENTOS QUE CUMPLEN CON LOS REQUISITOS DEL ARTICULO 21 DEL DFL Nº 251 Y CALCULAR SUS LIMITES DE INVERSION POR EMISOR.
SUSTITUYE INFORMACION PUBLICADA EN EL OFICIO CIRCULAR Nº 08490 DEL 22 DE DICIEMBRE DE 2000",https://www.cmfchile.cl/normativa/ofc_29_2001.pdf
2001-01-01,28,COMUNICA TASA INTERES DE ACTUALIZACION,https://www.cmfchile.cl/normativa/ofc_28_2001.pdf
2001-01-01,27,REGISTRO DE REASEGURADORES EXTRANJEROS,https://www.cmfchile.cl/normativa/ofc_27_2001.pdf
2001-01-01,1532,INSTRUYE EL ENVIO DE INFORMACION RELATIVA AL SEGURO AGRICOLA,https://www.cmfchile.cl/normativa/cir_1532_2001.pdf
2001-01-01,26,IMPARTE INSTRUCCIONES QUE INDICA,https://www.cmfchile.cl/normativa/ofc_26_2001.pdf
2001-01-01,1531,"MODIFICA CIRCULAR 585, QUE REGULA LA FORMA Y CONTENIDO SOBRE INFORMACION DE LAS TRANSACCIONES DE COMPRA O DE VENTA DE ACCIONES EFECTUADAS POR PERSONAS Y ENTIDADES QUE INDICA, EN EL SENTIDO QUE SEÑALA",https://www.cmfchile.cl/normativa/cir_1531_2001.pdf
2001-01-01,1530,IMPARTE NORMAS SOBRE PARTICIPACION DE DIRECTORES A SESIONES POR MEDIOS TECNOLOGICOS,https://www.cmfchile.cl/normativa/cir_1530_2001.pdf
2001-01-01,113,"ESTABLECE REQUISITOS PARA LA REALIZACION DE OPERACIONES CON INSTRUMENTOS DERIVADOS, POR PARTE DE LOS FONDOS DE INVERSION",https://www.cmfchile.cl/normativa/ncg_113_2001.pdf
2001-01-01,25,REGISTRO DE REASEGURADORES EXTRANJEROS Y DE CORREDORES DE REASEGUROS,https://www.cmfchile.cl/normativa/ofc_25_2001.pdf
2001-01-01,24,REGISTRO DE REASEGURADORES EXTRANJEROS Y DE CORREDORES DE REASEGUROS,https://www.cmfchile.cl/normativa/ofc_24_2001.pdf
2001-01-01,23,REGISTRO DE REASEGURADORES EXTRANJEROS Y DE CORREDORES DE REASEGUROS,https://www.cmfchile.cl/normativa/ofc_23_2001.pdf
2001-01-01,22,INFORMA TASA DE VALORIZACION DE PASIVOS Y TASA PARA VALORIZACION DEL BONO DE RECONOCIMIENTO (CIRCULAR Nº 1143 DE DICIEMBRE DE 1993 Y Nº 1360 DE ENERO DE 1998),https://www.cmfchile.cl/normativa/ofc_22_2001.pdf
2001-01-01,1529,"SOLICITA APORTES CUMPLIMIENTO DECRETO LEY Nº 1.757, MODIFICADO POR EL DECRETO LEY Nº 2.245, POR EL MES DE MARZO DE 2001",https://www.cmfchile.cl/normativa/cir_1529_2001.pdf
2001-01-01,21,COMUNICA NUEVO VALOR UNIDAD DE SEGURO REAJUSTABLE,https://www.cmfchile.cl/normativa/ofc_21_2001.pdf
2001-01-01,1528,MODIFICA CIRCULAR  1060 DE 1992 QUE ESTABLECE FORMATO DE PRESENTACION DE ESTADOS FINANCIEROS PARA LOS FONDOS DE INVERSION,https://www.cmfchile.cl/normativa/cir_1528_2001.pdf
2001-01-01,20,COMUNICA TASA INTERES DE ACTUALIZACION,https://www.cmfchile.cl/normativa/ofc_20_2001.pdf
2001-01-01,1527,"ACTUALIZA NOMINA DE CIRCULAR  1.030, DE 1991, QUE SEÑALA ENTIDADES QUE CONFORMAN DIVERSOS GRUPOS EMPRESARIALES SEGUN LO ESTABLECIDO EN EL TITULO XV DE LA LEY DE MERCADO DE VALORES",https://www.cmfchile.cl/normativa/cir_1527_2001.pdf
2001-01-01,1526,"ESTABLECE INSTRUCCIONES A LOS COMITES DE DIRECTORES.
DEROGA OFICIO-CIRCULAR Nº 142 DE 10 DE ENERO DE 2001",https://www.cmfchile.cl/normativa/cir_1526_2001.pdf
2001-01-01,112,"MODIFICA NORMA DE CARACTER GENERAL Nº 22, QUE ESTABLECE NORMAS SOBRE INSCRIPCION ENTIDADES CLASIFICADORAS DE RIESGO Y DE REGISTRO EN ACTA DE SUS PROCEDIMIENTOS Y CRITERIOS DE CLASIFICACION",https://www.cmfchile.cl/normativa/ncg_112_2001.pdf
2001-01-01,19,"FORMA DE PRESENTAR MODIFICACIONES REGLAMENTARIAS Y DE CONTRATOS DE SUSCRIPCION DE CUOTAS SUJETAS A APROBACION, RESPECTO DE FONDOS DE INVERSION Y FONDOS MUTUOS",https://www.cmfchile.cl/normativa/ofc_19_2001.pdf
2001-01-01,18,"ACTUALIZA NOMINAS ""FACTOR DE RIESGO - PAIS"" Y ""PAIS CON GRADO DE INVERSION"", SEGUN LO CONTEMPLADO EN CIRCULAR Nº 1.226 DE JUNIO DE 1995 Y EN OFICIO CIRCULAR Nº 2089.  DEROGA OFICIO CIRCULAR  Nº 8356 DE 15 DE DICIEMBRE DE 2000",https://www.cmfchile.cl/normativa/ofc_18_2001.pdf
2001-01-01,1525,"MODIFICA CIRCULAR Nº 1.266 DE 8 DE FEBRERO DE 1996, SOBRE ENVIO DE INFORMACION DE INTERMEDIACION ANUAL DE SEGUROS EFECTUADA POR CORREDORES DE SEGUROS Y VENTA DIRECTA.  CAMBIA POSICION Y LARGO DE CAMPOS QUE INDICA",https://www.cmfchile.cl/normativa/cir_1525_2001.pdf
2001-01-01,1524,"MODIFICA CIRCULAR  1.271 DE 16 DE FEBRERO DE 1996, SOBRE FICHA ESTADISTICA CODIFICADA UNIFORME (F.E.C.U.) PARA CORREDORES DE SEGUROS",https://www.cmfchile.cl/normativa/cir_1524_2001.pdf
,,PRESENTACION DE FICHA ESTADISTICA CODIFICADA UNIFORME (F.E.C.U.) PARA CORREDORES DE SEGUROS,https://www.cmfchile.cl/normativa/ofc_1007_2001_01.pdf
,,REGISTRO DE REASEGURADORES EXTRANJEROS Y DE CORREDORES DE REASEGUROS,https://www.cmfchile.cl/normativa/ofc_848_2001_01.pdf
2001-01-01,111,"MODIFICA NORMA DE CARACTER GENERAL Nº 102, DE 28 DE DICIEMBRE DE 2000",https://www.cmfchile.cl/normativa/ncg_111_2001.pdf
,,INFORMA TASA DE VALORIZACION DE PASIVOS Y TASA PARA VALORIZACION DEL BONO DE RECONOCIMIENTO (CIRCULAR Nº 1143 DE DICIEMBRE DE 1993 Y Nº 1360 DE ENERO DE 1998,https://www.cmfchile.cl/normativa/ofc_826_2001_01.pdf
,,COMUNICA NUEVO VALOR UNIDAD DE SEGURO REAJUSTABLE,https://www.cmfchile.cl/normativa/ofc_825_2001_01.pdf
2001-01-01,1523,"SOLITICA APORTES CUMPLIMIENTO DECRETO LEY Nº 1.757, MODIFICADO POR EL DECRETO LEY Nº 2.245, POR EL MES DE FEBRERO DE 2001",https://www.cmfchile.cl/normativa/cir_1523_2001.pdf
2001-01-01,1522,"MODIFICA CIRCULAR Nº 1501 DE 4/10/2000.
NOTA:MODIFICA VIGENCIA DE LA CIRCULAR 1501, LA QUE REGIRA A PARTIR DEL 1/01/2001, SIENDO APLICABLE A LOS ESTADOS FINANCIEROS REFERIDOS AL 31/03/2001",https://www.cmfchile.cl/normativa/cir_1522_2001.pdf
2001-01-01,110,INTRODUCE MODIFICACIONES A LAS SECCIONES I Y II DE LA NORMA DE CARACTER GENERAL Nº 30 DE 10.11.1989.    DEROGA OFICIO CIRCULAR QUE INDICA.,https://www.cmfchile.cl/normativa/ncg_110_2001.pdf
2001-01-01,1521,"DISTRIBUCION DE LOS APORTES FISCALES DESTINADOS A LOS CUERPOS DE BOMBEROS DE CHILE, QUE SE ENCUENTRAN CONTENIDOS EN EL PRESUPUESTO DE LA NACION PARA EL AÑO 2001, CORRESPONDIENTE AL PRIMER, SEGUNDO, TERCER Y CUARTO TRIMESTRE DEL AÑO 2001",https://www.cmfchile.cl/normativa/cir_1521_2001.pdf
2001-01-01,1520,DEROGA CIRCULAR Nº 842 Y SUS MODIFICACIONES RELATIVA A INFORMACION SOBRE CONTRATOS Y NEGOCIOS FACULTATIVOS DE REASEGURO,https://www.cmfchile.cl/normativa/cir_1520_2001.pdf
,,INFORMACION AL 31 DE DICIEMBRE DE 2000 SOBRE CONTRATOS DE REASEGUROS SUSCRITOS A TRAVES DE CORREDORES DE REASEGUROS,https://www.cmfchile.cl/normativa/ofc_504_2001_01.pdf
,,COMUNICA TASA DE INTERES DE ACTUALIZACION,https://www.cmfchile.cl/normativa/ofc_503_2001_01.pdf
,,EXTIENDE PLAZO PARA LA PRESENTACION DE LOS ESTADOS FINANCIEROS,https://www.cmfchile.cl/normativa/ofc_485_2001_01.pdf
2001-01-01,1519,"MODIFICA CIRCULARES Nº S 481 QUE INSTRUYE SOBRE ACCIONES CON TRANSACCION BURSATIL,  Nº 618, QUE ESTABLECE PROCEDIMIENTOS DE OPERACIONES DE COMPRA Y VENTA DE ACCIONES, Nº 1219  SOBRE OBLIGACION DE INCLUIR EN  REGLAMENTO INTERNO POLITICA DE INVERSION  DE CARTERA, Y Nº 1254, SOBRE EXCESOS DE INVERSION, TODAS ELLAS SOBRE FONDOS MUTUOS EN LA FORMA QUE SE INDICA",https://www.cmfchile.cl/normativa/cir_1519_2001.pdf
2001-01-01,109,"ESTABLECE REQUISITOS PARA LA REALIZACION DE OPERACIONES DE VENTA CORTA Y PRESTAMO DE ACCIONES, POR CUENTA DE FONDOS DE INVERSION",https://www.cmfchile.cl/normativa/ncg_109_2001.pdf
2001-01-01,108,"MODIFICA NORMA DE CARACTER GENERAL Nº 74 QUE ESTABLECE PROCEDIMIENTOS PARA LAS INVERSIONES DE LOS FONDOS DE INVERSION, EN LA FORMA QUE INDICA",https://www.cmfchile.cl/normativa/ncg_108_2001.pdf
2001-01-01,107,"MODIFICA NORMA DE CARACTER GENERAL Nº 25,  QUE DETERMINA PROCEDIMIENTOS GENERALES DE CLASIFICACION DE VALORES DE OFERTA PUBLICA, EN LA FORMA QUE  INDICA",https://www.cmfchile.cl/normativa/ncg_107_2001.pdf
2001-01-01,106,"MODIFICA NORMA DE CARACTER GENERAL Nº 16 QUE ESTABLECE REQUISITOS DE INSCRIPCION A INTERMEDIARIOS DE VALORES, EN LOS TERMINOS QUE SE SEÑALA",https://www.cmfchile.cl/normativa/ncg_106_2001.pdf
,,ACTUALIZA SOFTWARE Y ARCHIVO CON INFORMACION DE CORREDORES DE SEGUROS PARA EL CUMPLIMIENTO ANUAL DE LA CIRCULAR Nº 1.266 DE 8 DE FEBRERO DE 1996,https://www.cmfchile.cl/normativa/ofc_336_2001_01.pdf
2001-01-01,1518,"IMPARTE INSTRUCCIONES PARA LA REALIZACION DE OPERACIONES DE VENTA CORTA Y PRESTAMO DE ACCIONES, POR CUENTA DE LOS FONDOS MUTUOS",https://www.cmfchile.cl/normativa/cir_1518_2001.pdf
2001-01-01,1517,ESTABLECE REQUISITOS PARA LA INVERSION DE LOS FONDOS PARA LA VIVIENDA EN TITULOS DE DEUDA DE SECURITIZACION,https://www.cmfchile.cl/normativa/cir_1517_2001.pdf
2001-01-01,1516,ESTABLECE REQUISITOS PARA LA INVERSION DE LOS FONDOS MUTUOS EN TITULOS DE DEUDA DE SECURITIZACION,https://www.cmfchile.cl/normativa/cir_1516_2001.pdf
2001-01-01,105,"MODIFICA NORMA DE CARACTER GENERAL Nº 77 DE 20 DE ENERO DE 1998, QUE REGULA EL SISTEMA DE ANOTACIONES EN CUENTA DE LAS EMPRESAS DE DEPOSITO Y CUSTODIA DE VALORES, EN LOS TERMINOS QUE SE SEÑALA",https://www.cmfchile.cl/normativa/ncg_105_2001.pdf
,,COMUNICA TASA INTERES DE ACTUALIZACION,https://www.cmfchile.cl/normativa/ofc_232_2001_01.pdf
,,COMUNICA INSCRIPCION DE CORREDOR DE REASEGUROS Y CAMBIO DE NOMBRE DE REASEGURADOR EXTRANJERO,https://www.cmfchile.cl/normativa/ofc_210_2001_01.pdf
,,ACLARA ASPECTOS DE LA INVERSION DE LOS FONDOS MUTUOS EN VALORES DE OFERTA PUBLICA EMITIDOS POR LOS FONDOS DE INVERSION DE CAPITAL EXTRANJERO DE LA LEY Nº 18.657 DE 1987,https://www.cmfchile.cl/normativa/ofc_177_2001_01.pdf
,,IMPARTE INSTRUCCIONES RELATIVAS A LA IMPLEMENTACION DE LOS COMITES DE DIRECTORES A QUE SE REFIERE EL ARTICULO 50 BIS DE LA LEY Nº 18.046.,https://www.cmfchile.cl/normativa/ofc_142_2001_01.pdf
,,MODIFICA OFICIO CIRCULAR Nº 69 DE 05 DE ENERO DE 2001,https://www.cmfchile.cl/normativa/ofc_141_2001_01.pdf
2001-01-01,1515,"MODIFICA CIRCULAR Nº 1122, DE 24 DE MAYO DE 1993. (SE APLICA A CONTAR DE LOS ESTADOS FINANCIEROS AL 31 DE DICIEMBRE DE 2000)",https://www.cmfchile.cl/normativa/cir_1515_2001.pdf
2001-01-01,1514,ESTABLECE OBLIGACIONES DE LAS QUE SE EXIMIRAN AQUELLAS OFERTAS DE ADQUISICION DE ACCIONES A QUE SE REFIERE EL INCISO QUINTO DEL ARTICULO 198 DE LA LEY Nº 18.045,https://www.cmfchile.cl/normativa/cir_1514_2001.pdf
2001-01-01,1513,"MODIFICA CIRCULAR Nº 481 DE 04 DE FEBRERO DE 1985, Y DEROGA CIRCULAR Nº 1209 DE 07 DE ABRIL DE 1995",https://www.cmfchile.cl/normativa/cir_1513_2001.pdf
2001-01-01,104,"ESTABLECE NORMAS RESPECTO DE TOMA DE CONTROL Y DE LAS OFERTAS PUBLICAS DE ADQUISICION DE ACCIONES (OPAS).
DEROGA CIRCULAR Nº 608, DE 1986",https://www.cmfchile.cl/normativa/ncg_104_2001.pdf
2001-01-01,103,ESTABLECE REQUISITOS PARA QUE UNA ACCION SEA CONSIDERADA CON PRESENCIA O TRANSACCION BURSATIL,https://www.cmfchile.cl/normativa/ncg_103_2001.pdf
,,COMUNICA INSCRIPCION DE REASEGURADOR EXTRANJERO,https://www.cmfchile.cl/normativa/ofc_69_2001_01.pdf
,,INFORMA TASA DE VALORIZACION DE PASIVOS Y TASA PARA VALORIZACION DEL BONO DE RECONOCIMIENTO (CIRCULAR Nº 1143 DE DICIEMBRE DE 1993 Y Nº 1360 DE ENERO DE 1998,https://www.cmfchile.cl/normativa/ofc_68_2001_01.pdf
,,COMUNICA NUEVO VALOR UNIDAD DE SEGURO REAJUSTABLE,https://www.cmfchile.cl/normativa/ofc_67_2001_01.pdf
,,INFORMACION SOBRE PACTOS DE ACCIONISTAS DE SOCIEDADES FISCALIZADAS,https://www.cmfchile.cl/normativa/ofc_64_2001_01.pdf
2001-01-01,1512,"IMPARTE INSTRUCCIONES SOBRE CONSTITUCION DE RESERVAS TECNICAS Y VALORIZACION DE ACTIVOS Y PASIVOS EN RELACION AL CALCE DE ACTIVOS Y PASIVOS.  DEROGA CIRCULARES Nº 1143 DE 1993, 1285 DE 1996, 1363 DE 1998 Y  OFICIO CIRCULAR Nº 1613 DE 1990 (NOTA: NO SE ENCUENTRA VIGENTE, SIN PERJUICIO DE APLICACION VOLUNTARIA A CONTAR ESTADOS FINANCIEROS AL 31 DE DICIEMBRE DE 2000)",https://www.cmfchile.cl/normativa/cir_1512_2001.pdf
2001-01-01,1511,"MODIFICA CIRCULAR Nº 376, DE 30 DE DICIEMBRE DE 1983, EN LO RELATIVO A LA RESERVA EXTRAORDINARIA PARA SEGUROS DE GARANTIA Y DE RESPONSABILIDAD CIVIL(NOTA: NO SE ENCUENTRA VIGENTE, SIN PERJUICIO APLICACION VOLUNTARIA A PARTIR ESTADOS FINANCIEROS AL 31 DE DICIEMBRE DE 2000)",https://www.cmfchile.cl/normativa/cir_1511_2001.pdf
2000-01-01,102,ESTABLECE NORMAS PARA CORREDORES DE SEGUROS DE RENTAS VITALICIAS DEL D.L. Nº 3.500 DE 1980.,https://www.cmfchile.cl/normativa/ncg_102_2000.pdf
2000-01-01,1510,"SOLICITA APORTES CUMPLIMIENTO DECRETO LEY Nº 1.757, MODIFICADO POR EL DECRETO LEY Nº 2.254, POR EL MES DE ENERO DE 2001.",https://www.cmfchile.cl/normativa/cir_1510_2000.pdf
2000-01-01,8490,"INFORMACION NECESARIA PARA DETERMINAR LOS INSTRUMENTOS QUE CUMPLEN CON LOS REQUISITOS DEL ARTICULO 21 DEL DFL Nº 251 Y CALCULAR SUS LIMITES DE INVERSION POR EMISOR.
SUSTITUYE INFORMACION PUBLICADA EN OFICIO CIRCULAR Nº 06191 DE 22 DE SEPTIEMBRE DE 2000.",https://www.cmfchile.cl/normativa/ofc_8490_2000.pdf
2000-01-01,101,DETERMINA PRECIO DE UNA ACCION PARA QUE SEA CONSIDERADO SUSTANCIALMENTE SUPERIOR AL DE MERCADO,https://www.cmfchile.cl/normativa/ncg_101_2000.pdf
2000-01-01,8356,"ACTUALIZA NOMINAS ""FACTOR DE RIESGO-PAIS""  Y ""PAIS CON GRADO DE  INVERSION"", SEGUN LO CONTEMPLADO EN CIRCULAR Nº 1.226 DE JUNIO DE 1995, Y EN OFICIO CIRCULAR Nº 2.089 DE 1999. DEROGA OFICIO CIRCULAR Nº 4.211 DE 05 DE JULIO DE 2000.",https://www.cmfchile.cl/normativa/ofc_8356_2000.pdf
2000-01-01,8225,APLICACION DE LIMITES POR EMISOR EN EL CASO DE BONOS EMITIDOS POR EMPRESAS PUBLICAS QUE CUENTEN CON GARANTIA ESTATAL,https://www.cmfchile.cl/normativa/ofc_8225_2000.pdf
2000-01-01,8182,COMUNICA NUEVO VALOR UNIDAD DE SEGURO REAJUSTABLE,https://www.cmfchile.cl/normativa/ofc_8182_2000.pdf
2000-01-01,8174,INFORMA TASA DE VALORIZACION DE PASIVOS Y TASA PARA VALORIZACION DEL BONO DE RECONOCIMIENTO (CIRCULAR Nº 1143 DE DICIEMBRE DE 1993 Y Nº 1360 DE ENERO DE 1998),https://www.cmfchile.cl/normativa/ofc_8174_2000.pdf
2000-01-01,1509,"SOLICITA APORTES CUMPLIMIENTO DECRETO LEY Nº 1.757, MODIFICADO POR EL DECRETO LEY Nº 2.245, POR EL MES DE DICIEMBRE DE 2000.",https://www.cmfchile.cl/normativa/cir_1509_2000.pdf
2000-01-01,8043,"IMPARTE INSTRUCCIONES QUE INDICA RESPECTO A LA NO APLICABILIDAD DE LAS DISPOSICIONES CONTENIDAS EN PARRAFOS 2º Y 3º DE LA LETRA A) DE LA CIRCULAR Nº 262, DE 1982 (EN ATENCION A RESOLUCION SVS Nº 351 DE 4-12-2000)",https://www.cmfchile.cl/normativa/ofc_8043_2000.pdf
2000-01-01,7985,COMUNICA INSCRIPCIONES DE REASEGURADORES EXTRANJEROS.,https://www.cmfchile.cl/normativa/ofc_7985_2000.pdf
2000-01-01,7981,CONSENTIMIENTO Y MANIFESTACION DE VOLUNTAD EN LOS CONTRATOS DE SEGUROS.,https://www.cmfchile.cl/normativa/ofc_7981_2000.pdf
2000-01-01,1508,"ESTABLECE NORMAS PARA EL ENVIO DE INFORMACION SOBRE POLIZAS DE RENTA VITALICIA PREVISIONAL DEL D.L. Nº 3.500 DE 1980.  DEROGA CIRCULAR Nº 963, DE 29 DE AGOSTO DE 1990.",https://www.cmfchile.cl/normativa/cir_1508_2000.pdf
2000-01-01,7961,COMUNICA TASA INTERES DE ACTUALIZACION.,https://www.cmfchile.cl/normativa/ofc_7961_2000.pdf
2000-01-01,7920,"IMPARTE INSTRUCCIONES A LAS BOLSAS DE VALORES, RELATIVAS A ESTABLECER A SUS CORREDORES MIEMBROS, LAS OBLIGACIONES QUE SEÑALA.",https://www.cmfchile.cl/normativa/ofc_7920_2000.pdf
2000-01-01,7919,IMPARTE INSTRUCCIONES SOBRE COLOR EN CERTIFICADO DEL SEGURO OBLIGATORIO DE ACCIDENTES PERSONALES.,https://www.cmfchile.cl/normativa/ofc_7919_2000.pdf
2000-01-01,7368,COMUNICA NUEVO VALOR UNIDAD DE SEGURO REAJUSTABLE.,https://www.cmfchile.cl/normativa/ofc_7368_2000.pdf
2000-01-01,7367,"COMUNICA INSCRIPCION, CAMBIO DE RAZON SOCIAL Y DE REPRESENTANTES LEGALES DE LOS REASEGURADORES EXTRANJEROS QUE SEÑALA.   CAMBIO DE RAZON SOCIAL Y NOMBRE CORTO DEL CORREDOR DE REASEGUROS QUE INDICA.",https://www.cmfchile.cl/normativa/ofc_7367_2000.pdf
2000-01-01,7279,INFORMA TASA DE VALORIZACION DE PASIVOS Y TASA PARA VALORIZACION DEL BONO DE RECONOCIMIENTO (CIRCULAR 1143 DE DICIEMBRE DE 1993 Y 1360 DE ENERO DE 1998),https://www.cmfchile.cl/normativa/ofc_7279_2000.pdf
2000-01-01,7276,IMPARTE INSTRUCCIONES QUE INDICA,https://www.cmfchile.cl/normativa/ofc_7276_2000.pdf
2000-01-01,7267,DEFINE PROCEDIMIENTO PARA EL ENVIO DE ANTECEDENTES CON CARACTER DE RESERVADO,https://www.cmfchile.cl/normativa/ofc_7267_2000.pdf
2000-01-01,7197,IMPARTE INSTRUCCIONES RELATIVAS A INCLUSION EN REGLAMENTOS INTERNOS Y SOLICITUDES DE INVERSION DE FONDOS MUTUOS DE MODALIDADES DE EXENCION AL COBRO DE COMISION DE COLOCACION DIFERIDA AL RESCATE.,https://www.cmfchile.cl/normativa/ofc_7197_2000.pdf
2000-01-01,1507,SUBVENCION DE APORTE FISCAL Y CONTRIBUCION ADICIONAL CORRESPONDIENTE AL 4º TRIMESTRE DEL AÑO 2000.,https://www.cmfchile.cl/normativa/cir_1507_2000.pdf
2000-01-01,1506,"SOLICITA APORTES CUMPLIMIENTO DECRETO LEY Nº 1757, MODIFICADO POR EL DECRETO LEY Nº 2245, POR EL MES DE NOVIEMBRE DE 2000.",https://www.cmfchile.cl/normativa/cir_1506_2000.pdf
2000-01-01,6941,COMUNICA TASA INTERES DE ACTUALIZACION,https://www.cmfchile.cl/normativa/ofc_6941_2000.pdf
2000-01-01,1505,"SOLICITA APORTES CUMPLIMIENTO DECRETO LEY Nº 1757, MODIFICADO POR EL DECRETO LEY Nº 2245, POR EL MES DE OCTUBRE DE 2000.",https://www.cmfchile.cl/normativa/cir_1505_2000.pdf
2000-01-01,1504,"IMPARTE INSTRUCCIONES RELATIVAS AL ARTICULO 24 LETRA E),
Nº 3, NºS. III Y IV DEL D.F.L. Nº 251, DE 1931. DEROGA CIRCULAR 
Nº 1352, DE 23 DE OCTUBRE DE 1997.",https://www.cmfchile.cl/normativa/cir_1504_2000.pdf
2000-01-01,6684,COMUNICA NUEVO VALOR UNIDAD DE SEGURO REAJUSTABLE,https://www.cmfchile.cl/normativa/ofc_6684_2000.pdf
2000-01-01,1503,INFORMA SOBRE REVISION DE INFORMACION FINANCIERA INTERINA DE LOS ESTADOS FINANCIEROS AL 30 DE JUNIO,https://www.cmfchile.cl/normativa/cir_1503_2000.pdf
2000-01-01,1502,INSTRUYE SOBRE CONSTANCIA DE LA NO-EMISION DE COTIZACION DE SEGURO DE RENTA VITALICIA INMEDIATA Y DIFERIDA. DECRETO LEY Nº 3.500 DE 1980.,https://www.cmfchile.cl/normativa/cir_1502_2000.pdf
2000-01-01,6661,INFORMA TASA DE VALORIZACION DE PASIVOS Y TASA PARA VALORIZACION DEL BONO DE RECONOCIMIENTO (CIRCULAR Nº 1143 DE DICIEMBRE DE 1993 Y Nº 1360 DE ENERO DE 1998),https://www.cmfchile.cl/normativa/ofc_6661_2000.pdf
2000-01-01,6629,COMUNICA INSCRIPCION Y CAMBIO DE RAZON SOCIAL Y NOMBRE CORTO DE CORREDOR DE REASEGURO,https://www.cmfchile.cl/normativa/ofc_6629_2000.pdf
2000-01-01,1501,"IMPARTE NORMAS SOBRE FORMA Y CONTENIDO DE LOS ESTADOS FINANCIEROS DE LAS SOCIEDADES INSCRITAS EN EL REGISTRO DE VALORES. DEROGA CIRCULAR Nº 239 DE 1982.
(NOTA: ENTRA EN VIGENCIA Y DEROGA CIRCULAR QUE INDICA A PARTIR DE LOS ESTADOS FINANCIEROS AL 31 DE DICIEMBRE DE 2000)",https://www.cmfchile.cl/normativa/cir_1501_2000.pdf
2000-01-01,100,REEMPLAZA SECCIONES I Y II DE LA NORMA DE CARACTER GENERAL Nº 30 DEL 10 DE NOVIEMBRE DE 1989.,https://www.cmfchile.cl/normativa/ncg_100_2000.pdf
2000-01-01,6590,COMUNICA TASA INTERES DE ACTUALIZACION,https://www.cmfchile.cl/normativa/ofc_6590_2000.pdf
2000-01-01,6589,"IMPARTE INSTRUCCIONES RELATIVAS A LA PUBLICIDAD O PROMOCION QUE REALICEN INTERMEDIARIOS DE VALORES DE LOS SERVICIOS SOBRE VALORES EXTRANJEROS AUTORIZADOS POR CIRCULARES QUE SE INDICAN.
(NOTA: LAS CIRCULARES REFERIDAS SON LAS Nº 1046, DE 1991, Y Nº 1493, DE 2000)",https://www.cmfchile.cl/normativa/ofc_6589_2000.pdf
2000-01-01,1500,"AGREGA NUEVOS RAMOS Y CAMPOS ADICIONALES. MODIFICA CIRCULARES Nº 1122, DE 1993, Y Nº 1488, DE 2000.
(NOTA: ENTRA EN VIGENCIA A PARTIR ESTADOS FINANCIEROS CORRESPONDIENTES AL 31 DE DICIEMBRE DE 2000)",https://www.cmfchile.cl/normativa/cir_1500_2000.pdf
2000-01-01,6191,INFORMACION NECESARIA PARA DETERMINAR LOS INSTRUMENTOS QUE CUMPLEN CON LOS REQUISITOS DEL ARTICULO 21 DEL D.F.L. Nº 251 Y CALCULAR SUS LIMITES DE INVERSION POR EMISOR.,https://www.cmfchile.cl/normativa/ofc_6191_2000.pdf
2000-01-01,6151,ACREDITACION DE LA CALIDAD DE BENEFICIARIOS DE PENSION DE SOBREVIVENCIA (ESG2),https://www.cmfchile.cl/normativa/ofc_6151_2000.pdf
2000-01-01,1499,CONTABILIZACION Y PROVISIONES DE PRIMAS POR COBRAR Y RECUPEROS,https://www.cmfchile.cl/normativa/cir_1499_2000.pdf
2000-01-01,1498,REEMPLAZA CIRCULAR NRO 1497 (BOMB),https://www.cmfchile.cl/normativa/cir_1498_2000.pdf
2000-01-01,5989,OPERACIONES DE SUSCRIPCION Y RESCATE DE CUOTAS DE FONDOS MUTUOS A TRAVES DE INTERNET (AFM),https://www.cmfchile.cl/normativa/ofc_5989_2000.pdf
2000-01-01,5937,COMUNICA NUEVO VALOR UNIDAD DE SEGURO REAJUSTABLE,https://www.cmfchile.cl/normativa/ofc_5937_2000.pdf
2000-01-01,5927,INFORMA TASA DE VALORIZACION DE PASIVOS Y TASA PARA VALORIZACION DEL BONO DE RECONOCIMIENTO (CIRCULAR Nº 1143 DE DICIEMBRE DE 1993 Y Nº 1360 DE ENERO DE 1998,https://www.cmfchile.cl/normativa/ofc_5927_2000.pdf
2000-01-01,1497,APORTES D.L. NRO 1.757 (BOMB),https://www.cmfchile.cl/normativa/cir_1497_2000.pdf
2000-01-01,1496,"MODIFICA CIRCULAR NRO 1307, DE 1996 (AFM)",https://www.cmfchile.cl/normativa/cir_1496_2000.pdf
2000-01-01,5417,COMUNICA TASA INTERES DE ACTUALIZACION,https://www.cmfchile.cl/normativa/ofc_5417_2000.pdf
2000-01-01,1495,"MODIFICA CIRCULAR NRO 782, DE 1988(AFM)",https://www.cmfchile.cl/normativa/cir_1495_2000.pdf
2000-01-01,1494,"IMPARTE INSTRUCCIONES SOBRE PLAZOS PARA EMISION DE TITULOS, REGISTRO DE TRASPASOS, EMISION DE CARTOLAS Y HORARIO DE DEPARTAMENTO DE ACCIONES (SAA E IV)",https://www.cmfchile.cl/normativa/cir_1494_2000.pdf
2000-01-01,1493,AUTORIZA COMO ACTIVIDAD COMPLEMENTARIA LA ACTIVIDAD DE SERVICIOS DE VINCULOS O LINKS EN LA COMPRA Y VENTA DE VALORES EN EL EXTRANJERO (IV Y CB),https://www.cmfchile.cl/normativa/cir_1493_2000.pdf
2000-01-01,99,OFERTAS DE SUSCRIPCION Y CESION DE ACCIONES QUE NO CONSTITUYEN OFERTA PUBLICA DE VALORES (EAN Y EAE),https://www.cmfchile.cl/normativa/ncg_99_2000.pdf
2000-01-01,1492,APORTES D.L. 1.757,https://www.cmfchile.cl/normativa/cir_1492_2000.pdf
2000-01-01,4986,COMUNICA NUEVO VALOR UNIDAD DE SEGURO REAJUSTABLE,https://www.cmfchile.cl/normativa/ofc_4986_2000.pdf
2000-01-01,4985,COMUNICA TASA INTERES DE ACTUALIZACION,https://www.cmfchile.cl/normativa/ofc_4985_2000.pdf
2000-01-01,4984,INFORMA TASA DE VALORIZACION DE PASIVOS Y TASA PARA VALORIZACION DEL BONO DE RECONOCIMIENTO (CIRCULAR Nº 1143 DE DICIEMBRE DE 1993 Y Nº 1360 DE ENERO DE 1998,https://www.cmfchile.cl/normativa/ofc_4984_2000.pdf
2000-01-01,4981,IMPARTE INSTRUCCIONES RELATIVAS A LA PREPARACION Y EMISION DEL FORMATO DE LA FICHA ESTADISTICA CODIFICADA UNIFORME (FECU),https://www.cmfchile.cl/normativa/ofc_4981_2000.pdf
2000-01-01,4618,IMPARTE INSTRUCCIONES RELATIVAS A SOLICITUDES DE CREDITOS HIPOTECARIOS (AMH),https://www.cmfchile.cl/normativa/ofc_4618_2000.pdf
2000-01-01,4566,REGULA PRESENTACION DE DECLARACION DE INTERESES POR PARTE DE DIRECTORES Y GERENTES OBLIGADOS DE ACUERDO A LEY Nº 19.653,https://www.cmfchile.cl/normativa/ofc_4566_2000.pdf
2000-01-01,1491,APORTE CONTRIBUCION ADICIONAL A CUERPOS DE BOMBEROS  (BOMB),https://www.cmfchile.cl/normativa/cir_1491_2000.pdf
2000-01-01,1490,APORTE FISCAL CUERPOS DE BOMBEROS,https://www.cmfchile.cl/normativa/cir_1490_2000.pdf
2000-01-01,1489,"MODIFICA CIRCULAR NRO 1338, DE 1997, SOBRE REGISTRO DE POLIZAS (MS)",https://www.cmfchile.cl/normativa/cir_1489_2000.pdf
2000-01-01,1488,ACEPTACION DE RIESGOS CEDIDOS DESDE EL EXTRANJERO POR LAS COMPAÑIAS DE SEGUROS (EA),https://www.cmfchile.cl/normativa/cir_1488_2000.pdf
2000-01-01,1487,IMPARTE INSTRUCCIONES SOBRE TRAMITACION DE CONSULTAS Y RECLAMOS RELATIVAS A SEGUROS (MS),https://www.cmfchile.cl/normativa/cir_1487_2000.pdf
2000-01-01,4456,IMPARTE INSTRUCCIONES A LAS BOLSAS DE VALORES SOBRE LA PROHIBICION DE REALIZAR LAS OPERACIONES QUE INDICA.,https://www.cmfchile.cl/normativa/ofc_4456_2000.pdf
2000-01-01,1486,"MODIFICA CIRCULAR NRO 1217, DE 1995. (AFM)",https://www.cmfchile.cl/normativa/cir_1486_2000.pdf
2000-01-01,98,ESTABLECE PROCEDIMIENTO ALTERNATIVO PARA LA CLASIFICACION DE RIESGO DE INSTRUMENTOS OBJETO DE INVERSION DE LOS FONDOS MUTUOS Y HOMOLOGACION DE CLASIFICACIONES INTERNACIONALES (AFM),https://www.cmfchile.cl/normativa/ncg_98_2000.pdf
2000-01-01,4303,"COMUNICA INSCRIPCION, CAMBIO DE RAZON SOCIAL Y MODIFICACION DE NOMBRE CORTO DE LOS REASEGURADORES EXTRANJEROS QUE INDICA; CAMBIO DE RAZON SOCIAL Y ELIMINACION DE CORREDORES DE REASEGURO QUE SEÑALA",https://www.cmfchile.cl/normativa/ofc_4303_2000.pdf
2000-01-01,4275,COMUNICA NUEVO VALOR UNIDAD DE SEGURO REAJUSTABLE,https://www.cmfchile.cl/normativa/ofc_4275_2000.pdf
2000-01-01,1485,APORTES D.L. 1.757 (ESG1),https://www.cmfchile.cl/normativa/cir_1485_2000.pdf
2000-01-01,4243,INFORMA TASA DE VALORIZACION DE PASIVOS Y TASA PARA VALORIZACION DEL BONO DE RECONOCIMIENTO (CIRCULAR Nº 1143 DE DICIEMBRE DE 1993 Y Nº 1360 DE ENERO DE 1998,https://www.cmfchile.cl/normativa/ofc_4243_2000.pdf
2000-01-01,4212,CONSULTA SOBRE AUTORIZACION DE ACTIVIDAD COMPLEMENTARIA,https://www.cmfchile.cl/normativa/ofc_4212_2000.pdf
2000-01-01,4211,"ACTUALIZA NOMINAS ""FACTOR RIESGO - PAIS""  Y ""PAIS CON GRADO DE INVERSION"", SEGUN LO CONTEMPLADO EN CIRCULAR Nº 1.226 DE JUNIO DE 1995 Y EN OFICIO CIRCULAR Nº 2.089 DE 1999.   DEROGA OFICIO CIRCULAR Nº 2.516 DE 28 DE ABRIL DE 2000",https://www.cmfchile.cl/normativa/ofc_4211_2000.pdf
2000-01-01,3933,INFORMA TASA DE VALORIZACION DE PASIVOS Y TASA PARA VALORIZACION DEL BONO DE RECONOCIMIENTO (CIRCULAR Nº 1143 DE DICIEMBRE DE 1993 Y Nº 1360 DE ENERO DE 1998,https://www.cmfchile.cl/normativa/ofc_3933_2000.pdf
2000-01-01,3932,COMUNICA TASA INTERES DE ACTUALIZACION,https://www.cmfchile.cl/normativa/ofc_3932_2000.pdf
2000-01-01,3858,INFORMACION NECESARIA PARA DETERMINAR LOS INSTRUMENTOS QUE CUMPLEN CON LOS REQUISITOS DEL ARTICULO 21 DEL DFL Nº  251 Y CALCULAR SUS LIMITES DE INVERSION POR EMISOR,https://www.cmfchile.cl/normativa/ofc_3858_2000.pdf
2000-01-01,1484,IMPARTE INSTRUCCIONES SOBRE PREVENCION Y CONTROL DE OPERACIONES CON RECURSOS ILICITOS. LEY NRO 19.366 (ES),https://www.cmfchile.cl/normativa/cir_1484_2000.pdf
2000-01-01,1483,IMPARTE INSTRUCCIONES DE PRESENTACION EN FECU DE POLIZAS Y CLAUSULAS DEL SEGUNDO GRUPO (ESG2),https://www.cmfchile.cl/normativa/cir_1483_2000.pdf
2000-01-01,3636,IMPARTE INSTRUCCIONES SOBRE PAGARES CUPONES DE EMISION REAJUSTABLES OPCIONALES (CERO) EMITIDOS POR EL BANCO CENTRAL DE CHILE (ES),https://www.cmfchile.cl/normativa/ofc_3636_2000.pdf
2000-01-01,3572,"REGISTRO PUBLICO DE PRESIDENTES, DIRECTORES, GERENTES, ADMINISTRADORES Y LIQUIDADORES",https://www.cmfchile.cl/normativa/ofc_3572_2000.pdf
2000-01-01,1482,APORTES D.L. 1.757 (ESG1),https://www.cmfchile.cl/normativa/cir_1482_2000.pdf
2000-01-01,3454,COMUNICA NUEVO VALOR UNIDAD DE SEGURO REAJUSTABLE,https://www.cmfchile.cl/normativa/ofc_3454_2000.pdf
2000-01-01,3380,"SERVICIOS DE LA SUPERINTENDENCIA PARA ENTIDADES, INVERSIONISTAS Y ASEGURADOS EN LA V& REGION (EPF)",https://www.cmfchile.cl/normativa/ofc_3380_2000.pdf
2000-01-01,1481,INSTRUYE EL ENVIO EN MEDIO MAGNETICO DE INFORMACION CONTENIDA EN LISTA DE ACCIONISTAS (O SOCIOS) DE SOCIEDADES QUE SEÑALA Y REGLAMENTA ARTICULO 7 DE LA LEY NRO 18.046 (SIRV),https://www.cmfchile.cl/normativa/cir_1481_2000.pdf
2000-01-01,3201,COMPATIBILIDAD ENTRE PENSION DE REPARACION Y LA PENSION MINIMA DE GARANTIA ESTATAL.  REMITE COPIA DE PRONUNCIAMIENTO DE SUPERINTENDENCIA DE ADMINISTRADORA DE FONDOS DE PENSIONES PARA EFECTOS QUE SEÑALA,https://www.cmfchile.cl/normativa/ofc_3201_2000.pdf
2000-01-01,1480,"ACTUALIZA TEXTO DE CIRCULAR NRO 1030, DE 1991 (AFM, AFI, FICE Y ES)",https://www.cmfchile.cl/normativa/cir_1480_2000.pdf
2000-01-01,3035,COMUNICA TASA INTERES DE ACTUALIZACION,https://www.cmfchile.cl/normativa/ofc_3035_2000.pdf
2000-01-01,2708,COMUNICA NUEVO VALOR UNIDAD DE SEGURO REAJUSTABLE,https://www.cmfchile.cl/normativa/ofc_2708_2000.pdf
2000-01-01,2633,INFORMA TASA DE VALORIZACION DE PASIVOS Y TASA PARA VALORIZACION DEL BONO DE RECONOCIMIENTO (CIRCULAR Nº 1143 DE DICIEMBRE DE 1993 Y Nº 1360 DE ENERO DE 1998,https://www.cmfchile.cl/normativa/ofc_2633_2000.pdf
2000-01-01,1479,APORTES D.L. 1.757 (ESG1),https://www.cmfchile.cl/normativa/cir_1479_2000.pdf
2000-01-01,2602,"ACTUALIZA NOMINAS ""FACTOR DE RIESGO - PAIS""  Y  ""PAIS CON GRADO DE INVERSION"", SEGUN LO CONTEMPLADO EN CIRCULAR Nº 1.226 DE JUNIO DE 1995, Y EN OFICIO CIRCULAR Nº 2.089.",https://www.cmfchile.cl/normativa/ofc_2602_2000.pdf
2000-01-01,2568,COMUNICA TASA INTERES DE ACTUALIZACION,https://www.cmfchile.cl/normativa/ofc_2568_2000.pdf
2000-01-01,2516,"ACTUALIZA NOMINAS ""FACTOR DE RIESGO - PAIS""  Y ""PAIS CON GRADO DE INVERSION"", SEGUN LO CONTEMPLADO EN CIRCULAR Nº 1.226 DE JUNIO DE 1995, Y EN OFICIO CIRCULAR Nº 2.089.   DEROGA OFICIO CIRCULAR Nº 785 DE 14 DE FEBRERO DE 2000",https://www.cmfchile.cl/normativa/ofc_2516_2000.pdf
2000-01-01,97,"MODIFICA NORMA DE CARACTER GENERAL NRO 88, DE 1999 (EVOPE Y DEVOPE)",https://www.cmfchile.cl/normativa/ncg_97_2000.pdf
2000-01-01,96,"MODIFICA NORMA DE CARACTER GENERAL NRO 87, DE 1999 (FIINT , FIEA Y FIEC)",https://www.cmfchile.cl/normativa/ncg_96_2000.pdf
2000-01-01,95,"MODIFICA NORMA DE CARACTER GENERAL NRO 82, DE 1999 (EVOPE)",https://www.cmfchile.cl/normativa/ncg_95_2000.pdf
2000-01-01,2288,DEROGA OFICIO CIRCULAR Nº 5644 DE 29 DE DICIEMBRE DE 1995,https://www.cmfchile.cl/normativa/ofc_2288_2000.pdf
2000-01-01,1478,IMPARTE INSTRUCCIONES SOBRE VALIDACION FISICA DEL MEDIO MAGNETICO QUE RESPALDA LA INFORMACION FINANCIERA (SIRV O SRNL18.046 SALVO ES),https://www.cmfchile.cl/normativa/cir_1478_2000.pdf
2000-01-01,1952,INFORMA TASA VALORIZACION DE PASIVOS Y TASA PARA VALORIZACION DEL BONO DE RECONOCIMIENTO (CIRCULAR Nº 1143 DE DICIEMBRE DE 1992 Y Nº 1360 DE ENERO DE 1998,https://www.cmfchile.cl/normativa/ofc_1952_2000.pdf
2000-01-01,1883,COMUNICA NUEVO VALOR UNIDAD DE SEGURO REAJUSTABLE,https://www.cmfchile.cl/normativa/ofc_1883_2000.pdf
2000-01-01,1477,APORTES D.L. 1.757 (ESG1),https://www.cmfchile.cl/normativa/cir_1477_2000.pdf
2000-01-01,1476,APRUEBA TABLAS DE MORTALIDAD PARA EL CALCULO DE RESERVAS TECNICAS (ESG2),https://www.cmfchile.cl/normativa/cir_1476_2000.pdf
2000-01-01,1707,COMUNICA TASA INTERES DE ACTUALIZACION,https://www.cmfchile.cl/normativa/ofc_1707_2000.pdf
2000-01-01,1706,IMPARTE INSTRUCCIONES RESPECTO DE LA RECEPCION DE LOS FORMULARIOS UNICOS DE NOTIFICACION (FUN) POR LAS ENTIDADES ASEGURADORAS DEL SEGUNDO GRUPO (CSG2),https://www.cmfchile.cl/normativa/ofc_1706_2000.pdf
2000-01-01,1558,INFORMACION NECESARIA PARA DETERMINAR LOS INSTRUMENTOS QUE CUMPLEN CON LOS REQUISITOS DEL ARTICULO 21 DEL DFL Nº 251 Y CALCULAR SUS LIMITES DE INVERSION POR EMISOR,https://www.cmfchile.cl/normativa/ofc_1558_2000.pdf
2000-01-01,1475,ESTABLECE NORMA GENERAL SOBRE ACREDITACION DE CONOCIMIENTOS DE SEGUROS PARA EFECTOS QUE INDICA (CS Y LS),https://www.cmfchile.cl/normativa/cir_1475_2000.pdf
2000-01-01,94,"ESTABLECE NORMAS APLICABLES A LA EMISION DE BONOS CON FORMACION DE PATRIMONIOS SEPARADOS DE ACUERDO A LO SEÑALADO EN EL ARTICULO NRO 144BIS DE LA LEY DE MERCADO DE VALORES .(COMPLEMENTA NORMA DE CARACTER GENERAL NRO 58, DE 1995) (SS)",https://www.cmfchile.cl/normativa/ncg_94_2000.pdf
2000-01-01,1474,ESTABLECE NORMAS PARA LA VALORIZACION Y CONTABILIZACION DE OPERACIONES DE VENTA CORTA Y PRESTAMO DE ACCIONES (IV),https://www.cmfchile.cl/normativa/cir_1474_2000.pdf
2000-01-01,1473,"MODIFICA CIRCULARES NROS. 579, DE 1985, 632, DE 1986, 695, DE 1987, Y 975, DE 1990 (IV)",https://www.cmfchile.cl/normativa/cir_1473_2000.pdf
2000-01-01,93,"MODIFICA NORMA DE CARACTER GENERAL NRO 18, DE 1986 (IV)",https://www.cmfchile.cl/normativa/ncg_93_2000.pdf
2000-01-01,1302,INFORMA TASA DE VALORIZACION DE PASIVOS Y TASA PARA VALORIZACION DEL BONO DE RECONOCIMIENTO (CIRCULAR Nº 1143 DE DICIEMBRE DE 1993 Y Nº 1360 DE ENERO DE 1998,https://www.cmfchile.cl/normativa/ofc_1302_2000.pdf
2000-01-01,1219,COMUNICA NUEVO VALOR UNIDAD DE SEGURO REAJUSTABLE,https://www.cmfchile.cl/normativa/ofc_1219_2000.pdf
2000-01-01,1472,APORTES D.L. 1.757 (ESG1),https://www.cmfchile.cl/normativa/cir_1472_2000.pdf
2000-01-01,994,COMUNICA TASA INTERES DE ACTUALIZACION,https://www.cmfchile.cl/normativa/ofc_994_2000.pdf
2000-01-01,785,"ACTUALIZA NOMINAS ""FACTOR DE RIESGO - PAIS""   Y   "" PAIS CON GRADO DE INVERSION"", SEGUN LO CONTEMPLADO EN CIRCULAR Nº 1.226 DE JUNIO DE 1995, Y EN OFICIO CIRCULAR Nº 2.089, DE 1999.   DEROGA OFICIO CIRCULAR Nº 6.016 DE OCTUBRE DE 1999",https://www.cmfchile.cl/normativa/ofc_785_2000.pdf
2000-01-01,1471,MODIFICA CIRCULAR NRO 1461 (ES Y CS),https://www.cmfchile.cl/normativa/cir_1471_2000.pdf
2000-01-01,730,PRESENTACION DE FICHA ESTADISTICA CODIFICADA UNIFORME (F.E.C.U.) PARA CORREDORES DE SEGUROS,https://www.cmfchile.cl/normativa/ofc_730_2000.pdf
2000-01-01,726,INFORMA TASA DE VALORIZACION DE PASIVOS Y TASA PARA VALORIZACION DEL BONO DE RECONOCIMIENTO (CIRCULAR Nº 1143 DE DICIEMBRE DE 1993 Y Nº 1360 DE ENERO DE 1998),https://www.cmfchile.cl/normativa/ofc_726_2000.pdf
2000-01-01,1470,CONTRIBUCION ADICIONAL A CUERPOS DE BOMBEROS (BOMB),https://www.cmfchile.cl/normativa/cir_1470_2000.pdf
2000-01-01,1469,APORTE FISCAL CUERPOS DE BOMBEROS (BOMB),https://www.cmfchile.cl/normativa/cir_1469_2000.pdf
2000-01-01,684,COMUNICA NUEVO VALOR UNIDAD DE SEGURO REAJUSTABLE,https://www.cmfchile.cl/normativa/ofc_684_2000.pdf
2000-01-01,1468,"MODIFICA CIRCULAR NRO 1439, DE 1999 (ACLARACION CRITERIOS PRESENTACION Y OTROS) (ESG2)",https://www.cmfchile.cl/normativa/cir_1468_2000.pdf
2000-01-01,544,COMUNICA INSCRIPCION DE REASEGURADOR EXTRANJERO,https://www.cmfchile.cl/normativa/ofc_544_2000.pdf
2000-01-01,92,"MODIFICA NORMA DE CARACTER GENERAL NRO 87, DE 1999 (FIINT , FIEA Y FIEC)",https://www.cmfchile.cl/normativa/ncg_92_2000.pdf
2000-01-01,1467,APORTES D.L. 1.757 (ESG1),https://www.cmfchile.cl/normativa/cir_1467_2000.pdf
2000-01-01,468,COMUNICA TASA INTERES DE ACTUALIZACION,https://www.cmfchile.cl/normativa/ofc_468_2000.pdf
2000-01-01,1466,IMPARTE INSTRUCCIONES SOBRE TRATAMIENTO CONTABLE DEL IMPUESTO A LA RENTA E IMPUESTOS DIFERIDOS(EF),https://www.cmfchile.cl/normativa/cir_1466_2000.pdf
2000-01-01,450,COMUNICA INSCRIPCIONES DE REASEGURADORES EXTRANJEROS,https://www.cmfchile.cl/normativa/ofc_450_2000.pdf
2000-01-01,91,ESTABLECE NORMAS PARA AGENTES DE VENTAS DE SEGUROS DE RENTAS VITALICIAS DEL SEGUNDO GRUPO (ESG2),https://www.cmfchile.cl/normativa/ncg_91_2000.pdf
2000-01-01,90,"MODIFICA NORMA DE CARACTER GENERAL NRO 49, DE 1994",https://www.cmfchile.cl/normativa/ncg_90_2000.pdf
2000-01-01,363,ACTUALIZA ARCHIVO CON INFORMACION DE CORREDORES DE SEGUROS PARA EL CUMPLIMIENTO ANUAL DE LA CIRCULAR Nº 1.266 DE 8 DE FEBRERO DE 1996,https://www.cmfchile.cl/normativa/ofc_363_2000.pdf
2000-01-01,308,COMUNICA INSCRIPCION Y CAMBIO DE RAZON SOCIAL DEL CORREDOR DE REASEGUROS QUE SE SEÑALA.  REVOCACION Y DESIGNACION DE NUEVOS REPRESENTANTES LEGALES DEL REASEGURADOR EXTRANJERO QUE INDICA,https://www.cmfchile.cl/normativa/ofc_308_2000.pdf
2000-01-01,1465,ESTABLECE NORMAS SOBRE LA FORMA Y CONTENIDO DEL ESTADO DE FLUJO DE EFECTIVO (ES),https://www.cmfchile.cl/normativa/cir_1465_2000.pdf
2000-01-01,1464,"MODIFICA CIRCULAR Nº 1085, DE 1992 (IV Y BV)",https://www.cmfchile.cl/normativa/cir_1464_2000.pdf
2000-01-01,177,LA SOLICITUD DE CANCELACION EN EL REGISTRO DE VALORES DE LA SOCIEDAD COMPAÑIA MINERA DE TOCOPILLA S.A.,https://www.cmfchile.cl/normativa/ofc_177_2000.pdf
2000-01-01,137,INFORMACION NECESARIA PARA DETERMINAR LOS INSTRUMENTOS QUE CUMPLEN CON LOS REQUISITOS DEL ARTICULO 21 DEL DFL Nº 251 Y CALCULAR SUS LIMITES DE INVERSION POR EMISOR,https://www.cmfchile.cl/normativa/ofc_137_2000.pdf
2000-01-01,77,COMUNICA NUEVO VALOR UNIDAD DE SEGURO REAJUSTABLE,https://www.cmfchile.cl/normativa/ofc_77_2000.pdf
2000-01-01,64,INFORMA TASA DE VALORIZACION DE PASIVOS Y TASA PARA VALORIZACION DEL BONO DE RECONOCIMIENTO (CIRCULAR Nº 1143 DE DICIEMBRE DE 1993 Y Nº 1360 DE ENERO DE 1998),https://www.cmfchile.cl/normativa/ofc_64_2000.pdf
2000-01-01,1463,APORTES D.L. 1.757 (ESG1),https://www.cmfchile.cl/normativa/cir_1463_2000.pdf
1999-01-01,1462,APRUEBA MODELO DE POLIZA DE SEGURO OBLIGATORIO DE ACCIDENTES PERSONALES CAUSADOS POR VEHICULOS MOTORIZADOS (LEY NRO 18.490) (MS),https://www.cmfchile.cl/normativa/cir_1462_1999.pdf
1999-01-01,7312,OTRAS MATERIAS,https://www.cmfchile.cl/normativa/ofc_7312_1999.pdf
1999-01-01,1461,"MODIFICA CIRCULARES NROS. 777, DE 1988, Y 1393, DE 1998 (ES Y CS)",https://www.cmfchile.cl/normativa/cir_1461_1999.pdf
1999-01-01,1460,"MODIFICA CIRCULAR NRO 1451, DE 1999 (AMH)",https://www.cmfchile.cl/normativa/cir_1460_1999.pdf
1999-01-01,89,"MODIFICA NORMA DE CARACTER GENERAL NRO 83, DE 1999",https://www.cmfchile.cl/normativa/ncg_89_1999.pdf
1999-01-01,1459,"09/02/2026 
30/12/2016 
15/01/2016 
25/10/2013 
25/01/2013 
21/01/2008 
16/12/2002",https://www.cmfchile.cl/normativa/cir_1459_1999.pdf
1999-01-01,1458,APORTES D.L. 1.757 (ESG1),https://www.cmfchile.cl/normativa/cir_1458_1999.pdf
1999-01-01,6488,REITERA E INSTRUYE EL USO OBLIGATORIO DE LOS FORMULARIOS DE COTIZACION DE SEGUROS DE RENTA VITALICIA (CSG2),https://www.cmfchile.cl/normativa/ofc_6488_1999.pdf
1999-01-01,1457,"IMPARTE INSTRUCCIONES SOBRE: 1) INFORMACION A INCLUIR EN POLIZAS DE SEGUROS, 2) REGLAS MINIMAS PARA SEGUROS CONTRATADOS EN FORMA COLECTIVA, 3) NORMAS GENERALES DE PUBLICIDAD, Y 4) NORMAS SOBRE PROMOCION, PUBLICIDAD Y OFERTA DE SEGUROS Y BENEFICIOS ASOCIADOS (ES Y CS)",https://www.cmfchile.cl/normativa/cir_1457_1999.pdf
1999-01-01,1456,"MODIFICA CIRCULAR NRO 1441, DE 1999 (ES)",https://www.cmfchile.cl/normativa/cir_1456_1999.pdf
1999-01-01,1455,"MODIFICA CIRCULAR NRO 666, DE 1986 (ES)",https://www.cmfchile.cl/normativa/cir_1455_1999.pdf
1999-01-01,1454,APORTES D.L. 1.757 (ESG1),https://www.cmfchile.cl/normativa/cir_1454_1999.pdf
1999-01-01,1453,"ACTUALIZA NOMINA DE GRUPOS EMPRESARIALES SEGUN LO ESTABLECIDO EN EL TITULO XV DE LA LEY DE MERCADO DE VALORES (AFM, AFI, FICE Y ES)",https://www.cmfchile.cl/normativa/cir_1453_1999.pdf
1999-01-01,1452,"MODIFICA CIRCULAR NRO 1450, DE 1999(EF)",https://www.cmfchile.cl/normativa/cir_1452_1999.pdf
1999-01-01,1451,"INFORMACION SOBRE OTORGAMIENTO, ENDOSO Y CARTERA DE MUTUOS HIPOTECARIOS ENDOSABLES (AMH)",https://www.cmfchile.cl/normativa/cir_1451_1999.pdf
1999-01-01,1450,IMPARTE INSTRUCCIONES SOBRE TRATAMIENTO CONTABLE DEL IMPUESTO A LA RENTA Y GASTOS DIFERIDOS(EF),https://www.cmfchile.cl/normativa/cir_1450_1999.pdf
1999-01-01,1449,APORTES D.L. 1.757 (ESG1),https://www.cmfchile.cl/normativa/cir_1449_1999.pdf
1999-01-01,5845,IMPARTE INSTRUCCION SOBRE TRASPASOS DE ACCIONES,https://www.cmfchile.cl/normativa/ofc_5845_1999.pdf
1999-01-01,1448,IMPARTE INSTRUCCIONES PARA LAS ENTIDADES ASEGURADORAS DEL SEGUNDO GRUPO DE PRESENTACION EN FECU DE POLIZAS Y CLAUSULAS REGISTRADAS (ESG2),https://www.cmfchile.cl/normativa/cir_1448_1999.pdf
1999-01-01,1447,APORTES D.L. 1.757 (ESG1),https://www.cmfchile.cl/normativa/cir_1447_1999.pdf
1999-01-01,1446,"IMPARTE INSTRUCCIONES GENERALES SOBRE ENVIO DE INFORMACION A LA SUPERINTENDENCIA EN MEDIO MAGNETICO, APLICABLE A CIRCULARES QUE INDICA (963, 1122, 1194, 1266 Y 1318) (ES)",https://www.cmfchile.cl/normativa/cir_1446_1999.pdf
1999-01-01,1445,CONTRIBUCION ADICIONAL A CUERPOS DE BOMBEROS (BOMB),https://www.cmfchile.cl/normativa/cir_1445_1999.pdf
1999-01-01,1444,APORTE FISCAL CUERPOS DE BOMBEROS (BOMB),https://www.cmfchile.cl/normativa/cir_1444_1999.pdf
1999-01-01,1443,APORTES D.L. 1.757 (ESG1),https://www.cmfchile.cl/normativa/cir_1443_1999.pdf
1999-01-01,1442,"MODIFICA CIRCULAR NRO 579, DE 1985 (IV)",https://www.cmfchile.cl/normativa/cir_1442_1999.pdf
1999-01-01,88,"ESTABLECE NORMAS DE INSCRIPCION DE CERTIFICADOS DE DEPOSITO DE VALORES EXTRANJEROS EN EL REGISTRO DE VALORES EXTRANJEROS, LA OFERTA PUBLICA DE LOS MISMOS EN CHILE, SU DIFUSION, COLOCACION Y OBLIGACIONES DE INFORMACION (EVOPE Y DEVOPE)",https://www.cmfchile.cl/normativa/ncg_88_1999.pdf
1999-01-01,87,"ESTABLECE PROCEDIMIENTO DE INSCRIPCION DE CUOTAS DE FONDOS DE INVERSION INTERNACIONAL, DE CUOTAS DE FONDOS ABIERTOS Y DE CUOTAS DE FONDOS CERRADOS EN EL REGISTRO DE VALORES EXTRANJEROS, LA OFERTA PUBLICA DE LOS MISMOS EN CHILE, SU DIFUSION, COLOCACION Y OBLIGACIONES DE INFORMACION  (FIINT , FIEA Y FIEC)",https://www.cmfchile.cl/normativa/ncg_87_1999.pdf
1999-01-01,86,"MODIFICA NORMA DE CARACTER GENERAL NRO 12, DE 1982 (IV)",https://www.cmfchile.cl/normativa/ncg_86_1999.pdf
1999-01-01,85,"MODIFICA NORMA DE CARACTER GENERAL NRO 57, DE 1995 (AUTORIZA INCORPORACION DE BONOS EN NOMINA DE ACTIVOS SECURITIZABLES) (SS)",https://www.cmfchile.cl/normativa/ncg_85_1999.pdf
1999-01-01,1441,ESTABLECE NORMAS MINIMAS DE AUDITORIA EXTERNA Y DE EVALUACION DE CONTROL INTERNO PARA COMPAÑIAS DE SEGUROS Y REASEGUROS (ES),https://www.cmfchile.cl/normativa/cir_1441_1999.pdf
1999-01-01,1440,APORTES D.L. 1.757 (ESG1),https://www.cmfchile.cl/normativa/cir_1440_1999.pdf
1999-01-01,84,"MODIFICA NORMA DE CARACTER GENERAL NRO 75, DE 1997 (ES)",https://www.cmfchile.cl/normativa/ncg_84_1999.pdf
1999-01-01,1439,"IMPARTE NORMAS SOBRE FORMA, CONTENIDO Y PRESENTACION DE LOS ESTADOS FINANCIEROS DE LAS ENTIDADES ASEGURADORAS Y REASEGURADORAS DEL  SEGUNDO GRUPO (ESG2)",https://www.cmfchile.cl/normativa/cir_1439_1999.pdf
1999-01-01,1438,APORTES D.L. 1.757 (ESG1),https://www.cmfchile.cl/normativa/cir_1438_1999.pdf
1999-01-01,83,IMPARTE INSTRUCCIONES SOBRE LA OFERTA PUBLICA DE VALORES EXTRANJEROS EN LAS BOLSAS DE VALORES (BV Y CB),https://www.cmfchile.cl/normativa/ncg_83_1999.pdf
1999-01-01,82,"ESTABLECE NORMAS DE INSCRIPCION DE VALORES EXTRANJEROS EN EL REGISTRO DE VALORES EXTRANJEROS, LA OFERTA PUBLICA DE LOS MISMOS EN CHILE, SU DIFUSION, COLOCACION Y OBLIGACIONES DE INFORMACION (EVOPE)",https://www.cmfchile.cl/normativa/ncg_82_1999.pdf
1999-01-01,1437,APORTES D.L. 1.757 (ESG1),https://www.cmfchile.cl/normativa/cir_1437_1999.pdf
1999-01-01,2701,ESTABLECE PROCEDIMIENTO ADICIONAL PARA LA OFERTA DE ADQUISICION DE ACCIONES DE SOCIEDAD QUE INDICA,https://www.cmfchile.cl/normativa/ofc_2701_1999.pdf
1999-01-01,1436,"MODIFICA CIRCULAR NRO 514, DE 1985 (IV)",https://www.cmfchile.cl/normativa/cir_1436_1999.pdf
1999-01-01,1435,ESTABLECE OBLIGACION DE INFORMAR HECHOS QUE PUEDAN AFECTAR PATRIMONIALMENTE A LOS CORREDORES DE BOLSA O A SUS CLIENTES (BV),https://www.cmfchile.cl/normativa/cir_1435_1999.pdf
1999-01-01,2585,REITERA OBLIGACION DE ENVIO DE INFORMACION Y AJUSTA RELATIVA AL AÑO 200,https://www.cmfchile.cl/normativa/ofc_2585_1999.pdf
1999-01-01,81,AUTORIZA OTROS VALORES DE OFERTA PUBLICA QUE PUEDEN SER OBJETOS DE DEPOSITO (EDV),https://www.cmfchile.cl/normativa/ncg_81_1999.pdf
1999-01-01,1434,CONTRIBUCION ADICIONAL A CUERPOS DE BOMBEROS (BOMB),https://www.cmfchile.cl/normativa/cir_1434_1999.pdf
1999-01-01,1433,APORTE FISCAL CUERPOS DE BOMBEROS (BOMB),https://www.cmfchile.cl/normativa/cir_1433_1999.pdf
1999-01-01,2424,RER Y CR (MS),https://www.cmfchile.cl/normativa/ofc_2424_1999.pdf
1999-01-01,2346,IMPARTE INSTRUCCIONES SOBRE ENVIO DE ESTADOS FINANCIEROS (AMH),https://www.cmfchile.cl/normativa/ofc_2346_1999.pdf
1999-01-01,2327,ESTABLECE PROCEDIMIENTO PARA LAS OFERTAS DE ADQUISICION DE ACCIONES DE SOCIEDAD QUE INDICA,https://www.cmfchile.cl/normativa/ofc_2327_1999.pdf
1999-01-01,1432,APORTES D.L. 1.757 (ESG1),https://www.cmfchile.cl/normativa/cir_1432_1999.pdf
1999-01-01,1431,"MODIFICA CIRCULAR NRO 1226, DE 1995 (SAEVOPFP.)",https://www.cmfchile.cl/normativa/cir_1431_1999.pdf
,,"ACTUALIZA NOMINAS ""FACTOR DE RIESGO - PAIS""  Y ""PAIS CON GRADO DE INVERSION"", SEGUN LO CONTEMPLADO EN CIRCULAR 
Nº 1226 DE JUNIO DE 1995.",javascript: alerta();
1999-01-01,2089,"ACTUALIZA NOMINAS ""FACTOR DE RIESGO-PAIS"" Y ""PAIS CON GRADO DE INVERSION"", SEGUN LO CONTEMPLADO EN CIRCULAR Nº 1226 DE JUNIO DE 1995",https://www.cmfchile.cl/normativa/ofc_2089_1999.pdf
1999-01-01,1994,IMPARTE INSTRUCCIONES ACERCA DE TRASPASOS Y DEVOLUCIONES DE ACCIONES PARA PARTICIPAR EN UNA OFERTA PUBLICA DE ADQUISICION (CB),https://www.cmfchile.cl/normativa/ofc_1994_1999.pdf
1999-01-01,1863,"REITERA OFICIO CIRCULAR NRO 1493, DE 1990, SOBRE TRASPASOS DE ACCIONES (SAF)",https://www.cmfchile.cl/normativa/ofc_1863_1999.pdf
1999-01-01,1430,ESTABLECE INSTRUCCIONES RESPECTO AL TRATAMIENTO DE LOS TRASPASOS DE ACCIONES DEVUELTOS Y DEFICIT O FALTANTES DE CUSTODIA (BV Y CB),https://www.cmfchile.cl/normativa/cir_1430_1999.pdf
1999-01-01,1429,ESTABLECE INSTRUCCIONES RESPECTO AL ENVIO DE INFORMACION RELATIVA A AUDITORIAS DE CUSTODIA (BV),https://www.cmfchile.cl/normativa/cir_1429_1999.pdf
1999-01-01,1428,APORTES D.L. 1.757 (ESG1),https://www.cmfchile.cl/normativa/cir_1428_1999.pdf
1999-01-01,1158,RER Y CR (MS),https://www.cmfchile.cl/normativa/ofc_1158_1999.pdf
1999-01-01,1427,CONTRIBUCION ADICIONAL A CUERPOS DE BOMBEROS (BOMB),https://www.cmfchile.cl/normativa/cir_1427_1999.pdf
1999-01-01,1426,APORTE FISCAL CUERPOS DE BOMBEROS (BOMB),https://www.cmfchile.cl/normativa/cir_1426_1999.pdf
1999-01-01,1425,APORTES D.L. 1.757 (ESG1),https://www.cmfchile.cl/normativa/cir_1425_1999.pdf
1999-01-01,1424,"MODIFICA CIRCULAR NRO 1375, DE 1998 (SAA QUE OPEREN CON ADRS)",https://www.cmfchile.cl/normativa/cir_1424_1999.pdf
1999-01-01,1423,"IMPARTE INSTRUCCIONES SOBRE LA FORMA DE ENTREGA DE LA INFORMACION FINANCIERA A ESTA SUPERINTENDENCIA . MODIFICA CIRCULAR NRO 579, DE 1985 (IV)",https://www.cmfchile.cl/normativa/cir_1423_1999.pdf
1999-01-01,1422,"MODIFICA CIRCULAR NRO 1379, DE 1998 (ARFT)",https://www.cmfchile.cl/normativa/cir_1422_1999.pdf
1999-01-01,1421,"MODIFICA CIRCULAR NRO 1383, DE 1998 (EF)",https://www.cmfchile.cl/normativa/cir_1421_1999.pdf
1999-01-01,1420,"MODIFICA CIRCULAR NRO 845, DE 1989 (FSCU)",https://www.cmfchile.cl/normativa/cir_1420_1999.pdf
1999-01-01,1419,APORTES D.L. 1.757 (ESG1),https://www.cmfchile.cl/normativa/cir_1419_1999.pdf
1999-01-01,66,"IMPARTE INSTRUCCIONES RELATIVAS AL DENOMINADO ""PROBLEMA DEL AÑO 2000""",https://www.cmfchile.cl/normativa/ofc_66_1999.pdf
1999-01-01,65,"01/09/1998 
  
01/09/1998 
  
01/09/1998 
  
01/09/1998",https://www.cmfchile.cl/normativa/ofc_65_1999.pdf
1998-01-01,1418,"MODIFICA CIRCULAR NRO 1360, DE 1998",https://www.cmfchile.cl/normativa/cir_1418_1998.pdf
1998-01-01,1417,APORTES ESPECIALES A CUERPOS DE BOMBEROS PARA REPARACION DE CUARTELES (BOMB),https://www.cmfchile.cl/normativa/cir_1417_1998.pdf
1998-01-01,1416,AYUDAS EXTRAORDINARIAS A CUERPOS DE BOMBEROS (BOMB),https://www.cmfchile.cl/normativa/cir_1416_1998.pdf
1998-01-01,1415,APORTES D.L. 1.757 (ESG1),https://www.cmfchile.cl/normativa/cir_1415_1998.pdf
1998-01-01,1414,CONTRIBUCION ADICIONAL A CUERPOS DE BOMBEROS (BOMB),https://www.cmfchile.cl/normativa/cir_1414_1998.pdf
1998-01-01,1413,APORTE FISCAL CUERPOS DE BOMBEROS (BOMB),https://www.cmfchile.cl/normativa/cir_1413_1998.pdf
1998-01-01,1412,APORTES D.L. 1.757 (ESG1),https://www.cmfchile.cl/normativa/cir_1412_1998.pdf
1998-01-01,5294,ACLARA ALCANCE DE BOLETIN TECNICO Nº 64 DEL COLEGIO DE CONTADORES DE CHILE A.G. DEROGA OFICIO CIRCULAR Nº 1679 DE 23 DE ABRIL DE 1996,https://www.cmfchile.cl/normativa/ofc_5294_1998.pdf
1998-01-01,1411,"MODIFICA CIRCULAR NRO 1122, DE 1993(ESG1)",https://www.cmfchile.cl/normativa/cir_1411_1998.pdf
1998-01-01,5211,ACLARA INFORMACION A SER ENVIADA RELATIVA AL AÑO 2000,https://www.cmfchile.cl/normativa/ofc_5211_1998.pdf
1998-01-01,5145,"INSTRUCCIONES PARA ENVIO EN DISKETTE DE NOTAS RELACIONADAS A INFORMACION SOBRE ""PROBLEMA DEL AÑO 2000""",https://www.cmfchile.cl/normativa/ofc_5145_1998.pdf
1998-01-01,1410,"MODIFICA CIRCULAR NRO 1194, DE 1995 (ESG2)",https://www.cmfchile.cl/normativa/cir_1410_1998.pdf
1998-01-01,1409,APORTES D.L. 1.757 (ESG1),https://www.cmfchile.cl/normativa/cir_1409_1998.pdf
1998-01-01,5048,"PROBLEMA AÑO 2000.
INFORMA CUMPLIMIENTO DE PROGRAMAS VALIDADORES QUE INDICA",https://www.cmfchile.cl/normativa/ofc_5048_1998.pdf
1998-01-01,1408,"MODIFICA CIRCULAR NRO 1360, DE 1998 (ES)",https://www.cmfchile.cl/normativa/cir_1408_1998.pdf
1998-01-01,1407,"MODIFICA CIRCULAR NRO 1219, DE 1995 (AFM)",https://www.cmfchile.cl/normativa/cir_1407_1998.pdf
1998-01-01,1406,"MODIFICA CIRCULAR NRO 1217, DE 1995 (AFM)",https://www.cmfchile.cl/normativa/cir_1406_1998.pdf
1998-01-01,4575,"IMPARTE INSTRUCCIONES RELATIVAS AL DENOMINADO ""PROBLEMAS DEL AÑO 2000""",https://www.cmfchile.cl/normativa/ofc_4575_1998.pdf
1998-01-01,4574,"IMPARTE INSTRUCCIONES RELATIVAS AL DENOMINADO ""PROBLEMAS DEL AÑO 2000""",https://www.cmfchile.cl/normativa/ofc_4574_1998.pdf
1998-01-01,4573,"IMPARTE INSTRUCCIONES RELATIVAS LA DENOMINADO ""PROBLEMA DEL AÑO 2000""",https://www.cmfchile.cl/normativa/ofc_4573_1998.pdf
1998-01-01,4572,IMPARTE INSTRUCCIONES RELATIVAS AL DENOMINADO PROBLEMA DEL AÑO 2000,https://www.cmfchile.cl/normativa/ofc_4572_1998.pdf
1998-01-01,1405,APORTES D.L. 1.757 (ESG1),https://www.cmfchile.cl/normativa/cir_1405_1998.pdf
1998-01-01,1404,"CIRCULAR CONJUNTA SSS NRO 1669, SAFP NRO 1037 Y SVS NRO 1404. INCORPORACION DE PENSIONADOS A LAS CAJAS DE COMPENSACION DE ASIGNACION FAMILIAR (C.C.A.F.). IMPARTE INSTRUCCIONES SOBRE PROCEDIMIENTOS DE AFILIACION Y DESAFILIACION Y MODOS DE HACER EFECTIVOS LOS DESCUENTOS QUE PROCEDAN A LAS PENSIONES DE LOS PENSIONADOS AFILIADOS(ESG2)",https://www.cmfchile.cl/normativa/cir_1404_1998.pdf
1998-01-01,1403,"COTIZACION DE SEGUROS DE RENTA VITALICIA DEL D.L. 3.500, DE 1980 (ESG2 Y CS)",https://www.cmfchile.cl/normativa/cir_1403_1998.pdf
1998-01-01,1402,"MODIFICA CIRCULAR NRO 1219, DE 1995 (AFM)",https://www.cmfchile.cl/normativa/cir_1402_1998.pdf
1998-01-01,1401,"MODIFICA CIRCULAR NRO 781, DE 1988 (AFM)",https://www.cmfchile.cl/normativa/cir_1401_1998.pdf
1998-01-01,1400,REGULA LA MANTENCION DE MONEDA EXTRANJERA Y DICTA INSTRUCCIONES PARA SU VALORIZACION (AFM),https://www.cmfchile.cl/normativa/cir_1400_1998.pdf
1998-01-01,1399,"SEÑALA NOMINA DE ENTIDADES QUE CONFORMAN DIVERSOS GRUPOS EMPRESARIALES SEGUN LO ESTABLECIDO EN EL TITULO XV DE LA LEY DE MERCADO DE VALORES(SAF, FICE, ES)",https://www.cmfchile.cl/normativa/cir_1399_1998.pdf
1998-01-01,1398,APORTES D.L. 1.757 (ESG1),https://www.cmfchile.cl/normativa/cir_1398_1998.pdf
1998-01-01,1397,CONTRIBUCION ADICIONAL A CUERPOS DE BOMBEROS (BOMB),https://www.cmfchile.cl/normativa/cir_1397_1998.pdf
1998-01-01,1396,APORTE FISCAL CUERPOS DE BOMBEROS (BOMB),https://www.cmfchile.cl/normativa/cir_1396_1998.pdf
1998-01-01,1395,"MODIFICA CIRCULAR NRO 1360, DE 1998 (ES)",https://www.cmfchile.cl/normativa/cir_1395_1998.pdf
1998-01-01,3621,SOLICITA ANTECEDENTES SOBRE SITUACION EN MONEDA EXTRANJERA,https://www.cmfchile.cl/normativa/ofc_3621_1998.pdf
1998-01-01,3449,"INFORMACION TRIMESTRAL DE OPERACIONES VIGENTES DE CONTRATOS DE OPCIONES, FUTUROS, FORWARDS, SWAPS Y SIMILARES (ES)",https://www.cmfchile.cl/normativa/ofc_3449_1998.pdf
1998-01-01,1394,APORTES D.L. 1.757 (ESG1),https://www.cmfchile.cl/normativa/cir_1394_1998.pdf
1998-01-01,3394,ACLARA ALCANCE DEL ARTICULO 7X DE LA LEY NX 18.815 (AFI),https://www.cmfchile.cl/normativa/ofc_3394_1998.pdf
1998-01-01,1393,"MODIFICA CIRCULAR NRO 777, DE 1988 (ESG2 Y CS)",https://www.cmfchile.cl/normativa/cir_1393_1998.pdf
1998-01-01,1392,APORTES D.L. 1.757(ESG1),https://www.cmfchile.cl/normativa/cir_1392_1998.pdf
1998-01-01,1391,"MODIFICA CIRCULAR NRO 1388, DE 1998(ESG2  Y CS)",https://www.cmfchile.cl/normativa/cir_1391_1998.pdf
1998-01-01,1390,IMPARTE INSTRUCCIONES RELATIVAS A INTERMEDIACION DE SEGUROS (ES Y CS),https://www.cmfchile.cl/normativa/cir_1390_1998.pdf
1998-01-01,1389,"REFUNDE Y MODIFICA NORMAS SOBRE INFORMACION A INCLUIR EN POLIZAS RESPECTO A COBERTURAS, PRIMAS Y COMISIONES E IMPARTE INSTRUCCIONES SOBRE INFORMACION A PROPORCIONAR EN SEGUROS CONTRATADOS EN FORMA COLECTIVA (ES Y CS)",https://www.cmfchile.cl/normativa/cir_1389_1998.pdf
1998-01-01,1388,"MODIFICA CIRCULAR NRO 777, DE 1988 (ESG2 Y CS)",https://www.cmfchile.cl/normativa/cir_1388_1998.pdf
1998-01-01,1387,CONTRIBUCION ADICIONAL A CUERPOS DE BOMBEROS (BOMB),https://www.cmfchile.cl/normativa/cir_1387_1998.pdf
1998-01-01,1386,APORTE FISCAL CUERPOS DE BOMBEROS (BOMB),https://www.cmfchile.cl/normativa/cir_1386_1998.pdf
1998-01-01,1385,APORTES D.L. 1.757 (ESG1),https://www.cmfchile.cl/normativa/cir_1385_1998.pdf
1998-01-01,2304,"DICTAMEN DE SUPERINTENDENCIA DE AFP SOBRE DEVENGAMIENTO DE PENSION DE INVALIDEZ RESPECTO DE AFILIADOS QUE SE ENCUENTRAN HACIENDO USO DE LICENCIA MEDICA, AL MOMENTO DE QUEDAR EJECUTORIADO EL RESPECTIVO DICTAMEN (CSG2)",https://www.cmfchile.cl/normativa/ofc_2304_1998.pdf
1998-01-01,1384,ESTABLECE FICHA ESTADISTICA CODIFICADA UNIFORME PARA PRESENTACION DE ESTADOS FINANCIEROS SEMESTRALES DE LAS ADMINISTRADORAS DE RECURSOS FINANCIEROS DE TERCEROS DESTINADOS A LA ADQUISICION DE BIENES MUEBLES(ARFT),https://www.cmfchile.cl/normativa/cir_1384_1998.pdf
1998-01-01,2243,SOLICITA INFORMACION REFERIDA A RECUPERACIONES ANUALES POR CREDITOS OTORGADOS,https://www.cmfchile.cl/normativa/ofc_2243_1998.pdf
1998-01-01,1383,IMPARTE INSTRUCCIONES SOBRE TRATAMIENTO CONTABLE DEL IMPUESTO A LA RENTA Y GASTOS DIFERIDOS (EF),https://www.cmfchile.cl/normativa/cir_1383_1998.pdf
1998-01-01,1382,IMPARTE INSTRUCCIONES SOBRE FORMA DE ENTREGA DE LA INFORMACION FINANCIERA A ESTA SUPERINTENDENCIA (SIRV SALVO ES),https://www.cmfchile.cl/normativa/cir_1382_1998.pdf
1998-01-01,1991,"REITERA EXIGENCIAS DE INFORMACION QUE DE SER REMITIDA CON LOS ESTADOS FINANCIEROS ANUALES, DE ACUERDO A CIRCULAR NRO 1222, DE 1995 (FSCU)",https://www.cmfchile.cl/normativa/ofc_1991_1998.pdf
1998-01-01,1381,APORTES D.L. 1.757 (ESG1),https://www.cmfchile.cl/normativa/cir_1381_1998.pdf
1998-01-01,80,"IMPARTE INSTRUCCIONES PARA LAS SOCIEDADES CORREDORAS DE SEGUROS QUE SEAN FILIALES DE BANCOS O FINANCIERAS Y PARA PERSONAS RELACIONADAS A BANCOS O FINANCIERAS QUE ACTUEN COMO CORREDORES DE SEGUROS, EN CONFORMIDAD AL ARTICULO 70 DE LA LEY GENERAL DE BANCOS (SCSFB Y SCSRB)",https://www.cmfchile.cl/normativa/ncg_80_1998.pdf
1998-01-01,79,"MODIFICA NORMA DE CARACTER GENERAL NRO 75, DE 1997 (ES)",https://www.cmfchile.cl/normativa/ncg_79_1998.pdf
1998-01-01,1633,AUTORIZACION QUE INDICA (VENTA DIRECTA DE ACCIONES EMITIDAS POR AFP HABITAT S.A. A SOCIEDAD QUE INDICA) (AFM),https://www.cmfchile.cl/normativa/ofc_1633_1998.pdf
1998-01-01,1380,ESTABLECE NORMAS RELATIVAS AL SISTEMA DE COMPENSACION DE DIVIDENDOS DE MUTUOS HIPOTECARIOS ENDOSABLES Y DE APORTES A CONTRATOS DE ARRENDAMIENTO DE VIVIENDAS CON PROMESA DE COMPRAVENTA REGIDOS POR LA LEY NRO 19.281 (AMH),https://www.cmfchile.cl/normativa/cir_1380_1998.pdf
1998-01-01,1379,ESTABLECE FICHA ESTADISTICA CODIFICADA UNIFORME PARA LA PRESENTACION DE ESTADOS FINANCIEROS SEMESTRALES DE FONDOS DE TERCEROS DESTINADOS A LA ADQUISICION DE BIENES MUEBLES(ARFT ),https://www.cmfchile.cl/normativa/cir_1379_1998.pdf
1998-01-01,1378,APORTES D.L. 1.757 (ESG1),https://www.cmfchile.cl/normativa/cir_1378_1998.pdf
1998-01-01,1377,IMPARTE INSTRUCCIONES RESPECTO AL REGISTRO DE MANDANTES Y AL FORMULARIO DE FORMULARIO DE RECEPCION Y ENTREGA DE VALORES ENTRE DEPOSITANTES Y MANDANTES (IV QUE ACTUEN COMO DEPOSITANTES DE UNA EMPRESA DE DEPOSITO DE VALORES,https://www.cmfchile.cl/normativa/cir_1377_1998.pdf
1998-01-01,1376,"MODIFICA CIRCULAR NRO 1207, DE 1995 (AFI)",https://www.cmfchile.cl/normativa/cir_1376_1998.pdf
1998-01-01,972,REITERA ALCANCE DEL ARTICULO 10 DE LA LEY NRO 18.045 (EIRV),https://www.cmfchile.cl/normativa/ofc_972_1998.pdf
1998-01-01,1375,IMPARTE NORMAS SOBRE INFORMACION PARA OPERACIONES CON ADRS Y OTRAS OBLIGACIONES (SAA QUE OPERAN CON ADRS),https://www.cmfchile.cl/normativa/cir_1375_1998.pdf
1998-01-01,744,IMPARTE INSTRUCCIONES QUE INDICA (AUTORIZA VENTA DIRECTA DE ACCIONES EMITIDAS POR SANTA ISABEL S.A. A SOCIEDAD QUE INDICA) (AFM),https://www.cmfchile.cl/normativa/ofc_744_1998.pdf
1998-01-01,1374,APORTES D.L. 1.757 (ESG1),https://www.cmfchile.cl/normativa/cir_1374_1998.pdf
1998-01-01,1373,"MODIFICA CIRCULAR NRO 2117, DE 1995 (AFM)",https://www.cmfchile.cl/normativa/cir_1373_1998.pdf
1998-01-01,1372,"MODIFICA CIRCULAR NRO 1061, DE 1992 (FI)",https://www.cmfchile.cl/normativa/cir_1372_1998.pdf
1998-01-01,1371,"MODIFICA CIRCULAR NRO 1046, DE 1991 (IV Y BV)",https://www.cmfchile.cl/normativa/cir_1371_1998.pdf
1998-01-01,1370,CONTABILIZACION COSTOS DE EMISION Y COLOCACION DE ACCIONES Y DE TITULOS DE DEUDA (EVIRV),https://www.cmfchile.cl/normativa/cir_1370_1998.pdf
1998-01-01,1368,CONTRIBUCION ADICIONAL A CUERPOS DE BOMBEROS (BOMB),https://www.cmfchile.cl/normativa/cir_1368_1998.pdf
1998-01-01,1367,APORTE FISCAL CUERPOS DE BOMBEROS (BOMB),https://www.cmfchile.cl/normativa/cir_1367_1998.pdf
1998-01-01,1366,AYUDAS EXTRAORDINARIAS A CUERPOS DE BOMBEROS (BOMB),https://www.cmfchile.cl/normativa/cir_1366_1998.pdf
1998-01-01,1365,APORTES ESPECIALES A CUERPOS DE BOMBEROS PARA REPARACION DE CUARTELES (BOMB),https://www.cmfchile.cl/normativa/cir_1365_1998.pdf
1998-01-01,78,"MODIFICA NORMA DE CARACTER GENERAL NRO 57, DE 1995 (SS)",https://www.cmfchile.cl/normativa/ncg_78_1998.pdf
1998-01-01,1364,"MODIFICA CIRCULAR NRO 1318, DE 1997 (ESG2)",https://www.cmfchile.cl/normativa/cir_1364_1998.pdf
1998-01-01,1363,"MODIFICA CIRCULAR Nº 1143, DE 1993 (ESG2)",https://www.cmfchile.cl/normativa/cir_1363_1998.pdf
1998-01-01,1362,"MODIFICA CIRCULAR NRO 1339, DE 1997 (ESG2 Y AMH)",https://www.cmfchile.cl/normativa/cir_1362_1998.pdf
1998-01-01,77,ESTABLECE REQUISITOS MINIMOS QUE DEBERA CUMPLIR EL SISTEMA DE ANOTACIONES EN CUENTA Y LAS REGLAS MINIMAS DE ESTANDARIZACION QUE DEBEN CUMPLIR DICHOS VALORES PARA SER OBJETO DE DEPOSITO (EVOP),https://www.cmfchile.cl/normativa/ncg_77_1998.pdf
1998-01-01,1361,"SEÑALA NOMINA DE ENTIDADES QUE CONFORMAN DIVERSOS GRUPOS EMPRESARIALES SEGUN LO ESTABLECIDO EN EL TITULO XV DE LA LEY DE MERCADO DE VALORES (AFM, AFI, FICE  Y ES)",https://www.cmfchile.cl/normativa/cir_1361_1998.pdf
1998-01-01,178,AUTORIZA VALORIZACION ECONOMICA DE LA CUOTA DE FONDOS DE INVERSION INMOBILIARIOS (AFI),https://www.cmfchile.cl/normativa/ofc_178_1998.pdf
1998-01-01,1360,"20/02/1987 
  
31/03/1987 
  
30/09/1987 
  
31/01/1996 
  
30/12/1988 
  
28/03/1991 
  
17/10/1995 
  
30/12/1988",https://www.cmfchile.cl/normativa/cir_1360_1998.pdf
1997-01-01,1359,APORTES D.L. 1.757 (ESG1),https://www.cmfchile.cl/normativa/cir_1359_1997.pdf
1997-01-01,1358,"MODIFICA CIRCULAR NRO 368, DE 1983 (SAA Y EF, SALVO ES)",https://www.cmfchile.cl/normativa/cir_1358_1997.pdf
1997-01-01,1357,APORTES D.L. 1.757 (ESG1),https://www.cmfchile.cl/normativa/cir_1357_1997.pdf
1997-01-01,1356,RER Y CR (MS),https://www.cmfchile.cl/normativa/cir_1356_1997.pdf
1997-01-01,1355,RER Y CR (MS),https://www.cmfchile.cl/normativa/cir_1355_1997.pdf
1997-01-01,1354,RER Y CR (MS),https://www.cmfchile.cl/normativa/cir_1354_1997.pdf
1997-01-01,1353,APORTES D.L. 1.757 (ESG1),https://www.cmfchile.cl/normativa/cir_1353_1997.pdf
1997-01-01,1352,IMPARTE INSTRUCCIONES RELATIVAS AL ARTICULO 4 LETRA E) NRO 3 NROS. III Y IV DEL D.F.L. NRO 251 (ES),https://www.cmfchile.cl/normativa/cir_1352_1997.pdf
1997-01-01,1351,"ESTABLECE CONDICIONES QUE DEBERAN CUMPLIRSE CON LAS VENTAS DE VIVIENDAS ARRENDADAS CON PROMESA DE COMPRAVENTA Y EN LAS CESIONES DE SUS CONTRATOS DE ARRENDAMIENTO CON PROMESA DE COMPRAVENTA (SS, FII, FICS Y SI)",https://www.cmfchile.cl/normativa/cir_1351_1997.pdf
1997-01-01,1350,CONTRIBUCION ADICIONAL A CUERPOS DE BOMBEROS (BOMB),https://www.cmfchile.cl/normativa/cir_1350_1997.pdf
1997-01-01,1349,APORTE FISCAL CUERPOS DE BOMBEROS (BOMB),https://www.cmfchile.cl/normativa/cir_1349_1997.pdf
1997-01-01,1348,"MODIFICA CIRCULAR NRO 1208, DE 1995 (AFM)",https://www.cmfchile.cl/normativa/cir_1348_1997.pdf
1997-01-01,1347,NORMA LA ADQUISICION DE INSTRUMENTOS CON PROMESA DE VENTA (AFM),https://www.cmfchile.cl/normativa/cir_1347_1997.pdf
1997-01-01,1346,APORTES D.L. 1.757 (ESG1),https://www.cmfchile.cl/normativa/cir_1346_1997.pdf
1997-01-01,5112,"IMPARTE INSTRUCCIONES QUE INDICA, RESPECTO A LA NO APLICABILIDAD DE DISPOSICIONES CONTENIDAS EN PARRAFOS SEGUNDO Y TERCERO DE LA LETRA A) DE LA CIRCULAR NX 262, DE 1982 (EN ATENCION A RESOLUCION SVS NX 292 DE 20-9-97) (AFM)",https://www.cmfchile.cl/normativa/ofc_5112_1997.pdf
1997-01-01,1345,"MODIFICA CIRCULAR NRO 1339, DE 1997 (ESG2 Y AMH)",https://www.cmfchile.cl/normativa/cir_1345_1997.pdf
1997-01-01,1344,RER Y CR (MS),https://www.cmfchile.cl/normativa/cir_1344_1997.pdf
1997-01-01,1343,"MODIFICA CIRCULAR NRO 1258, DE 1996 (AFI)",https://www.cmfchile.cl/normativa/cir_1343_1997.pdf
1997-01-01,1342,RER Y CR (MS),https://www.cmfchile.cl/normativa/cir_1342_1997.pdf
1997-01-01,1341,APORTES D.L. 1.757 (ESG1),https://www.cmfchile.cl/normativa/cir_1341_1997.pdf
1997-01-01,4709,AUTORIZACION QUE INDICA (VENTA DIRECTA DE ACCIONES EMITIDAS POR SOCIEDAD C{IA. INVERSIONES LUZ A SOCIEDADES QUE INDICA) (AFM),https://www.cmfchile.cl/normativa/ofc_4709_1997.pdf
1997-01-01,76,"MODIFICA NORMA DE CARACTER GENERAL NRO 57, DE 1995 (SS)",https://www.cmfchile.cl/normativa/ncg_76_1997.pdf
1997-01-01,4386,AUTORIZACION QUE INDICA (VENTA DIRECTA DE ACCIONES EMITIDAS POR EMISORES VARIOS A ELESUR S.A).(AFM),https://www.cmfchile.cl/normativa/ofc_4386_1997.pdf
1997-01-01,1340,"MODIFICA CIRCULAR NRO 1003, DE 1991(FSCU)",https://www.cmfchile.cl/normativa/cir_1340_1997.pdf
1997-01-01,1339,ESTABLECE NORMAS RELATIVAS AL OTORGAMIENTO Y ADQUISICION DE MUTUOS HIPOTECARIOS ENDOSABLES POR LAS ENTIDADES ASEGURADORAS DEL SEGUNDO GRUPO Y AL REGISTRO Y OPERACION DE LOS AGENTES ADMINISTRADORES DE MUTUOS HIPOTECARIOS ENDOSABLES (ESG2 Y AMH),https://www.cmfchile.cl/normativa/cir_1339_1997.pdf
1997-01-01,1338,ESTABLECE NORMAS RELATIVAS AL REGISTRO DE POLIZAS (ES),https://www.cmfchile.cl/normativa/cir_1338_1997.pdf
1997-01-01,4135,"IMPARTE INSTRUCCIONES QUE INDICA, RESPECTO A LA NO APLICABILIDAD DE DISPOSICIONES CONTENIDAS EN PARRAFOS SEGUNDO Y TERCERO DE LA LETRA A) DE LA CIRCULAR NX 262, DE 1982 (EN ATENCION A RESOLUCION SVS NX 253 DE 30-7-97) (AFM)",https://www.cmfchile.cl/normativa/ofc_4135_1997.pdf
1997-01-01,1337,APORTES D.L. 1.757 (ESG1),https://www.cmfchile.cl/normativa/cir_1337_1997.pdf
1997-01-01,1336,CONTRIBUCION ADICIONAL A CUERPOS DE BOMBEROS (BOMB),https://www.cmfchile.cl/normativa/cir_1336_1997.pdf
1997-01-01,1335,APORTE FISCAL CUERPOS DE BOMBEROS (BOMB),https://www.cmfchile.cl/normativa/cir_1335_1997.pdf
1997-01-01,1334,IMPARTE INSTRUCCIONES PARA PUBLICACION DE ESTADOS FINANCIEROS ANUALES DE FONDOS MUTUOS (AFM),https://www.cmfchile.cl/normativa/cir_1334_1997.pdf
1997-01-01,1333,ESTABLECE MODELO DE PRESENTACION DE FICHA ESTADISTICA CODIFICADA UNIFORME PARA FONDOS MUTUOS (AFM),https://www.cmfchile.cl/normativa/cir_1333_1997.pdf
1997-01-01,3646,INSTRUCCIONES RELATIVAS AL ESTADO DE FLUJO DE EFECTIVO (IV),https://www.cmfchile.cl/normativa/ofc_3646_1997.pdf
1997-01-01,1332,APORTES D.L. 1.757 (ESG1),https://www.cmfchile.cl/normativa/cir_1332_1997.pdf
1997-01-01,1331,"MODIFICA CIRCULAR CONJUNTA TESORERIA S/N, SAFP NRO 679 Y SVS NRO 1008 (ESG2)",https://www.cmfchile.cl/normativa/cir_1331_1997.pdf
1997-01-01,1330,RER Y CR (MS),https://www.cmfchile.cl/normativa/cir_1330_1997.pdf
1997-01-01,1329,APORTES D.L. 1.757 (ESG1),https://www.cmfchile.cl/normativa/cir_1329_1997.pdf
1997-01-01,1328,RER Y CR (MS),https://www.cmfchile.cl/normativa/cir_1328_1997.pdf
1997-01-01,75,REGULA INVERSION EN EL EXTRANJERO DE ACUERDO A LA LETRA H) DEL ARTICULO 21 DEL D.F.L. NRO 251 (ES).  REEMPLAZA NCG 63 DE 27.06.1995,https://www.cmfchile.cl/normativa/ncg_75_1997.pdf
1997-01-01,74,ESTABLECE PROCEDIMIENTOS PARA LAS INVERSIONES DE LOS FONDOS DE INVERSION INTERNACIONAL (FIINT),https://www.cmfchile.cl/normativa/ncg_74_1997.pdf
1997-01-01,73,"MODIFICA NORMA DE CARACTER GENERAL NRO 30, DE 1989 (SAA, EVOP Y EIRV)",https://www.cmfchile.cl/normativa/ncg_73_1997.pdf
1997-01-01,1327,RER Y CR (MS),https://www.cmfchile.cl/normativa/cir_1327_1997.pdf
1997-01-01,1326,"MODIFICA CIRCULAR NRO 1318, DE 1997 (ESG2)",https://www.cmfchile.cl/normativa/cir_1326_1997.pdf
1997-01-01,1325,APORTES D.L. 1.757 (ESG1),https://www.cmfchile.cl/normativa/cir_1325_1997.pdf
1997-01-01,1324,CONTRIBUCION ADICIONAL A CUERPOS DE BOMBEROS (BOMB),https://www.cmfchile.cl/normativa/cir_1324_1997.pdf
1997-01-01,1323,APORTE FISCAL CUERPOS DE BOMBEROS (BOMB),https://www.cmfchile.cl/normativa/cir_1323_1997.pdf
1997-01-01,1322,"MODIFICA CIRCULAR NRO 1048, DE 1991 (SIRV, AFM, AFI, FICE, BV, CON EXCEPCION ES Y EA198))",https://www.cmfchile.cl/normativa/cir_1322_1997.pdf
1997-01-01,1321,APORTES D.L. 1.757 (ESG1),https://www.cmfchile.cl/normativa/cir_1321_1997.pdf
1997-01-01,1532,DICTAMEN  SUPERINTENDENCIA DE AFP SOBRE DESCUENTO DE DEUDAS POR DESAFILIACION EN CASO DE REINCORPORACION AL NUEVO SISTEMA DE PENSIONES (ESG2),https://www.cmfchile.cl/normativa/ofc_1532_1997.pdf
1997-01-01,1319,INSTRUYE SOBRE CUADRO ANEXO A FECU DE COMPAÑIAS DE SEGUROS DE VIDA (PRIMA DIRECTA Y COSTO INTERMEDIACION RENTAS VITALICIAS) (CSG2),https://www.cmfchile.cl/normativa/ofc_1319_1997.pdf
1997-01-01,1320,RER Y CR (MS),https://www.cmfchile.cl/normativa/cir_1320_1997.pdf
1997-01-01,1319,APORTES D.L. 1.757(ESG1),https://www.cmfchile.cl/normativa/cir_1319_1997.pdf
1997-01-01,1318,NORMA RESPECTO DE LA FORMA Y CONTENIDO DEL INVENTARIO DE INVERSIONES (ESG2),https://www.cmfchile.cl/normativa/cir_1318_1997.pdf
1997-01-01,676,ESTADOS FINANCIEROS DE REASEGURADORES EXTRANJEROS (ERE Y CR),https://www.cmfchile.cl/normativa/ofc_676_1997.pdf
,,"MODIFICA CIRCULAR NRO 061, DE 1981 (ES)",javascript: alerta();
1997-01-01,1317,RER Y CR (MS),https://www.cmfchile.cl/normativa/cir_1317_1997.pdf
1997-01-01,1316,APORTES D.L. 1.757 (ESG1),https://www.cmfchile.cl/normativa/cir_1316_1997.pdf
1997-01-01,1315,APORTE FISCAL CUERPOS DE BOMBEROS (BOMB),https://www.cmfchile.cl/normativa/cir_1315_1997.pdf
1997-01-01,1314,CONTRIBUCION ADICIONAL CUERPOS DE BOMBEROS (BOMB),https://www.cmfchile.cl/normativa/cir_1314_1997.pdf
1997-01-01,1313,"MODIFICA CIRCULAR NRO 1202, DE 1995 (AE, ES, IV, AF )",https://www.cmfchile.cl/normativa/cir_1313_1997.pdf
1997-01-01,1312,"MODIFICA CIRCULAR NRO 239, DE 1982 (SIRV SALVO ES)",https://www.cmfchile.cl/normativa/cir_1312_1997.pdf
1997-01-01,238,INSTRUCCIONES RELATIVAS AL ESTADO DE FLUJO DE EFECTIVO,https://www.cmfchile.cl/normativa/ofc_238_1997.pdf
1996-01-01,1311,APORTES ESPECIALES A CUERPOS DE BOMBEROS PARA REPARACION DE CUARTELES (BOMB),https://www.cmfchile.cl/normativa/cir_1311_1996.pdf
1996-01-01,1310,AYUDAS EXTRAORDINARIAS A CUERPOS DE BOMBEROS  (BOMB),https://www.cmfchile.cl/normativa/cir_1310_1996.pdf
1996-01-01,1309,APORTES D.L. 1.757 (ESG1),https://www.cmfchile.cl/normativa/cir_1309_1996.pdf
1996-01-01,72,"INSTRUYE A LAS ENTIDADES ASEGURADORAS Y REASEGURADORAS RESPECTO DE LA INFORMACION, ARCHIVOS Y REGISTROS QUE DEBERAN MANTENER PARA EL CUMPLIMIENTO DE LAS DISPOSICIONES DEL TITULO XXI DE LA LEY NRO 18.045, DE MERCADO DE VALORES (ES)",https://www.cmfchile.cl/normativa/ncg_72_1996.pdf
1996-01-01,1308,RER Y CR (MS),https://www.cmfchile.cl/normativa/cir_1308_1996.pdf
1996-01-01,1307,ESTABLECE NORMAS GENERALES DE PUBLICIDAD DE SOCIEDADES ADMINISTRADORAS DE FONDOS MUTUOS Y DE INFORMACION A PARTICIPES. INSTRUYE SOBRE PLANES DE INVERSION CON SISTEMAS DE APORTES REGULADOS POR CONTRATO DE SUSCRIPCION DE CUOTAS (AFM),https://www.cmfchile.cl/normativa/cir_1307_1996.pdf
1996-01-01,71,NORMA LA INVERSION DE LOS FONDOS MUTUOS EN INSTRUMENTOS DERIVADOS (AFM),https://www.cmfchile.cl/normativa/ncg_71_1996.pdf
1996-01-01,1306,APORTES D.L. 1.757 (ESG1),https://www.cmfchile.cl/normativa/cir_1306_1996.pdf
1996-01-01,1305,"MODIFICA CIRCULAR NRO 1202, DE 1995 (AE, ES, IV, AF )",https://www.cmfchile.cl/normativa/cir_1305_1996.pdf
1996-01-01,70,"INSTRUYE A LAS SOCIEDADES ADMINISTRADORAS DE FONDOS DE TERCEROS RESPECTO A LA INFORMACION, ARCHIVOS Y REGISTROS QUE DEBERAN MANTENER PARA EL CUMPLIMIENTO DE LAS DISPOSICIONES DEL TITULO XXI DE LA LEY NRO 18.045(SAF)",https://www.cmfchile.cl/normativa/ncg_70_1996.pdf
1996-01-01,69,"INSTRUYE A LOS INTERMEDIARIOS DE VALORES RESPECTO A LA INFORMACION, ARCHIVOS Y REGISTROS QUE DEBERAN MANTENER PARA EL CUMPLIMIENTO DE LAS DISPOSICIONES DEL TITULO XXI DE LA LEY NRO 18.045 (IV)",https://www.cmfchile.cl/normativa/ncg_69_1996.pdf
1996-01-01,68,"MODIFICA NORMA DE CARACTER GENERAL NRO 12, DE 1982 (IV)",https://www.cmfchile.cl/normativa/ncg_68_1996.pdf
1996-01-01,1304,RER Y CR (MS),https://www.cmfchile.cl/normativa/cir_1304_1996.pdf
1996-01-01,1303,RER Y CR (MS),https://www.cmfchile.cl/normativa/cir_1303_1996.pdf
1996-01-01,1302,"MODIFICA CIRCULAR NRO 845, DE 1989 (FSCU)",https://www.cmfchile.cl/normativa/cir_1302_1996.pdf
1996-01-01,1301,APORTES D.L. 1.757 (ESG1),https://www.cmfchile.cl/normativa/cir_1301_1996.pdf
1996-01-01,1300,RER Y CR (MS),https://www.cmfchile.cl/normativa/cir_1300_1996.pdf
1996-01-01,1299,APORTE FISCAL CUERPOS DE BOMBEROS (BOMB),https://www.cmfchile.cl/normativa/cir_1299_1996.pdf
1996-01-01,1298,RER Y CR (MS),https://www.cmfchile.cl/normativa/cir_1298_1996.pdf
1996-01-01,4543,PRORROGA DISPOSICION TRANSITORIA DEL NUMERAL 4 DE LA CIRCULAR N° 1.290 DE 31.07.1996,https://www.cmfchile.cl/normativa/ofc_4543_1996.pdf
1996-01-01,1297,APORTES D.L. 1.757 (ESG1),https://www.cmfchile.cl/normativa/cir_1297_1996.pdf
1996-01-01,1296,RER Y CR (MS),https://www.cmfchile.cl/normativa/cir_1296_1996.pdf
1996-01-01,67,"MODIFICA NORMA DE CARACTER GENERAL NRO 58, DE 1995 (SS)",https://www.cmfchile.cl/normativa/ncg_67_1996.pdf
1996-01-01,1295,"MODIFICA CIRCULAR NRO 1281, DE 1996 (ES Y LS)",https://www.cmfchile.cl/normativa/cir_1295_1996.pdf
1996-01-01,1294,DEFINE FACTORES RELATIVOS AL PATRIMONIO CONSOLIDADO (ES),https://www.cmfchile.cl/normativa/cir_1294_1996.pdf
1996-01-01,1293,APORTES D.L. 1.757 (ESG1),https://www.cmfchile.cl/normativa/cir_1293_1996.pdf
1996-01-01,1292,RER Y CR (MS),https://www.cmfchile.cl/normativa/cir_1292_1996.pdf
1996-01-01,3551,"REITERA EXIGENCIAS ESTABLECIDAS EN CIRCULAR NRO 819, DE 1988 (FSCU)",https://www.cmfchile.cl/normativa/ofc_3551_1996.pdf
1996-01-01,3550,REITERA MANDATO DE LA LEY NRO 18.591 SOBRE INVERSIONES DE LOS FONDOS SOLIDARIOS DE CREDITO UNIVERSITARIO (FSCU),https://www.cmfchile.cl/normativa/ofc_3550_1996.pdf
1996-01-01,1291,"DICTA NORMAS PARA CONFECCION DE LOS LIBROS DE ACTAS (SAF, ES, ATB,ACVAFI,ADCVDCV )",https://www.cmfchile.cl/normativa/cir_1291_1996.pdf
1996-01-01,1290,ESTABLECE OBLIGACION DE RENDIR CAUCION E IMPLEMENTAR UN SISTEMA DE CONTROL INTERNO (FSCU),https://www.cmfchile.cl/normativa/cir_1290_1996.pdf
1996-01-01,1289,"MODIFICA CIRCULAR NRO 1222, DE 1995 (FSCU)",https://www.cmfchile.cl/normativa/cir_1289_1996.pdf
1996-01-01,1288,APORTES D.L. 1.757 (ESG1),https://www.cmfchile.cl/normativa/cir_1288_1996.pdf
1996-01-01,1287,APORTE FISCAL CUERPOS DE BOMBEROS (BOMB),https://www.cmfchile.cl/normativa/cir_1287_1996.pdf
1996-01-01,1286,APORTES D.L. 1.757 (ESG1),https://www.cmfchile.cl/normativa/cir_1286_1996.pdf
1996-01-01,1285,"MODIFICA CIRCULAR Nº 1143, DE 1993 (ESG2)",https://www.cmfchile.cl/normativa/cir_1285_1996.pdf
1996-01-01,2628,MODIFICA OFICIO CIRCULAR NRO 2225 (CSG1-2),https://www.cmfchile.cl/normativa/ofc_2628_1996.pdf
1996-01-01,1284,RER Y CR (MS),https://www.cmfchile.cl/normativa/cir_1284_1996.pdf
1996-01-01,1283,APORTES D.L. 1.757 (ESG1),https://www.cmfchile.cl/normativa/cir_1283_1996.pdf
1996-01-01,2225,SOFTWARE PARA ENVIO INFORMACION DE CIRCULAR NRO 1266 (CSG1-2),https://www.cmfchile.cl/normativa/ofc_2225_1996.pdf
1996-01-01,1282,"SEÑALA NOMINA DE ENTIDADES QUE CONFORMAN DIVERSOS GRUPOS EMPRESARIALES SEGUN LO ESTABLECIDO EN EL TITULO XV DE LA LEY DE MERCADO DE VALORES(AF, ES Y FICE)",https://www.cmfchile.cl/normativa/cir_1282_1996.pdf
1996-01-01,66,ESTABLECE CONDICIONES BAJO LAS CUALES SE ENTENDERA QUE UNA ACCION (DE BANCO COMERCIAL) CUENTA CON PRESENCIA BURSATIL (LEY NRO 19.396 ART. 4 LETRA E) - OBLIGACION SUBORDINADA BANCOS COMERCIALES),https://www.cmfchile.cl/normativa/ncg_66_1996.pdf
1996-01-01,65,AUTORIZA OTROS VALORES DE OFERTA PUBLICA QUE PUEDEN SER OBJETO DE DEPOSITO (EDV),https://www.cmfchile.cl/normativa/ncg_65_1996.pdf
1996-01-01,1281,"ESTABLECE NORMAS RELATIVAS A: 1) POLIZA DE SEGURO QUE DEBEN CONTRATAR LOS LIQUIDADORES DE SEGUROS, 2) FORMA DE ACREDITAR INGRESOS POR LOS LIQUIDADORES, Y 3) OBLIGACIONES DE LAS ENTIDADES ASEGURADORAS (ES Y LS)",https://www.cmfchile.cl/normativa/cir_1281_1996.pdf
1996-01-01,1280,APORTE FISCAL CUERPOS DE BOMBEROS (BOMB),https://www.cmfchile.cl/normativa/cir_1280_1996.pdf
1996-01-01,1279,APORTES D.L. 1.757 (ESG1),https://www.cmfchile.cl/normativa/cir_1279_1996.pdf
1996-01-01,1278,RER Y CR (MS),https://www.cmfchile.cl/normativa/cir_1278_1996.pdf
1996-01-01,1277,"MODIFICA CIRCULAR NRO 1217, DE 1995 (AFM)",https://www.cmfchile.cl/normativa/cir_1277_1996.pdf
1996-01-01,1276,"ESTABLECE CONDICIONES PARA QUE UNA ACCION, CUOTA DE FONDO DE INVERSION O TITULO DE DEUDA SEA CONSIDERADO DE TRANSACCION BURSATIL (AFPV)",https://www.cmfchile.cl/normativa/cir_1276_1996.pdf
1996-01-01,1344,INFORMACION SOBRE EXCEDENTE DE LIBRE DISPOSICION EN LA COTIZACION DE RENTA VITALICIA DEL D.L. 3.500 (CSG2),https://www.cmfchile.cl/normativa/ofc_1344_1996.pdf
1996-01-01,1275,APORTES D.L. 1.757 (ESG1),https://www.cmfchile.cl/normativa/cir_1275_1996.pdf
1996-01-01,1274,"MODIFICA CIRCULAR CONJUNTA TESORERIA S/N, SAFP NRO 679 Y SVS NRO 1008 (ESG2)",https://www.cmfchile.cl/normativa/cir_1274_1996.pdf
1996-01-01,1273,APORTES D.L. 1.757 (ESG1),https://www.cmfchile.cl/normativa/cir_1273_1996.pdf
1996-01-01,1272,RER Y CR (MS),https://www.cmfchile.cl/normativa/cir_1272_1996.pdf
1996-01-01,703,INFORMACION AL SERVICIO REGISTRO CIVIL E IDENTIFICACION SOBRE SEGURO OBLIGATORIO DE ACCIDENTES PERSONALES. LEY NRO 18.490 Y CIRCULAR NRO 666 (CSG1-2),https://www.cmfchile.cl/normativa/ofc_703_1996.pdf
1996-01-01,1271,ESTABLECE FICHA ESTADISTICA CODIFICADA UNIFORME (FECU) PARA CORREDORES DE SEGUROS (CS),https://www.cmfchile.cl/normativa/cir_1271_1996.pdf
1996-01-01,1270,"MODIFICA CIRCULAR NRO 777, DE 1988 (ESG2)",https://www.cmfchile.cl/normativa/cir_1270_1996.pdf
1996-01-01,1269,ESTABLECE NORMAS SOBRE VALORIZACION DE LAS INVERSIONES DE FONDOS PARA LA VIVIENDA (AFPV),https://www.cmfchile.cl/normativa/cir_1269_1996.pdf
1996-01-01,1268,"HACE APLICABLE A LAS ENTIDADES ASEGURADORAS Y REASEGURADORAS DISPOSICIONES DE LA CIRCULAR NRO 1237, DE 1995, SOBRE FORMA, CONTENIDO Y OPORTUNIDAD DE LA INFORMACION REQUERIDA POR EL ARTICULO 171 DE LA LEY DE MERCADO DE VALORES (ES)",https://www.cmfchile.cl/normativa/cir_1268_1996.pdf
1996-01-01,1267,"DEROGA CIRCULAR NRO 031, DE 1981 (AFM)",https://www.cmfchile.cl/normativa/cir_1267_1996.pdf
1996-01-01,603,REITERA NORMAS E INSTRUCCIONES SOBRE EMISION DE CERTIFICADOS DE SEGURO OBLIGATORIO DE ACCIDENTES PERSONALES LEY NRO 18.490 (CSG1-2),https://www.cmfchile.cl/normativa/ofc_603_1996.pdf
1996-01-01,1266,IMPARTE INSTRUCCIONES SOBRE ENVIO DE INFORMACION DE INTERMEDIACION ANUAL DE SEGUROS EFECTUADA POR CORREDORES DE SEGUROS Y VENTA DIRECTA (ES),https://www.cmfchile.cl/normativa/cir_1266_1996.pdf
1996-01-01,1265,PUBLICACION DE LOS ESTADOS FINANCIEROS ANUALES (ES),https://www.cmfchile.cl/normativa/cir_1265_1996.pdf
1996-01-01,1264,"COMPLEMENTA CIRCULAR NRO 1495, DE 1980, INCORPORANDO CUADRO DE REASEGUROS VIGENTES (ESG2)",https://www.cmfchile.cl/normativa/cir_1264_1996.pdf
1996-01-01,1263,"MODIFICA CIRCULAR NRO 1122, DE 1993, Y DEJA SIN EFECTO PARA SEGUROS GENERALES CIRCULARES QUE INDICA(ESG1)",https://www.cmfchile.cl/normativa/cir_1263_1996.pdf
1996-01-01,1262,"MODIFICA CIRCULAR NRO 1235, DE 1995 (FICE)",https://www.cmfchile.cl/normativa/cir_1262_1996.pdf
1996-01-01,1261,NORMAS DE VALORIZACION DE LA CUOTA DE LOS FONDOS DE INVERSION QUE INDICA(FI),https://www.cmfchile.cl/normativa/cir_1261_1996.pdf
1996-01-01,1260,APORTES D.L. 1.757 (ESG1),https://www.cmfchile.cl/normativa/cir_1260_1996.pdf
1996-01-01,1259,ESTABLECE PROCEDIMIENTO PARA LA INSCRIPCION DE CONTRATOS DE ADMINISTRACION DE FONDOS PARA LA VIVIENDA (AFPV),https://www.cmfchile.cl/normativa/cir_1259_1996.pdf
1996-01-01,1258,IMPARTE INSTRUCCIONES PARA DETERMINAR EL VALOR ECONOMICO DE LA CUOTA DE LOS FONDOS DE INVERSION DE DESARROLLO DE EMPRESAS (FIDE),https://www.cmfchile.cl/normativa/cir_1258_1996.pdf
1996-01-01,1257,APORTE FISCAL CUERPOS DE BOMBEROS (BOMB),https://www.cmfchile.cl/normativa/cir_1257_1996.pdf
1996-01-01,1256,ESTABLECE MODELO DE PRESENTACION DE ESTADOS FINANCIEROS DE FONDOS PARA LA VIVIENDA (AFPV),https://www.cmfchile.cl/normativa/cir_1256_1996.pdf
1996-01-01,1255,RER Y CR (MS),https://www.cmfchile.cl/normativa/cir_1255_1996.pdf
1996-01-01,1254,"ESTABLECE OBLIGACION DE COMUNICAR EXCESOS DE INVERSION MODIFICA CIRCULAR NRO 781, DE 1988(AFM)",https://www.cmfchile.cl/normativa/cir_1254_1996.pdf
1995-01-01,1253,AYUDAS EXTRAORDINARIAS A CUERPOS DE BOMBEROS (BOMB),https://www.cmfchile.cl/normativa/cir_1253_1995.pdf
1995-01-01,1252,APORTES ESPECIALES A CUERPOS DE BOMBEROS PARA REPARACIONES DE CUARTELES (BOMB),https://www.cmfchile.cl/normativa/cir_1252_1995.pdf
1995-01-01,5644,INSTRUYE SOBRE CUADRO ANEXO A FECU DE COMPAÑIAS DE SEGUROS DE VIDA (ESG2),https://www.cmfchile.cl/normativa/ofc_5644_1995.pdf
1995-01-01,1251,APORTES D.L. 1.757 (ESG1),https://www.cmfchile.cl/normativa/cir_1251_1995.pdf
1995-01-01,5600,"CIRCULAR 1194 DE 20 DE ENERO DE 1995, SOBRE NORMAS DE ENVIO DE INFORMACION DE SEGUROS PREVISIONALES E INDICES DE COBERTURA DEL SISTEMA DE CALCE EN MEDIOS MAGNETICOS. INSTRUYE A LAS COMPAÑIAS CEDENTES Y A LAS COMPAÑIAS ACEPTANTES.",https://www.cmfchile.cl/normativa/ofc_5600_1995.pdf
1995-01-01,1250,RER Y CR (MS),https://www.cmfchile.cl/normativa/cir_1250_1995.pdf
1995-01-01,5486,REMITE OFICIOS SUPERINTENDENCIA DE AFP SOBRE MODIFICACIONES AL D.L. 3.500 (CSG2),https://www.cmfchile.cl/normativa/ofc_5486_1995.pdf
1995-01-01,5385,"IMPARTE INSTRUCCIONES QUE INDICA, RESPECTO A LA NO APLICABILIDAD DE DISPOSICIONES CONTENIDAS EN PARRAFOS SEGUNDO Y TERCERO DE LA LETRA A) DE LA CIRCULAR NX 262, DE 1982 (EN ATENCION A RESOLUCION SVS NX 245 DE 11-12-95) (AFM)",https://www.cmfchile.cl/normativa/ofc_5385_1995.pdf
1995-01-01,1249,"ESTABLECE INSTRUCCIONES RESPECTO A LA FORMA DE DETERMINAR EL PATRIMONIO MINIMO QUE DEBEN MANTENER LAS SOCIEDADES ADMINISTRADORAS DE FONDOS PARA LA VIVIENDA, DE ACUERDO A LO ESTABLECIDO EN EL ARTICULO 55 LETRA C) DE LA LEY NRO 19.281 (AFPV)",https://www.cmfchile.cl/normativa/cir_1249_1995.pdf
1995-01-01,5232,INFORMACION SOBRE DEUDORES MOROSOS EN SERVICIO DE PRESTAMOS O CREDITOS (AMH),https://www.cmfchile.cl/normativa/ofc_5232_1995.pdf
1995-01-01,1248,ESTABLECE OBLIGACION DE INFORMAR FACTOR DE DIVERSIFICACION Y ANTECEDENTES UTILIZADOS EN SU DETERMINACION DE LOS FONDOS DE INVERSION QUE SE INDICAN (FIDE Y FII),https://www.cmfchile.cl/normativa/cir_1248_1995.pdf
1995-01-01,1247,APORTES D.L. 1.757 (ESG1),https://www.cmfchile.cl/normativa/cir_1247_1995.pdf
1995-01-01,64,ESTABLECE NORMAS SOBRE OPERACIONES DE COBERTURA DE RIESGOS FINANCIEROS (ES),https://www.cmfchile.cl/normativa/ncg_64_1995.pdf
1995-01-01,1246,ESTABLECE INFORMACION A ENTREGAR RESPECTO A GRUPO EMPRESARIAL(SF),https://www.cmfchile.cl/normativa/cir_1246_1995.pdf
1995-01-01,1245,APORTES D.L. 1.757 (ESG1),https://www.cmfchile.cl/normativa/cir_1245_1995.pdf
1995-01-01,1244,"MODIFICA CIRCULAR NRO 1202, DE 1995 (AE, ES, IV, AF )",https://www.cmfchile.cl/normativa/cir_1244_1995.pdf
1995-01-01,1243,APORTE FISCAL CUERPOS DE BOMBEROS (BOMB),https://www.cmfchile.cl/normativa/cir_1243_1995.pdf
1995-01-01,1242,"MODIFICA CIRCULARES NROS. 652, DE 1986, Y 1122, DE 1993 (ES)",https://www.cmfchile.cl/normativa/cir_1242_1995.pdf
1995-01-01,1241,IMPARTE NORMAS SOBRE VALORIZACION Y CONTABILIZACION DE INVERSIONES EN FILIALES EXTRANJERAS DE SU MISMO OBJETO EXCLUSIVO  (ES),https://www.cmfchile.cl/normativa/cir_1241_1995.pdf
1995-01-01,1240,"AUTORIZA A LAS ENTIDADES ASEGURADORAS Y REASEGURADORAS CONSTITUIR O PARTICIPAR EN EL EXTRANJERO EN SOCIEDADES FILIALES DE SU MISMO OBJETO EXCLUSIVO, CON APORTES DEL PATRIMONIO EN LO QUE EXCEDA SU PATRIMONIO DE RIESGO (ES)",https://www.cmfchile.cl/normativa/cir_1240_1995.pdf
1995-01-01,4411,ENVIO INFORMACION AL FONDO NACIONAL DE SALUD (FONASA) SOBRE RECAUDACION COTIZACIONES DE SALUD (CSG2),https://www.cmfchile.cl/normativa/ofc_4411_1995.pdf
1995-01-01,1239,RER Y CR (MS),https://www.cmfchile.cl/normativa/cir_1239_1995.pdf
1995-01-01,1238,APORTES D.L. 1.757 (ESG1),https://www.cmfchile.cl/normativa/cir_1238_1995.pdf
1995-01-01,3989,"DICTAMEN SVS SOBRE ENTREGA Y MANTENCION DE INVERSIONES DE ENTIDADES ASEGURADORAS Y REASEGURADORAS EN ENTIDADES PRIVADAS DE DEPOSITO Y CUSTODIA DE VALORES, REGIDAS POR LEY NRO 18.876 (ES)",https://www.cmfchile.cl/normativa/ofc_3989_1995.pdf
1995-01-01,1237,"ESTABLECE FORMA, CONTENIDO Y OPORTUNIDAD DE LA INFORMACION REQUERIDA POR EL ART. 171 DE LA LEY DE MERCADO DE VALORES (IV Y AFF)",https://www.cmfchile.cl/normativa/cir_1237_1995.pdf
1995-01-01,1236,APORTES D.L. 1.757 (ESG1),https://www.cmfchile.cl/normativa/cir_1236_1995.pdf
1995-01-01,1235,ESTABLECE OBLIGACION DE INFORMAR RESPECTO DE REMESAS DE UN FONDO L EXTERIOR (FICE),https://www.cmfchile.cl/normativa/cir_1235_1995.pdf
1995-01-01,1234,RER Y CR (MS),https://www.cmfchile.cl/normativa/cir_1234_1995.pdf
1995-01-01,3630,"ESTABLECE OBLIGACION DE INCLUIR EN EL REGLAMENTO INTERNO DE UN FONDO MUTUO, SISTEMAS ALTERNATIVOS PARA EL EJERCICIO DEL DERECHO A RESCATE (AFM)",https://www.cmfchile.cl/normativa/ofc_3630_1995.pdf
1995-01-01,1233,RER Y CR (MS),https://www.cmfchile.cl/normativa/cir_1233_1995.pdf
1995-01-01,3407,"PRECISA INSTRUCCIONES DE CIRCULAR N° 1226, DE 1995",https://www.cmfchile.cl/normativa/ofc_3407_1995.pdf
1995-01-01,1232,APORTE FISCAL CUERPOS DE BOMBEROS (BOMB),https://www.cmfchile.cl/normativa/cir_1232_1995.pdf
1995-01-01,1230,APORTE FISCAL CUERPOS DE BOMBEROS (BOMB),https://www.cmfchile.cl/normativa/cir_1230_1995.pdf
1995-01-01,1229,RER Y CR (MS),https://www.cmfchile.cl/normativa/cir_1229_1995.pdf
1995-01-01,1228,APORTES D.L. 1.757 (ESG1),https://www.cmfchile.cl/normativa/cir_1228_1995.pdf
1995-01-01,63,"REGULA INVERSION EN EL EXTRANJERO, DE ACUERDO A LA LETRA H) DEL ARTICULO 21 DEL D.F.L. NRO 251 (ES)",https://www.cmfchile.cl/normativa/ncg_63_1995.pdf
1995-01-01,1227,ESTABLECE FORMA DE DAR CUMPLIMIENTO A LAS DISPOSICIONES DEL ART. 168 DE LA LEY NRO 18.045 (IV),https://www.cmfchile.cl/normativa/cir_1227_1995.pdf
1995-01-01,1226,INFORMES FINANCIEROS PARA LA INVERSION DE LOS FONDOS DE PENSIONES EN ACCIONES DE SOCIEDADES ANONIMAS (SAEVOPFP),https://www.cmfchile.cl/normativa/cir_1226_1995.pdf
1995-01-01,1225,RER Y CR (MS),https://www.cmfchile.cl/normativa/cir_1225_1995.pdf
1995-01-01,1224,RER Y CR (MS),https://www.cmfchile.cl/normativa/cir_1224_1995.pdf
1995-01-01,1223,APORTES D.L. 1.757 (ESG1),https://www.cmfchile.cl/normativa/cir_1223_1995.pdf
1995-01-01,1222,IMPARTE NORMAS SOBRE FORMA Y CONTENIDO DE LOS ESTADOS FINANCIEROS DE LOS FONDOS SOLIDARIOS DE CREDITO UNIVERSITARIO (FSCU),https://www.cmfchile.cl/normativa/cir_1222_1995.pdf
1995-01-01,1221,IMPARTE INSTRUCCIONES SOBRE CONTABILIZACION DE CREDITOS REPROGRAMADOS Y SUS RESPECTIVAS PROVISIONES (FSCU),https://www.cmfchile.cl/normativa/cir_1221_1995.pdf
1995-01-01,1220,"ESTABLECE REQUISITOS DE INFORMACION QUE DEBEN CUMPLIR LAS SOCIEDADES ADMINISTRADORAS DE FONDOS MUTUOS, CUYOS FONDOS ADMINISTRADOS INVIERTAN EN TITULOS EMITIDOS POR EMISORES EXTRANJEROS (AFM)",https://www.cmfchile.cl/normativa/cir_1220_1995.pdf
1995-01-01,1219,ESTABLECE OBLIGACION DE INCLUIR EN REGLAMENTO INTERNO RESPECTIVO LA POLITICA DE INVERSION DE LA CARTERA DE LOS FONDOS MUTUOS (AFM),https://www.cmfchile.cl/normativa/cir_1219_1995.pdf
1995-01-01,1218,DICTA NORMAS DE VALORIZACION DE INSTRUMENTOS DE EMISORES EXTRANJEROS (AFM),https://www.cmfchile.cl/normativa/cir_1218_1995.pdf
1995-01-01,1217,NORMA LA INVERSION DE FONDOS MUTUOS EN TITULOS EMITIDOS POR EMISORES EXTRANJEROS (AFM),https://www.cmfchile.cl/normativa/cir_1217_1995.pdf
1995-01-01,62,PROCEDIMIENTO GENERAL DE CLASIFICACION DE OBLIGACIONES DE COMPAÑIAS DE SEGUROS (EA Y ECRF),https://www.cmfchile.cl/normativa/ncg_62_1995.pdf
1995-01-01,1216,"SEÑALA NOMINA DE ENTIDADES QUE CONFORMAN DIVERSOS GRUPOS EMPRESARIALES SEGUN LO ESTABLECIDO EN TITULO XV DE LA LEY DE MERCADO DE VALORES(AFM, AFI, FICE, ES)",https://www.cmfchile.cl/normativa/cir_1216_1995.pdf
1995-01-01,1215,"MODIFICA CIRCULAR NRO 942, DE 1990 (ECRF)",https://www.cmfchile.cl/normativa/cir_1215_1995.pdf
1995-01-01,1214,APORTES D.L. 1.757 (ESG1),https://www.cmfchile.cl/normativa/cir_1214_1995.pdf
1995-01-01,1213,APORTE FISCAL CUERPOS DE BOMBEROS (BOMB),https://www.cmfchile.cl/normativa/cir_1213_1995.pdf
1995-01-01,1212,"MODIFICA CIRCULAR NRO 1202, DE 1995 (AE, ES, IV, AF )",https://www.cmfchile.cl/normativa/cir_1212_1995.pdf
1995-01-01,1211,RER Y CR (MS),https://www.cmfchile.cl/normativa/cir_1211_1995.pdf
1995-01-01,1210,"MODIFICA CIRCULAR NRO 598, DE 1986 (EVOP)",https://www.cmfchile.cl/normativa/cir_1210_1995.pdf
1995-01-01,1209,DEFINICION DE ACCIONES CON TRANSACCION BURSATIL PARA EL EJERCICIO DEL DERECHO A RETIRO (SAA),https://www.cmfchile.cl/normativa/cir_1209_1995.pdf
1995-01-01,1208,"ESTABLECE INSTRUCCIONES RESPECTO A LA FORMA DE DETERMINAR EL PATRIMONIO MINIMO QUE DEBEN MANTENER LAS SOCIEDADES ADMINISTRADORAS DE FONDOS MUTUOS, DE ACUERDO A LO ESTABLECIDO EN EL ART. 7 INCISO SEGUNDO DEL D.L. 1.328(AFM)",https://www.cmfchile.cl/normativa/cir_1208_1995.pdf
1995-01-01,1207,"ESTABLECE INSTRUCCIONES RESPECTO A LA FORMA DE DETERMINAR EL PATRIMONIO MINIMO QUE DEBEN MANTENER LAS SOCIEDADES ADMINISTRADORAS DE FONDOS DE INVERSION, DE ACUERDO A LO ESTABLECIDO EN LA LETRA C) DEL ART. 3 DE LA LEY NRO 18.815 (AFI)",https://www.cmfchile.cl/normativa/cir_1207_1995.pdf
1995-01-01,1206,"MODIFICA CIRCULAR NRO 1122, DE 1993 (ESG1)",https://www.cmfchile.cl/normativa/cir_1206_1995.pdf
1995-01-01,1205,APORTES D.L. 1.757 (ESG1),https://www.cmfchile.cl/normativa/cir_1205_1995.pdf
1995-01-01,1204,"MODIFICA CIRCULAR NRO 1194, DE 1995 (ESG2)",https://www.cmfchile.cl/normativa/cir_1204_1995.pdf
1995-01-01,1203,"MODIFICA CIRCULAR NRO 929, DE 1990 (FICE)",https://www.cmfchile.cl/normativa/cir_1203_1995.pdf
1995-01-01,1202,"ESTABLECE FORMA Y CONTENIDO DEL INFORME QUE LOS AUDITORES EXTERNOS DEBEN EMITIR EN VIRTUD DE LAS DISPOSICIONES CONTENIDAS EN LOS ARTICULOS 161 Y 170 DE LA LEY NRO 18.045 (AE, ES, IV, AF )",https://www.cmfchile.cl/normativa/cir_1202_1995.pdf
1995-01-01,1201,RER Y CR (MS),https://www.cmfchile.cl/normativa/cir_1201_1995.pdf
1995-01-01,61,"MODIFICA NORMA DE CARACTER GENERAL NRO 25, DE 1988",https://www.cmfchile.cl/normativa/ncg_61_1995.pdf
1995-01-01,60,ESTABLECE RELACION MAXIMA DE ENDEUDAMIENTO DEL PATRIMONIO COMUN Y DETERMINA OTROS ACTIVOS EN QUE PODRA INVERTIRSE ESE PATRIMONIO (SS),https://www.cmfchile.cl/normativa/ncg_60_1995.pdf
1995-01-01,59,ESTABLECE NORMAS A QUE DEBE SUJETARSE LA CONTABILIDAD DE LAS SOCIEDADES SECURITIZADORAS Y DE LOS PATRIMONIOS SEPARADOS (SS Y PS)),https://www.cmfchile.cl/normativa/ncg_59_1995.pdf
1995-01-01,58,"NORMAS APLICABLES A LAS EMISIONES DE TITULOS DE DEUDA DE SECURITIZACION, A SU INSCRIPCION EN EL REGISTRO DE VALORES, A LA DIFUSION Y PUBLICIDAD DE DICHAS EMISIONES Y A SU INFORMACION CONTINUA (SS)",https://www.cmfchile.cl/normativa/ncg_58_1995.pdf
1995-01-01,839,"IMPARTE INSTRUCCIONES RELATIVAS A APLICACION CIRCULAR CONJUNTA NRO 678 SAFP, 1009 SVS Y TESORERIA, SOBRE BENEFICIOS GARANTIZADOS POR EL ESTADO (CSG2)",https://www.cmfchile.cl/normativa/ofc_839_1995.pdf
1995-01-01,1200,APORTES D.L. 1.757 (ESG1),https://www.cmfchile.cl/normativa/cir_1200_1995.pdf
1995-01-01,1199,"MODIFICA CIRCULAR NRO 514, DE 1985 (IV)",https://www.cmfchile.cl/normativa/cir_1199_1995.pdf
1995-01-01,703,ESTABLECE INSTRUCCIONES RESPECTO AL TRATAMIENTO CONTABLE DE LOS DERECHOS DE INCORPORACION A BOLSAS DE VALORES (CB),https://www.cmfchile.cl/normativa/ofc_703_1995.pdf
1995-01-01,1197,"MODIFICA CIRCULAR NRO 1175, DE 1994 (AFI)",https://www.cmfchile.cl/normativa/cir_1197_1995.pdf
1995-01-01,57,DETERMINA OTROS TITULOS DE CREDITO SUSCEPTIBLES DE SER ADQUIRIDOS POR SOCIEDADES SECURITIZADORAS (SS),https://www.cmfchile.cl/normativa/ncg_57_1995.pdf
1995-01-01,1196,APORTES D.L. 1.757 (ESG1),https://www.cmfchile.cl/normativa/cir_1196_1995.pdf
1995-01-01,56,ESTABLECE ACTIVOS DE BAJA LIQUIDEZ (SAF),https://www.cmfchile.cl/normativa/ncg_56_1995.pdf
1995-01-01,55,REGULA LOS ELEMENTOS MINIMOS QUE DEBEN CONTENER LOS CONTRATOS DE ADMINISTRACION DE LOS BIENES QUE CONFORMEN EL ACTIVO DE LOS PATRIMONIOS SEPARADOS (SS ),https://www.cmfchile.cl/normativa/ncg_55_1995.pdf
1995-01-01,1195,APORTE FISCAL CUERPOS DE BOMBEROS (BOMB),https://www.cmfchile.cl/normativa/cir_1195_1995.pdf
1995-01-01,1194,"25/07/2024 
28/03/2022 
13/09/2016 
09/09/2015 
30/10/2014 
14/05/2012 
28/06/2011 
17/06/2010 
31/12/2009 
01/04/2009 
13/09/2005 
30/09/1998 
24/03/1995",https://www.cmfchile.cl/normativa/cir_1194_1995.pdf
1995-01-01,54,"REGULA INVERSION EN EL EXTRANJERO (LETRA H) ARTICULO 21 DEL D.F.L. NRO 251, DE 1931) (ES)",https://www.cmfchile.cl/normativa/ncg_54_1995.pdf
1995-01-01,1193,SOLICITA CARTOLA CON ANTECEDENTES DIARIOS DE FONDOS MUTUOS (AFM),https://www.cmfchile.cl/normativa/cir_1193_1995.pdf
1995-01-01,206,DETERMINACION DE INFORMES PUBLICOS PARA APROBACION DE TITULOS DE DEUDA PARA INVERSION POR LOS FONDOS DE PENSIONES (ECRF),https://www.cmfchile.cl/normativa/ofc_206_1995.pdf
1995-01-01,53,ESTABLECE FACTORES Y MECANISMOS ESPECIFICOS PARA EL CALCULO DEL MARGEN DE SOLVENCIA (ES),https://www.cmfchile.cl/normativa/ncg_53_1995.pdf
1994-01-01,1192,APORTES D.L. 1.757 (ESG1),https://www.cmfchile.cl/normativa/cir_1192_1994.pdf
1994-01-01,1191,APORTES CONCEDIDOS POR REPARACIONES DE CUARTELES DE CUERPOS DE BOMBEROS (BOMB),https://www.cmfchile.cl/normativa/cir_1191_1994.pdf
1994-01-01,1190,AYUDAS EXTRAORDINARIAS A CUERPOS DE BOMBEROS (BOMB),https://www.cmfchile.cl/normativa/cir_1190_1994.pdf
1994-01-01,1189,RER Y CR (MS),https://www.cmfchile.cl/normativa/cir_1189_1994.pdf
1994-01-01,4897,DICTAMEN SUPERINTENDENCIA DE AFP SOBRE TRASPASO PRIMA UNICA SEGURO DE RENTA VITALICIA D.L. 3.500 (CSG2),https://www.cmfchile.cl/normativa/ofc_4897_1994.pdf
1994-01-01,1188,"MODIFICA CIRCULAR Nº 1143, DE 1993 (ESG2)",https://www.cmfchile.cl/normativa/cir_1188_1994.pdf
1994-01-01,52,PROCEDIMIENTO GENERAL DE CLASIFICACION  DE OBLIGACIONES DE COMPAÑIAS DE SEGUROS (EA Y ECRF),https://www.cmfchile.cl/normativa/ncg_52_1994.pdf
1994-01-01,1187,"MODIFICA CIRCULAR NRO 1061, DE 1994 (FIM, FIDE , FII Y FICS)",https://www.cmfchile.cl/normativa/cir_1187_1994.pdf
1994-01-01,51,DEFINE MERCADOS FORMALES QUE TENGAN ALTA LIQUIDEZ (FI),https://www.cmfchile.cl/normativa/ncg_51_1994.pdf
1994-01-01,1186,APORTES D.L. 1.757 (ESG1),https://www.cmfchile.cl/normativa/cir_1186_1994.pdf
1994-01-01,1185,RER Y CR (MS),https://www.cmfchile.cl/normativa/cir_1185_1994.pdf
1994-01-01,1184,AUTORIZA CUENTA DE PASIVO QUE INDICA A FONDOS MUTUOS (AFM),https://www.cmfchile.cl/normativa/cir_1184_1994.pdf
1994-01-01,1183,RER Y CR (MS),https://www.cmfchile.cl/normativa/cir_1183_1994.pdf
1994-01-01,4192,REITERA APLICACION BOLETIN TECNICO  NRO 47 COLEGIO DE CONTADORES (SF),https://www.cmfchile.cl/normativa/ofc_4192_1994.pdf
1994-01-01,1182,APORTES D.L. 1.757 (ESG1),https://www.cmfchile.cl/normativa/cir_1182_1994.pdf
1994-01-01,4134,"AGREGA ANEXO QUE INDICA A NORMA DE CARACTER GENERAL QUE SEÑALA (N.C.G. 50, DE 9 DE SEPTIEMBRE DE 1994)",https://www.cmfchile.cl/normativa/ofc_4134_1994.pdf
1994-01-01,1181,APORTE FISCAL CUERPOS DE BOMBEROS (BOMB),https://www.cmfchile.cl/normativa/cir_1181_1994.pdf
1994-01-01,1180,"MODIFICA CIRCULAR NRO 942, DE 1990 (ECRF)",https://www.cmfchile.cl/normativa/cir_1180_1994.pdf
1994-01-01,1179,"MODIFICA CIRCULAR NRO 368, DE 1983. (SAA Y EF, SALVO ES)",https://www.cmfchile.cl/normativa/cir_1179_1994.pdf
1994-01-01,3801,VALORIZACION DE INVERSIONES,https://www.cmfchile.cl/normativa/ofc_3801_1994.pdf
1994-01-01,3768,SOLICITA PRESENTACION DE PROYECTO DE REGLAMENTACION QUE INDICA EN MATERIA QUE SEÑALA (BV),https://www.cmfchile.cl/normativa/ofc_3768_1994.pdf
1994-01-01,1178,APORTES D.L. 1.757 (ESG1),https://www.cmfchile.cl/normativa/cir_1178_1994.pdf
1994-01-01,1177,IMPARTE INSTRUCCIONES SOBRE CONFECCION DEL REGISTRO ESPECIAL DE VALORES DE TERCEROS A NOMBRE DE INTERMEDIARIOS DE VALORES O DE BOLSAS DE VALORES (IV Y BV),https://www.cmfchile.cl/normativa/cir_1177_1994.pdf
1994-01-01,50,"ESTABLECE NORMAS RELATIVAS A: 1)PERSONAS QUE PARTICIPEN EN LA INTERMEDIACION POR CUENTA DE LOS CORREDORES DE SEGUROS, 2) OBLIGACION DE INFORMAR SOBRE DIVERSIFICACION DE NEGOCIOS Y SOBRE POLIZAS DE SEGUROS PARA RESPONDER DEL CUMPLIMIENTO DE SUS OBLIGACIONES, Y 3) COMERCIALIZACION DEL SEGURO OBLIGATORIO DE ACCIDENTES PERSONALES DE LA LEY NRO 18.490 SOAP (EA Y CS)",https://www.cmfchile.cl/normativa/ncg_50_1994.pdf
1994-01-01,49,ESTABLECE NORMAS RELATIVAS A LA CONTRATACION DIRECTA DE SEGUROS POR LAS COMPAÑIAS DE SEGUROS O A TRAVES DE AGENTES DE VENTAS (EA),https://www.cmfchile.cl/normativa/ncg_49_1994.pdf
1994-01-01,1176,ESTABLECE DEFINICION DE CONJUNTO O COMPLEJO INMOBILIARIO (AFI),https://www.cmfchile.cl/normativa/cir_1176_1994.pdf
1994-01-01,1175,ESTABLECE PROCEDIMIENTO PARA REGULARIZAR EXCESOS DE INVERSION EN CUOTAS DE FONDOS DE INVERSION DE PERSONAS SEÑALADAS EN ARTICULOS 14 Y 19 DE LA LEY NRO 18.815 (AFI),https://www.cmfchile.cl/normativa/cir_1175_1994.pdf
1994-01-01,1174,"IMPARTE INSTRUCCIONES SOBRE FORMA Y CONTENIDO DE INFORMACION DE COLOCACION, RESCATE Y TRANSFERENCIA DE CUOTAS DE FONDOS DE INVERSION (AFI)",https://www.cmfchile.cl/normativa/cir_1174_1994.pdf
1994-01-01,1173,ESTABLECE PROCEDIMIENTO PARA REGULARIZAR EXCESOS DE INVERSION EN CUOTAS DE FONDOS MUTUOS DE PERSONAS SEÑALADAS EN ART. 12 BIS DEL D.L. 1.328 (AFM),https://www.cmfchile.cl/normativa/cir_1173_1994.pdf
1994-01-01,1172,"IMPARTE INSTRUCCIONES SOBRE FORMA Y CONTENIDO DE INFORMACION DE COLOCACION, RESCATE Y TRANSFERENCIA DE CUOTAS DE FONDOS MUTUOS (AFM)",https://www.cmfchile.cl/normativa/cir_1172_1994.pdf
1994-01-01,48,"MODIFICA NORMAS DE CARACTER GENERAL NROS. 22, 24 Y 25, DE 1988 (SAA Y ECRF)",https://www.cmfchile.cl/normativa/ncg_48_1994.pdf
1994-01-01,47,"MODIFICA NORMA DE CARACTER GENERAL NRO 30, DE 1989 (SAA, EVOP Y EIRV)",https://www.cmfchile.cl/normativa/ncg_47_1994.pdf
1994-01-01,1171,"MODIFICA CIRCULAR NRO 837, DE 1988 (AMH)",https://www.cmfchile.cl/normativa/cir_1171_1994.pdf
1994-01-01,1170,APORTES D.L. 1.757 (ESG1),https://www.cmfchile.cl/normativa/cir_1170_1994.pdf
1994-01-01,3187,"ESTABLECE INSTRUCCIONES RESPECTO A LA INFORMACION DE LAS OPERACIONES EN OPCIONES, EN ATENCION A LOS REQUERIMIENTOS DE LA CIRCULAR NRO 1064, DE 1992 (IV)",https://www.cmfchile.cl/normativa/ofc_3187_1994.pdf
1994-01-01,1169,RER Y CR (MS),https://www.cmfchile.cl/normativa/cir_1169_1994.pdf
1994-01-01,1168,AUTORIZA GASTOS DE PUBLICIDAD Y DE DIFUSION LEY NRO 19.287 QUE CREA FONDOS SOLIDARIO DE CREDITO UNIVERSITARIO (FSCU),https://www.cmfchile.cl/normativa/cir_1168_1994.pdf
1994-01-01,1167,ESTABLECE INSTRUCCIONES A LOS AUDITORES EXTERNOS RESPECTO AL INFORME QUE DEBEN EMITIR CUANDO NO ESTEN EN CONDICIONES DE EXPRESAR OPORTUNAMENTE SU OPINION SOBRE LOS ESTADOS FINANCIEROS ANUALES (EPF),https://www.cmfchile.cl/normativa/cir_1167_1994.pdf
1994-01-01,1166,APORTES D.L. 1.757 (ESG1),https://www.cmfchile.cl/normativa/cir_1166_1994.pdf
1994-01-01,1165,"MODIFICA CIRCULARES NROS. 802, DE 1988, Y 851, DE 1989 (ECRF)",https://www.cmfchile.cl/normativa/cir_1165_1994.pdf
1994-01-01,1164,APORTE FISCAL CUERPOS DE BOMBEROS (BOMB),https://www.cmfchile.cl/normativa/cir_1164_1994.pdf
1994-01-01,2736,"CAMBIA ANEXO 2 DE LA CIRCULAR 842, MODIFICADA POR LA CIRCULAR 915",https://www.cmfchile.cl/normativa/ofc_2736_1994.pdf
1994-01-01,1163,APORTES D.L. 1.757 (ESG1),https://www.cmfchile.cl/normativa/cir_1163_1994.pdf
1994-01-01,1162,"SEÑALA NOMINA DE ENTIDADES QUE CONFORMAN DIVERSOS GRUPOS EMPRESARIALES SEGUN LO ESTABLECIDO EN EL TITULO XV DE LA LEY DE MERCADO DE VALORES (AFM, AFI.,FICE Y ES)",https://www.cmfchile.cl/normativa/cir_1162_1994.pdf
1994-01-01,1161,VALORIZACION DE ACCIONES DE FONDOS MUTUOS ANTE MANIFESTACION DE EJERCICIO DE DERECHO A RETIRO DE LA SOCIEDAD EMISORA (AFM),https://www.cmfchile.cl/normativa/cir_1161_1994.pdf
1994-01-01,1160,ESTABLECE NORMAS RESPECTO A POLIZAS DE SEGUROS QUE DEBEN CONTRATAR LOS CORREDORES DE SEGUROS PARA EL DESEMPEÑO DE SU ACTIVIDAD (ES Y CS),https://www.cmfchile.cl/normativa/cir_1160_1994.pdf
1994-01-01,2082,"INSTRUYE SOBRE APLICACION ARTICULO 58 LETRA E) DEL D.F.L.NRO 251, POR CORREDORES DE SEGUROS (CS)",https://www.cmfchile.cl/normativa/ofc_2082_1994.pdf
1994-01-01,1159,APORTES D.L. 1.757 (ESG1),https://www.cmfchile.cl/normativa/cir_1159_1994.pdf
1994-01-01,1158,RER Y CR (MS),https://www.cmfchile.cl/normativa/cir_1158_1994.pdf
1994-01-01,1157,"MODIFICA CIRCULAR NRO 579, DE 1985 (IV)",https://www.cmfchile.cl/normativa/cir_1157_1994.pdf
1994-01-01,1640,"COMPLEMENTA OFICIO CIRCULAR NX 1317, DE 1994, ESTABLECIENDO PROCEDIMIENTO DE CALCULO PARA LA RENTABILIDAD PROMEDIO MENSUAL DEL ULTIMO TRIMESTRE Y RENTABILIDAD NOMINAL ACUMULADA DE LOS ULTIMOS DOCE MESES, DEL MISMO TIPO DE FONDOS (AFM)",https://www.cmfchile.cl/normativa/ofc_1640_1994.pdf
1994-01-01,1156,APORTES D.L. 1.757 (ESG1),https://www.cmfchile.cl/normativa/cir_1156_1994.pdf
1994-01-01,1155,APORTE FISCAL CUERPOS DE BOMBEROS (BOMB),https://www.cmfchile.cl/normativa/cir_1155_1994.pdf
1994-01-01,1317,ESTABLECE PROCEDIMIENTO DE CALCULO PARA LA DETERMINACION DE LA RENTABILIDAD NOMINAL DE LOS FONDOS MUTUOS DE RENTA VARIABLE A MARZO DE 1994 (AFM),https://www.cmfchile.cl/normativa/ofc_1317_1994.pdf
1994-01-01,1279,"ESTABLECE PROCEDIMIENTO DE LOS FONDOS MUTUOS EN ATENCION A NUEVAS DISPOSICIONES CONTENIDAS EN ARTICULO 13 NUMERAL 2 SEGUNDO PARRAFO DEL D.L. 1.328, DE 1976 (AFM)",https://www.cmfchile.cl/normativa/ofc_1279_1994.pdf
1994-01-01,1154,APORTES D.L. 1.757 (ESG1),https://www.cmfchile.cl/normativa/cir_1154_1994.pdf
1994-01-01,829,"IMPARTE INSTRUCCIONES QUE INDICA, RESPECTO A LA NO APLICABILIDAD DE DISPOSICIONES CONTENIDAS EN PARRAFOS SEGUNDO Y TERCERO DE LA LETRA A) DE LA CIRCULAR NX 262, DE 1982 (EN ATENCION A RESOLUCION SBIF NX 33 DE 17-3-94) (AFM)",https://www.cmfchile.cl/normativa/ofc_829_1994.pdf
1994-01-01,825,"IMPARTE INSTRUCCIONES QUE INDICA, RESPECTO A LA NO APLICABILIDAD DE DISPOSICIONES CONTENIDAS EN PARRAFOS SEGUNDO Y TERCERO DE LA LETRA A) DE LA CIRCULAR Nº 262, DE 1982 (EN ATENCION A RESOLUCION SVS NX 28 DE 15-3-94) (AFM)",https://www.cmfchile.cl/normativa/ofc_825_1994.pdf
1994-01-01,1153,"MODIFICA CIRCULAR NRO 579, DE 1985 (IV)",https://www.cmfchile.cl/normativa/cir_1153_1994.pdf
1994-01-01,1152,APORTES D.D. 1757 (ESG1),https://www.cmfchile.cl/normativa/cir_1152_1994.pdf
1994-01-01,425,"IMPARTE INSTRUCCIONES RELACIONADAS CON LAS FORMALIDADES DE LAS SOLICITUDES DE INVERSION DE CUOTAS DE FONDOS MUTUOS, DERIVADAS DE LAS DISPOSICIONES CONTENIDAS EN EL ARTICULO 1X DE LA LEY  NX 19.247 (AFM)",https://www.cmfchile.cl/normativa/ofc_425_1994.pdf
1994-01-01,1151,RER Y CR (MS),https://www.cmfchile.cl/normativa/cir_1151_1994.pdf
1994-01-01,1150,APORTE FISCAL CUERPOS DE BOMBEROS (BOMB),https://www.cmfchile.cl/normativa/cir_1150_1994.pdf
1994-01-01,1149,RER Y CR (MS),https://www.cmfchile.cl/normativa/cir_1149_1994.pdf
1994-01-01,1148,APORTES D.L. 1.757 (ESG1),https://www.cmfchile.cl/normativa/cir_1148_1994.pdf
1994-01-01,1147,"INSTRUCCION SOBRE TERMINO DE VIGENCIA DEL SEGURO OBLIGATORIO DE ACCIDENTES PERSONALES DE LA LEY NRO 18.490, PARA VEHICULOS NUEVOS (ES Y CS)",https://www.cmfchile.cl/normativa/cir_1147_1994.pdf
1994-01-01,1146,"IMPARTE INSTRUCCIONES SOBRE PRESENTACION DE PRODUCCION ANUAL, INTERMEDIADA POR CORREDORES DE SEGUROS Y DE LA PROVENIENTE DE VENTA DIRECTA (ES)",https://www.cmfchile.cl/normativa/cir_1146_1994.pdf
1993-01-01,1145,AYUDAS EXTRAORDINARIAS A CUERPOS DE BOMBEROS (BOMB),https://www.cmfchile.cl/normativa/cir_1145_1993.pdf
1993-01-01,1144,APORTES D.L. 1.757 (ESG1),https://www.cmfchile.cl/normativa/cir_1144_1993.pdf
1993-01-01,1143,MODIFICA Y REFUNDE INSTRUCCIONES SOBRE VALORIZACION DE ACTIVOS Y PASIVOS EN RELACION A SU CALCE EN EL TIEMPO (ESG2),https://www.cmfchile.cl/normativa/cir_1143_1993.pdf
1993-01-01,1142,RER Y CR (MS),https://www.cmfchile.cl/normativa/cir_1142_1993.pdf
1993-01-01,1141,APORTES D.L. 1.757 (ESG1),https://www.cmfchile.cl/normativa/cir_1141_1993.pdf
1993-01-01,1140,"MODIFICA CIRCULAR NRO 1127, DE 1993 (ESG1)",https://www.cmfchile.cl/normativa/cir_1140_1993.pdf
1993-01-01,4506,PROGRAMA VALIDADOR INFORMACION FECU CIRCULAR NRO 1122 (ESG1),https://www.cmfchile.cl/normativa/ofc_4506_1993.pdf
1993-01-01,1139,APORTES D.L. 1.757 (ESG1),https://www.cmfchile.cl/normativa/cir_1139_1993.pdf
1993-01-01,1138,APORTE FISCAL CUERPOS DE BOMBEROS (BOMB),https://www.cmfchile.cl/normativa/cir_1138_1993.pdf
1993-01-01,1137,IMPARTE INSTRUCCIONES DE PRESENTACION EN FECU DE POLIZAS Y CLAUSULAS REGISTRADAS (ESG1),https://www.cmfchile.cl/normativa/cir_1137_1993.pdf
1993-01-01,1136,"MODIFICA CIRCULAR NRO 1122, DE 1993(ESG1)",https://www.cmfchile.cl/normativa/cir_1136_1993.pdf
1993-01-01,1135,APORTES D.L. 1.757 (ESG1),https://www.cmfchile.cl/normativa/cir_1135_1993.pdf
1993-01-01,1134,"MODIFICA CIRCULAR NRO 1042, DE 1991(ESG2)",https://www.cmfchile.cl/normativa/cir_1134_1993.pdf
1993-01-01,1133,APORTES D.L. 1.757 (ESG1),https://www.cmfchile.cl/normativa/cir_1133_1993.pdf
1993-01-01,1132,RER Y CR (MS),https://www.cmfchile.cl/normativa/cir_1132_1993.pdf
1993-01-01,1131,RER Y CR (MS),https://www.cmfchile.cl/normativa/cir_1131_1993.pdf
1993-01-01,1130,APORTE FISCAL CUERPOS DE BOMBEROS (BOMB),https://www.cmfchile.cl/normativa/cir_1130_1993.pdf
1993-01-01,1129,APORTES D.L. 1.757 (ESG1),https://www.cmfchile.cl/normativa/cir_1129_1993.pdf
1993-01-01,1128,APORTES D.L. 1.757 (ESG1),https://www.cmfchile.cl/normativa/cir_1128_1993.pdf
1993-01-01,2300,ARANCEL A APLICAR POR HOSPITALES POR GASTOS DE HOSPITALIZACION ACCIDENTADOS LEY NRO 18.490 (SOAP) (CSG1-2),https://www.cmfchile.cl/normativa/ofc_2300_1993.pdf
1993-01-01,1127,INFORMACION DE SINIESTROS (ESG1),https://www.cmfchile.cl/normativa/cir_1127_1993.pdf
1993-01-01,1126,INSTRUCCIONES RELATIVAS A CONSTITUCION DE RESERVAS CATASTROFICAS DE TERREMOTO (ESG1),https://www.cmfchile.cl/normativa/cir_1126_1993.pdf
1993-01-01,1125,RER Y CR (MS),https://www.cmfchile.cl/normativa/cir_1125_1993.pdf
1993-01-01,2194,REITERA OBSERVANCIA DE OBJETO EXCLUSIVO (IV),https://www.cmfchile.cl/normativa/ofc_2194_1993.pdf
1993-01-01,1124,APORTES D.L. 1.757 (ESG1),https://www.cmfchile.cl/normativa/cir_1124_1993.pdf
1993-01-01,1123,RER Y CR (MS),https://www.cmfchile.cl/normativa/cir_1123_1993.pdf
1993-01-01,1122,"24/07/2008 
29/01/2007 
05/09/2005 
14/07/2005 
09/07/2004 
21/02/2003 
22/05/2001 
26/04/2001 
08/01/2001 
02/10/2000 
13/01/2000 
16/10/1998 
05/02/1996 
17/10/1995 
31/03/1995 
30/09/1993",https://www.cmfchile.cl/normativa/cir_1122_1993.pdf
1993-01-01,1891,"DIVIDENDOS, REPARTOS POR DEVOLUCION CAPITAL O PRODUCTO VENTAS NO RECLAMADOS POR ACCIONISTAS (SAF)",https://www.cmfchile.cl/normativa/ofc_1891_1993.pdf
1993-01-01,46,"MODIFICA NORMA DE CARACTER GENERAL NRO 22, DE 1988 (ECRF)",https://www.cmfchile.cl/normativa/ncg_46_1993.pdf
1993-01-01,1121,RER Y CR (MS),https://www.cmfchile.cl/normativa/cir_1121_1993.pdf
1993-01-01,1120,APORTES D.L. 1.757 (ESG1),https://www.cmfchile.cl/normativa/cir_1120_1993.pdf
1993-01-01,1119,"MODIFICA CIRCULAR NRO 1088, DE 1992 (ESG2)",https://www.cmfchile.cl/normativa/cir_1119_1993.pdf
1993-01-01,1118,IMPARTE INSTRUCCIONES SOBRE IMPUESTOS DIFERIDOS (EPF),https://www.cmfchile.cl/normativa/cir_1118_1993.pdf
1993-01-01,1117,APORTE FISCAL CUERPOS DE BOMBEROS (BOMB),https://www.cmfchile.cl/normativa/cir_1117_1993.pdf
1993-01-01,45,"MODIFICA NORMA DE CARACTER GENERAL NRO 26, DE 1988 (SAA Y BV)",https://www.cmfchile.cl/normativa/ncg_45_1993.pdf
1993-01-01,1368,INFORMACION SOBRE HONORARIOS CANCELADOS A AUDITORES EXTERNOS (EPF SALVO AE),https://www.cmfchile.cl/normativa/ofc_1368_1993.pdf
1993-01-01,1116,ESTABLECE OBLIGACION DE INFORMAR EN POLIZAS DE SEGUROS RESPECTO AL PROCEDIMIENTO DE LIQUIDACION DE SINIESTROS (ES),https://www.cmfchile.cl/normativa/cir_1116_1993.pdf
1993-01-01,1115,APORTES D.L. 1.757 (ESG1),https://www.cmfchile.cl/normativa/cir_1115_1993.pdf
1993-01-01,1188,INSTRUYE SOBRE PROMOCION Y VENTA DE RENTAS VITALICIAS PREVISIONALES (CSG2),https://www.cmfchile.cl/normativa/ofc_1188_1993.pdf
1993-01-01,1144,INSTRUYE SOBRE ANTICIPACION DE RENTAS VITALICIAS DIFERIDAS (CSG2),https://www.cmfchile.cl/normativa/ofc_1144_1993.pdf
1993-01-01,1114,RER Y CR (MS),https://www.cmfchile.cl/normativa/cir_1114_1993.pdf
1993-01-01,893,DICTAMEN SUPERINTENDENCIA DE AFP SOBRE SEGURO RENTA TEMPORAL CON RENTA VITALICIA DIFERIDA (CSG2),https://www.cmfchile.cl/normativa/ofc_893_1993.pdf
1993-01-01,1113,APORTES D.L. 1.757 (ESG1),https://www.cmfchile.cl/normativa/cir_1113_1993.pdf
1993-01-01,1112,"MODIFICA CIRCULAR NRO 1030, DE 1991(AFM, FICE Y ES)",https://www.cmfchile.cl/normativa/cir_1112_1993.pdf
1993-01-01,1111,APORTES D.L. 1.757 (ESG1),https://www.cmfchile.cl/normativa/cir_1111_1993.pdf
1993-01-01,1110,RER Y CR (MS),https://www.cmfchile.cl/normativa/cir_1110_1993.pdf
1993-01-01,1109,APORTE FISCAL CUERPOS DE BOMBEROS (BOMB),https://www.cmfchile.cl/normativa/cir_1109_1993.pdf
1993-01-01,1108,LIMITA ENVIO DE MEMORIAS A LOS ACCIONISTAS (SAA INSCRITAS EN REGISTRO VALORES),https://www.cmfchile.cl/normativa/cir_1108_1993.pdf
1993-01-01,1107,"MODIFICA CIRCULAR NRO 887, DE 1989 (IV)",https://www.cmfchile.cl/normativa/cir_1107_1993.pdf
1992-01-01,1106,"COMPLEMENTA CIRCULARES NROS. 835, DE 1988, 984, DE 1990, 1051, DE 1991, Y 1077, DE 1992 (MS)",https://www.cmfchile.cl/normativa/cir_1106_1992.pdf
1992-01-01,1105,"MODIFICA CIRCULAR NRO 1080, DE 1992 (ESG2)",https://www.cmfchile.cl/normativa/cir_1105_1992.pdf
1992-01-01,1104,APORTES D.L. 1.757 (ESG1),https://www.cmfchile.cl/normativa/cir_1104_1992.pdf
1992-01-01,1103,AYUDAS EXTRAORDINARIAS A CUERPOS DE BOMBEROS (BOMB),https://www.cmfchile.cl/normativa/cir_1103_1992.pdf
1992-01-01,1102,"MODIFICA Y COMPLEMENTA CIRCULARES NROS. 1064 Y 1085, AMBAS DE 1992 (BV E IV)",https://www.cmfchile.cl/normativa/cir_1102_1992.pdf
1992-01-01,1101,"MODIFICA CIRCULAR CONJUNTA TESORERIA S/N, SVS NRO 1008 Y SAFP NRO 679, DE 1991 (ESG2)",https://www.cmfchile.cl/normativa/cir_1101_1992.pdf
1992-01-01,1100,APORTES D.L. 1.757 (ESG1),https://www.cmfchile.cl/normativa/cir_1100_1992.pdf
1992-01-01,1099,RER Y CR (MS),https://www.cmfchile.cl/normativa/cir_1099_1992.pdf
1992-01-01,1098,ESTABLECE OBLIGACION DE INFORMAR EN POLIZAS DE SEGUROS RESPECTO AL PROCEDIMIENTO DE LIQUIDACION DE SINIESTROS (ES),https://www.cmfchile.cl/normativa/cir_1098_1992.pdf
1992-01-01,1097,"MODIFICA CIRCULARES NROS. 1064 Y 1085, AMBAS DE 1992 (BV E IV)",https://www.cmfchile.cl/normativa/cir_1097_1992.pdf
1992-01-01,1096,APORTES D.L. 1.757 (ESG1),https://www.cmfchile.cl/normativa/cir_1096_1992.pdf
1992-01-01,1095,APORTE FISCAL CUERPOS DE BOMBEROS (BOMB),https://www.cmfchile.cl/normativa/cir_1095_1992.pdf
1992-01-01,1094,IMPARTE INSTRUCCIONES RESPECTO DE COMUNICACION DE PRORROGA EN PLAZO DE LIQUIDACION DE SINIESTROS (LS),https://www.cmfchile.cl/normativa/cir_1094_1992.pdf
1992-01-01,1093,CLASIFICA AGENTES PROFESIONALES SEGUROS SEGUNDO GRUPO AÑO 1992 (MS),https://www.cmfchile.cl/normativa/cir_1093_1992.pdf
1992-01-01,1092,CLASIFICA AGENTES PROFESIONALES SEGUROS PRIMER GRUPO AÑO 1992 (MS),https://www.cmfchile.cl/normativa/cir_1092_1992.pdf
1992-01-01,1091,APORTES D.L. 1.757 (ESG1),https://www.cmfchile.cl/normativa/cir_1091_1992.pdf
1992-01-01,1090,"COMPLEMENTA Y MODIFICA CIRCULAR NRO 1048, DE 1991 (SIRV, AFM, FI, FICE Y BV, CON EXCEPCION DE ES Y EA198)",https://www.cmfchile.cl/normativa/cir_1090_1992.pdf
1992-01-01,4052,"RESUMEN DE LAS PRINCIPALES OBSERVACIONES QUE MERECIO EL ENVIO DE INFORMACION EN MEDIO MAGNETICO DISPUESTO EN LA CIRCULAR NX 1.048 (SIRV, AFM, FI, FICE Y BV, SALVO ES Y EAC198)",https://www.cmfchile.cl/normativa/ofc_4052_1992.pdf
1992-01-01,1089,"MODIFICA CIRCULARES NROS. 1064, Y 1085, AMBAS DE 1992. (BV E IV)",https://www.cmfchile.cl/normativa/cir_1089_1992.pdf
1992-01-01,1088,"MODIFICA CIRCULAR NRO 1040, DE 1991(ESG1)",https://www.cmfchile.cl/normativa/cir_1088_1992.pdf
1992-01-01,1087,"MODIFICA CIRCULAR NRO 134, DE 1982. (BV)",https://www.cmfchile.cl/normativa/cir_1087_1992.pdf
1992-01-01,1086,APORTES D.L. 1.757 (ESG1),https://www.cmfchile.cl/normativa/cir_1086_1992.pdf
1992-01-01,1085,"DICTA NORMAS SOBRE CODIFICACION DE INSTRUMENTOS DE RENTA FIJA, INTERMEDIACION FINANCIERA Y OTROS INSTRUMENTOS (IV)",https://www.cmfchile.cl/normativa/cir_1085_1992.pdf
1992-01-01,1084,"MODIFICA CIRCULARES NROS. 908, DE 1989, 923, DE 1990, Y 929, DE 1990. AUTORIZA INVERSION EN CONTRATOS DE FUTURO Y EN CUOTAS DE FONDOS DE INVERSION (FICE)",https://www.cmfchile.cl/normativa/cir_1084_1992.pdf
1992-01-01,3561,DICTAMEN SERVICIO DE IMPUESTOS INTERNOS SOBRE FACTURACION SEGUROS EN MONEDA EXTRANJERA (CSG1-2),https://www.cmfchile.cl/normativa/ofc_3561_1992.pdf
1992-01-01,1083,RER Y CR (MS),https://www.cmfchile.cl/normativa/cir_1083_1992.pdf
1992-01-01,1082,APORTES D.L. 1.757 (ESG1),https://www.cmfchile.cl/normativa/cir_1082_1992.pdf
1992-01-01,44,"MODIFICA NORMA DE CARACTER GENERAL NRO 30, DE 1989 (SAA, EVOP Y EIRV)",https://www.cmfchile.cl/normativa/ncg_44_1992.pdf
1992-01-01,43,"MODIFICA NORMA DE CARACTER GENERAL NRO 25, DE 1988 (ECRF)",https://www.cmfchile.cl/normativa/ncg_43_1992.pdf
1992-01-01,1081,"ESTABLECE NORMAS SOBRE INVERSION EN CUOTAS DE PARTICIPACION DE FONDOS DE INVERSION. MODIFICA CIRCULAR NRO 781, DE 1987 (AFM)",https://www.cmfchile.cl/normativa/cir_1081_1992.pdf
1992-01-01,1080,"MODIFICA CIRCULAR NRO 1042, DE 1991(ESG2)",https://www.cmfchile.cl/normativa/cir_1080_1992.pdf
1992-01-01,42,IMPARTE NORMAS SOBRE TASACION DE BIENES RAICES URBANOS NO HABITACIONALES (ES),https://www.cmfchile.cl/normativa/ncg_42_1992.pdf
1992-01-01,1079,APORTE FISCAL CUERPOS DE BOMBEROS,https://www.cmfchile.cl/normativa/cir_1079_1992.pdf
1992-01-01,1078,APORTES D.L. 1.757 (ESG1),https://www.cmfchile.cl/normativa/cir_1078_1992.pdf
1992-01-01,1077,"COMPLEMENTA CIRCULARES NROS. 835, DE 1988, 984, DE 1990, Y 1051, DE 1991 (MS)",https://www.cmfchile.cl/normativa/cir_1077_1992.pdf
1992-01-01,41,"ESTABLECE NORMAS DE INSCRIPCION DE EMISORES EXTRANJEROS DE ACCIONES DE OFERTA PUBLICA EN EL REGISTRO DE VALORES, PARA LA OFERTA PUBLICA DE ESOS VALORES EN CHILE, SU DIFUSION, COLOCACION Y OBLIGACIONES DE INFORMACION (EEAOP)",https://www.cmfchile.cl/normativa/ncg_41_1992.pdf
1992-01-01,1076,"MODIFICA CIRCULAR NRO 1064, DE 1992 (IV)",https://www.cmfchile.cl/normativa/cir_1076_1992.pdf
1992-01-01,1075,APORTES D.L. 1.757 (ESG1),https://www.cmfchile.cl/normativa/cir_1075_1992.pdf
1992-01-01,1074,"MODIFICA CIRCULAR NRO 1058, DE 1992, SOBRE PLAZO ENTREGA. (FCU)",https://www.cmfchile.cl/normativa/cir_1074_1992.pdf
1992-01-01,1073,RER Y CR (MS),https://www.cmfchile.cl/normativa/cir_1073_1992.pdf
1992-01-01,1072,ESTABLECE OBLIGACION DE INFORMACION A EMISORES DE BONOS QUE COLOQUEN DICHOS VALORES EN EL EXTRANJERO (SIRV),https://www.cmfchile.cl/normativa/cir_1072_1992.pdf
1992-01-01,1071,APORTE FISCAL CUERPOS DE BOMBEROS (BOMB),https://www.cmfchile.cl/normativa/cir_1071_1992.pdf
1992-01-01,1070,APORTES D.L. 1.757 (ESG1),https://www.cmfchile.cl/normativa/cir_1070_1992.pdf
1992-01-01,1069,RER Y CR (MS),https://www.cmfchile.cl/normativa/cir_1069_1992.pdf
1992-01-01,1068,"IMPARTE INSTRUCCIONES SOBRE PUBLICACION, PUBLICIDAD Y PROMOCION DE LA CLASIFICACION DE OBLIGACIONES DE COMPAÑIAS DE SEGUROS (ES Y CS)",https://www.cmfchile.cl/normativa/cir_1068_1992.pdf
1992-01-01,1274,INSTRUCCION SOBRE CONTABILIZACION DE CREDITOS REPROGRAMADOS (FCU),https://www.cmfchile.cl/normativa/ofc_1274_1992.pdf
1992-01-01,1067,APORTES D.L. 1.757 (ESG1),https://www.cmfchile.cl/normativa/cir_1067_1992.pdf
1992-01-01,1066,CLASIFICA AGENTES PROFESIONALES SEGUROS SEGUNDO GRUPO AÑO 1991 (MS),https://www.cmfchile.cl/normativa/cir_1066_1992.pdf
1992-01-01,1065,CLASIFICA AGENTES PROFESIONALES SEGUROS PRIMER GRUPO AÑO 1991 (MS),https://www.cmfchile.cl/normativa/cir_1065_1992.pdf
1992-01-01,1064,DICTA NORMAS RESPECTO DE LA FORMA Y CONTENIDO DE LOS INFORMES DE OPERACIONES DIARIAS DE CORREDORES DE BOLSA Y AGENTES DE VALORES (IV),https://www.cmfchile.cl/normativa/cir_1064_1992.pdf
1992-01-01,1063,RER Y CR (MS),https://www.cmfchile.cl/normativa/cir_1063_1992.pdf
1992-01-01,1062,INSTRUYE SOBRE DETERMINACION FECHA LIMITE PARA ACCEDER A DERECHOS SOCIALES ACORDADOS EN JUNTAS DE ACCIONISTAS (SAF QUE TENGAN INSCRITAS SUS ACCIONES EN BOLSAS DE VALORES),https://www.cmfchile.cl/normativa/cir_1062_1992.pdf
1992-01-01,1061,"ESTABLECE NORMAS SOBRE VALORIZACION Y CONTABILIZACION DE INVERSIONES Y OPERACIONES DE LOS FONDOS (FIM, FII Y FICR)",https://www.cmfchile.cl/normativa/cir_1061_1992.pdf
1992-01-01,1060,"ESTABLECE FORMATO DE PRESENTACION DE ESTADOS FINANCIEROS DE FONDOS DE INVERSION (FIM, FICR Y FII)",https://www.cmfchile.cl/normativa/cir_1060_1992.pdf
1992-01-01,1059,APORTES D.L. 1.757 (ESG1),https://www.cmfchile.cl/normativa/cir_1059_1992.pdf
1992-01-01,1058,"IMPARTE INSTRUCCIONES SOBRE CONTABILIZACION DE CREDITOS REPROGRAMADOS SEGUN LEY NRO 19.083. MODIFICA CIRCULAR NRO 817, DE 1988 (FCU)",https://www.cmfchile.cl/normativa/cir_1058_1992.pdf
1992-01-01,456,INFORMACION NO PERIODICA,https://www.cmfchile.cl/normativa/ofc_456_1992.pdf
1992-01-01,40,"MODIFICA NORMA DE CARACTER GENERAL NRO 37, DE 1991 (EA Y ECRF)",https://www.cmfchile.cl/normativa/ncg_40_1992.pdf
1992-01-01,1057,APORTES D.L. 1.757 (ESG1),https://www.cmfchile.cl/normativa/cir_1057_1992.pdf
1992-01-01,1056,"MODIFICA CIRCULAR NRO 996, DE 1991 (CS)",https://www.cmfchile.cl/normativa/cir_1056_1992.pdf
1992-01-01,221,REGISTRO DE VALORES Y EMISION TITULOS OFERTA PUBL.,https://www.cmfchile.cl/normativa/ofc_221_1992.pdf
1992-01-01,1055,APORTE FISCAL A CUERPOS DE BOMBEROS (BOMB),https://www.cmfchile.cl/normativa/cir_1055_1992.pdf
1992-01-01,39,"MODIFICA NORMA DE CARACTER GENERAL NRO 25, DE 1988 (ECRF)",https://www.cmfchile.cl/normativa/ncg_39_1992.pdf
1992-01-01,1054,"MODIFICA CIRCULAR NRO 1040, DE 1991 (ESG1)",https://www.cmfchile.cl/normativa/cir_1054_1992.pdf
1992-01-01,53,ADJUNTA FAX DIRECTOR SERVICIO SALUD DEL AMBIENTE REFERIDO A CUMPLIMIENTO REGLAMENTO SANITARIO DE ALIMENTOS (CSG1 Y LS),https://www.cmfchile.cl/normativa/ofc_53_1992.pdf
1992-01-01,1053,RER Y CR (MS),https://www.cmfchile.cl/normativa/cir_1053_1992.pdf
1991-01-01,1052,AYUDAS EXTRAORDINARIAS A CUERPOS DE BOMBEROS (BOMB),https://www.cmfchile.cl/normativa/cir_1052_1991.pdf
1991-01-01,1051,"COMPLEMENTA CIRCULARES NROS. 835, DE 1999, Y 984, DE 1990 (MS)",https://www.cmfchile.cl/normativa/cir_1051_1991.pdf
1991-01-01,1050,APORTES D.L. 1.757 (ESG1),https://www.cmfchile.cl/normativa/cir_1050_1991.pdf
1991-01-01,1049,AUTORIZA GASTOS DE PUBLICIDAD Y DIFUSION DE LEY DE REPROGRAMACION DE CREDITO FISCAL UNIVERSITARIO CON CARGO A FONDOS ADMINISTRATIVOS (FCU),https://www.cmfchile.cl/normativa/cir_1049_1991.pdf
1991-01-01,5588,REITERA NORMATIVA SOBRE VALORIZACION DE ACTIVOS Y PASIVOS EN MONEDA EXTRANJERA,https://www.cmfchile.cl/normativa/ofc_5588_1991.pdf
1991-01-01,1048,INSTRUYE EL ENVIO EN MEDIO MAGNETICO DE INFORMACION CONTENIDA EN FECU (SIRV SALVO ES Y EA198),https://www.cmfchile.cl/normativa/cir_1048_1991.pdf
1991-01-01,1047,IMPARTE INSTRUCCION SOBRE FORMATO DE REGISTROS CONTABLES Y AUXILIARES (ES),https://www.cmfchile.cl/normativa/cir_1047_1991.pdf
1991-01-01,1046,AUTORIZA COMO ACTIVIDAD COMPLEMENTARIA LA ASESORIA Y COMISION ESPECIFICA PARA LA COMPRA Y VENTA DE VALORES EN MERCADOS DE VALORES EXTRANJEROS (IV Y BV),https://www.cmfchile.cl/normativa/cir_1046_1991.pdf
1991-01-01,1045,"MODIFICA CIRCULAR NRO 581, DE 1986, SOBRE MODELO DE POLIZA DE SEGURO OBLIGATORIO DE ACCIDENTES PERSONALES CAUSADOS POR VEHICULOS MOTORIZADOS (MS)",https://www.cmfchile.cl/normativa/cir_1045_1991.pdf
1991-01-01,1044,RER Y CR (MS),https://www.cmfchile.cl/normativa/cir_1044_1991.pdf
1991-01-01,1043,APORTES D.L. 1.757 (ESG1),https://www.cmfchile.cl/normativa/cir_1043_1991.pdf
1991-01-01,1042,"IMPARTE INSTRUCCIONES SOBRE  APLICACION DE CIRCULAR NRO 1041, DE 1991 (ESG2)",https://www.cmfchile.cl/normativa/cir_1042_1991.pdf
1991-01-01,1041,IMPARTE INSTRUCCIONES SOBRE VALORIZACION DE ACTIVOS Y PASIVOS EN RELACION A SU CALCE EN EL TIEMPO (ESG2),https://www.cmfchile.cl/normativa/cir_1041_1991.pdf
1991-01-01,1040,IMPARTE INSTRUCCIONES RELATIVAS A LA CONSTITUCION DE RESERVAS CATASTROFICAS DE TERREMOTO (ESG1),https://www.cmfchile.cl/normativa/cir_1040_1991.pdf
1991-01-01,1039,APORTES D.L. 1.757 (ESG1),https://www.cmfchile.cl/normativa/cir_1039_1991.pdf
1991-01-01,38,"MODIFICA NORMA DE CARACTER GENERAL NRO 30, DE 1989 (SAA, EVOP Y EIRV)",https://www.cmfchile.cl/normativa/ncg_38_1991.pdf
1991-01-01,1038,RER Y CR (MS),https://www.cmfchile.cl/normativa/cir_1038_1991.pdf
1991-01-01,1037,"MODIFICA CIRCULAR NRO 887, DE 1989 (IV)",https://www.cmfchile.cl/normativa/cir_1037_1991.pdf
1991-01-01,1036,APORTE FISCAL CUERPOS DE BOMBEROS (BOMB),https://www.cmfchile.cl/normativa/cir_1036_1991.pdf
1991-01-01,1035,APORTES D.L. 1.757 (ESG1),https://www.cmfchile.cl/normativa/cir_1035_1991.pdf
1991-01-01,1034,REGLAMENTA PROCEDIMIENTO DE REGULARIZACION Y COMUNICACION DE EXCESOS DE INVERSION (FICE),https://www.cmfchile.cl/normativa/cir_1034_1991.pdf
1991-01-01,1033,INSTRUYE SOBRE LA COMPRA Y VENTA DE ACCIONES DE OFERTA PUBLICA POR CUENTA PROPIA O INTERMEDIACION POR CUENTA PROPIA (BV Y CB),https://www.cmfchile.cl/normativa/cir_1033_1991.pdf
1991-01-01,1032,APORTES D.L. 1.757 (ESG1),https://www.cmfchile.cl/normativa/cir_1032_1991.pdf
1991-01-01,1031,DICTA INSTRUCCIONES RESPECTO DE LA COMPRA Y VENTA DE INSTRUMENTOS POR CUENTA PROPIA POR PARTE DE INTERMEDIARIOS DE VALORES (IV),https://www.cmfchile.cl/normativa/cir_1031_1991.pdf
1991-01-01,1030,"SEÑALA NOMINA DE ENTIDADES QUE CONFORMAN DIVERSOS GRUPOS EMPRESARIALES SEGUN LO ESTABLECIDO EN EL TITULO XV DE LA LEY DE MERCADO DE VALORES (AFM, AFI, FICE  Y ES)",https://www.cmfchile.cl/normativa/cir_1030_1991.pdf
1991-01-01,1029,RER Y CR (MS),https://www.cmfchile.cl/normativa/cir_1029_1991.pdf
1991-01-01,1028,CIRCULAR CONJUNTA CON SSS NRO 1220 Y SAFP NRO 691. BONO DE RECONOCIMIENTO Y COMPLEMENTO (ESG2),https://www.cmfchile.cl/normativa/cir_1028_1991.pdf
1991-01-01,1027,RER Y CR (MS),https://www.cmfchile.cl/normativa/cir_1027_1991.pdf
1991-01-01,1026,DETERMINA TRANSACCION DE ACCIONES Y CUOTAS DE FONDOS DE INVERSION EN REMATE O LICITACION (BV Y CB),https://www.cmfchile.cl/normativa/cir_1026_1991.pdf
1991-01-01,3478,"REGISTRO PUBLICO DE PRESIDENTES, DIRECTORES, GERENTES, INFORMACION SOBRE AUDITORES EXTRANJEROS Y COMITES DE VIGILANCIA (AFI, FICE)",https://www.cmfchile.cl/normativa/ofc_3478_1991.pdf
1991-01-01,1025,RER Y CR (MS),https://www.cmfchile.cl/normativa/cir_1025_1991.pdf
1991-01-01,1024,INFORMA SOBRE PROCEDIMIENTO DE CLASIFICACION DE OBLIGACIONES DE COMPAÑIAS DE SEGUROS (ES Y ECRF),https://www.cmfchile.cl/normativa/cir_1024_1991.pdf
1991-01-01,1023,APORTES D.L. 1.757 (ESG1),https://www.cmfchile.cl/normativa/cir_1023_1991.pdf
1991-01-01,1022,"MODIFICA CIRCULAR NRO 771, DE 1988 (ES)",https://www.cmfchile.cl/normativa/cir_1022_1991.pdf
1991-01-01,1021,APORTE FISCAL CUERPOS DE BOMBEROS,https://www.cmfchile.cl/normativa/cir_1021_1991.pdf
1991-01-01,1020,RER Y CR (MS),https://www.cmfchile.cl/normativa/cir_1020_1991.pdf
1991-01-01,1019,APORTES D.L. 1.757 (ESG1),https://www.cmfchile.cl/normativa/cir_1019_1991.pdf
1991-01-01,1018,RER Y CR (MS),https://www.cmfchile.cl/normativa/cir_1018_1991.pdf
1991-01-01,37,ESTABLECE PROCEDIMIENTO GENERAL DE CLASIFICACION DE OBLIGACIONES DE COMPAÑIAS DE SEGUROS (EA Y ECRF),https://www.cmfchile.cl/normativa/ncg_37_1991.pdf
1991-01-01,1017,APORTES D.L. 1.757 (ESG1),https://www.cmfchile.cl/normativa/cir_1017_1991.pdf
1991-01-01,1016,RER Y CR (MS),https://www.cmfchile.cl/normativa/cir_1016_1991.pdf
1991-01-01,36,"MODIFICA NORMA DE CARACTER GENERAL NRO 25, DE 1988 (ECRF)",https://www.cmfchile.cl/normativa/ncg_36_1991.pdf
1991-01-01,2274,OPERACIONES CON CONDICION DE LIQUIDACION FORZOSA (IV),https://www.cmfchile.cl/normativa/ofc_2274_1991.pdf
1991-01-01,1015,RER Y CR (MS),https://www.cmfchile.cl/normativa/cir_1015_1991.pdf
1991-01-01,1014,APORTES D.L. 1.757 (ESG1),https://www.cmfchile.cl/normativa/cir_1014_1991.pdf
1991-01-01,1013,"MODIFICA CIRCULAR NRO 994, DE 1991 (ES)",https://www.cmfchile.cl/normativa/cir_1013_1991.pdf
1991-01-01,1012,"MODIFICA CIRCULAR NRO 967, DE 1990 (ESG2)",https://www.cmfchile.cl/normativa/cir_1012_1991.pdf
1991-01-01,1743,INFORMA SOBRE DICCIONARIO DE MARCAS Y MODELOS PARA EL REGISTRO DE VEHICULOS MOTORIZADOS (CSG1-2),https://www.cmfchile.cl/normativa/ofc_1743_1991.pdf
1991-01-01,1011,"MODIFICA CIRCULAR NRO 979, DE 1990 (EPF)",https://www.cmfchile.cl/normativa/cir_1011_1991.pdf
1991-01-01,1010,APORTE FISCAL CUERPOS DE BOMBEROS (BOMB),https://www.cmfchile.cl/normativa/cir_1010_1991.pdf
1991-01-01,1009,RER Y CR (MS),https://www.cmfchile.cl/normativa/cir_1009_1991.pdf
1991-01-01,1008,CIRCULAR CONJUNTA CON TESORERIA S/N Y SAFP NRO 679. BENEFICIOS GARANTIZADOS POR EL ESTADO PARA PENSIONADOS ACOGIDOS A LA MODALIDAD DE RENTA VITALICIA. NORMAS PARA SU REQUERIMIENTO (ESG2),https://www.cmfchile.cl/normativa/cir_1008_1991.pdf
1991-01-01,1007,APORTES D.L. 1.757 (ESG1),https://www.cmfchile.cl/normativa/cir_1007_1991.pdf
1991-01-01,1006,"MODIFICA CIRCULAR NRO 690, DE 1987 (ES)",https://www.cmfchile.cl/normativa/cir_1006_1991.pdf
1991-01-01,1005,"MODIFICA CIRCULAR NRO 905, DE 1989(ESG2)",https://www.cmfchile.cl/normativa/cir_1005_1991.pdf
1991-01-01,1004,"INFORMACION AL PUBLICO SOBRE EMISIONES DE CUOTAS DE FONDOS DE INVERSION E INFORMACION PERIODICA SOBRE EL ESTADO DE LA COLOCACION DE CUOTAS (FIM, FII Y FICR)",https://www.cmfchile.cl/normativa/cir_1004_1991.pdf
1991-01-01,35,"MODIFICA NORMA DE CARACTER GENERAL NRO 21, DE 1988 (SAC)",https://www.cmfchile.cl/normativa/ncg_35_1991.pdf
1991-01-01,1003,ESTABLECE OBLIGACION DE REMITIR NOMINA DE EJECUTIVOS(EPF),https://www.cmfchile.cl/normativa/cir_1003_1991.pdf
1991-01-01,1002,POSTULACION A INSCRIPCION EN REGISTRO DE AUXILIARES DEL COMERCIO DE SEGUROS. FIJA MES DE EXAMEN Y ENUMERA ANTECEDENTES QUE DEBEN ADJUNTARSE A SOLICITUD (MS),https://www.cmfchile.cl/normativa/cir_1002_1991.pdf
1991-01-01,1001,EXIME DE LA OBLIGACION DE PUBLICAR BALANCES GENERALES Y ESTADOS DE PERDIDAS Y GANANCIAS (FICE),https://www.cmfchile.cl/normativa/cir_1001_1991.pdf
1991-01-01,1000,"MODIFICA CIRCULARES NROS. 802, DE 1988, 851, DE 1989, Y 942, DE 1990 (ECRF)",https://www.cmfchile.cl/normativa/cir_1000_1991.pdf
1991-01-01,999,"MODIFICA CIRCULARES NROS. 727, DE 1987, Y 799, DE 1988 (ESG2)",https://www.cmfchile.cl/normativa/cir_999_1991.pdf
1991-01-01,998,APORTES D.L. 1.757 (ESG1),https://www.cmfchile.cl/normativa/cir_998_1991.pdf
1991-01-01,997,AUTORIZA TRANSACCION DE MONEDA EXTRANJERA COMO ACTIVIDAD COMPLEMENTARIA A LOS AGENTES DE VALORES (AV),https://www.cmfchile.cl/normativa/cir_997_1991.pdf
1991-01-01,996,ESTABLECE FICHA ESTADISTICA CODIFICADA UNIFORME PARA CORREDORES DE SEGUROS (CS),https://www.cmfchile.cl/normativa/cir_996_1991.pdf
1991-01-01,995,INFORMACION MENSUAL SOBRE EL ESTADO DE EMISIONES Y COLOCACIONES DE BONOS (EIRV),https://www.cmfchile.cl/normativa/cir_995_1991.pdf
1991-01-01,994,INSTRUYE ENVIO EN MEDIO MAGNETICO DE INFORMACION CONTENIDA EN FECU (ES),https://www.cmfchile.cl/normativa/cir_994_1991.pdf
1991-01-01,993,APORTES D.L. 1.757 (ESG1),https://www.cmfchile.cl/normativa/cir_993_1991.pdf
1991-01-01,992,ESTABLECE OBLIGACION DE INFORMAR RESPECTO DE REMESAS DE UTILIDADES DEL FONDO AL EXTERIOR (FICE),https://www.cmfchile.cl/normativa/cir_992_1991.pdf
1991-01-01,611,ESTABLECE OBLIGACION DE COMUNICAR AL SERVICIO NACIONAL DE ADUANAS Y AL M.O.P.  TERMINO ANTICIPADO DE POLIZAS QUE INDICA (CSG1),https://www.cmfchile.cl/normativa/ofc_611_1991.pdf
1991-01-01,991,INFORMACION PERIODICA QUE DEBEN REMITIR A ESTE SERVICIO LAS ENTIDADES ASEGURADORAS Y REASEGURADORAS (ES)S,https://www.cmfchile.cl/normativa/cir_991_1991.pdf
1991-01-01,990,"COMPLEMENTA CIRCULARES NROS. 835, DE 1988, Y 984, DE 1990 (MS)",https://www.cmfchile.cl/normativa/cir_990_1991.pdf
1991-01-01,989,APORTE FISCAL CUERPOS DE BOMBEROS (BOMB),https://www.cmfchile.cl/normativa/cir_989_1991.pdf
1991-01-01,988,REITERA EXIGENCIAS DE ARTICULOS 9 Y 10 DE LA LEY NRO 18.045 (HECHOS ESENCIALES) (EIRV),https://www.cmfchile.cl/normativa/cir_988_1991.pdf
1991-01-01,987,INFORMA SOBRE PROCEDIMIENTO DE CLASIFICACION DE RIESGO DE OBLIGACIONES DE COMPAÑIAS DE SEGUROS (ES Y ECRF),https://www.cmfchile.cl/normativa/cir_987_1991.pdf
1991-01-01,986,IMPARTE INSTRUCCIONES SOBRE TRATAMIENTO CONTABLE DEL IMPUESTO A LA RENTA (EF),https://www.cmfchile.cl/normativa/cir_986_1991.pdf
1991-01-01,985,"MODIFICA CIRCULAR NRO 979, DE 1990 (EPF)",https://www.cmfchile.cl/normativa/cir_985_1991.pdf
1990-01-01,984,"31/12/1992 
30/06/1992 
31/12/1991 
22/01/1991",https://www.cmfchile.cl/normativa/cir_984_1990.pdf
1990-01-01,983,AYUDAS EXTRAORDINARIAS A CUERPOS DE BOMBEROS (BOMB),https://www.cmfchile.cl/normativa/cir_983_1990.pdf
1990-01-01,982,APORTES D.L. 1.757 (ESG1),https://www.cmfchile.cl/normativa/cir_982_1990.pdf
1990-01-01,981,REGULA TRATAMIENTO DE GASTOS DIFERIDOS Y GASTOS DE ORGANIZACION Y PUESTA EN MARCHA (SAF SALVO ES),https://www.cmfchile.cl/normativa/cir_981_1990.pdf
1990-01-01,980,IMPARTE INSTRUCCIONES RESPECTO DEL INFORME DE CONTROL INTERNO (AE Y SAF SALVO ES Y EA198),https://www.cmfchile.cl/normativa/cir_980_1990.pdf
1990-01-01,979,"ESTABLECE OBLIGACIONES PARA VERIFICAR EL CUMPLIMIENTO DE CIRCULAR NRO 960, DE 1990(EPF)",https://www.cmfchile.cl/normativa/cir_979_1990.pdf
1990-01-01,5473,POLIZA UNICA SEGURO RESPONSABILIDAD TRANSPORTADOR POR CARRETERA EN VIAJE INTERNACIONAL - CERTIFICADO DE SEGURO BILINGE (CSG1),https://www.cmfchile.cl/normativa/ofc_5473_1990.pdf
1990-01-01,978,"AUTORIZA LA INVERSION EN MONEDA DOLAR USA., FIJA LIMITES MAXIMOS Y DICTA INSTRUCCIONES PARA SU VALORIZACION. MODIFICA CIRCULAR NRO 781, DE 1988.(AFM)",https://www.cmfchile.cl/normativa/cir_978_1990.pdf
1990-01-01,977,APORTES D.L. 1.757 (ESG1),https://www.cmfchile.cl/normativa/cir_977_1990.pdf
1990-01-01,5076,OPERACIONES DE COMPROMISO (IV),https://www.cmfchile.cl/normativa/ofc_5076_1990.pdf
1990-01-01,976,"REITERA NORMAS SOBRE CONSTITUCION DE RESERVA DE RIESGO CATASTROFICO DE TERREMOTO, CIRCULAR NRO 376 DE 1983 (ESG1)",https://www.cmfchile.cl/normativa/cir_976_1990.pdf
1990-01-01,975,ESTABLECE INSTRUCCIONES PARA CONTABILIZAR CONTRATOS A FUTURO (CB),https://www.cmfchile.cl/normativa/cir_975_1990.pdf
1990-01-01,974,NORMAS MINIMAS DE AUDITORIA EXTERNA PARA COMPAÑIAS DE SEGUROS (ES),https://www.cmfchile.cl/normativa/cir_974_1990.pdf
1990-01-01,973,"MODIFICA CIRCULARES NROS. 514, DE 1985, 632, DE 1986, Y 695, DE 1987 (IV)",https://www.cmfchile.cl/normativa/cir_973_1990.pdf
1990-01-01,34,"MODIFICA NORMA DE CARACTER GENERAL NRO 18, DE 1986 (IV)",https://www.cmfchile.cl/normativa/ncg_34_1990.pdf
1990-01-01,972,APORTES D.L. 1.757 (ESG1),https://www.cmfchile.cl/normativa/cir_972_1990.pdf
1990-01-01,4659,"SUSTITUYE PAGINAS 17 Y 83 DE CIRCULAR 967, DE 28 DE SEPTIEMBRE DE 1990.",https://www.cmfchile.cl/normativa/ofc_4659_1990.pdf
,,"SUSTITUYE PAGINAS 17 Y 83 DE CIRCULAR 967, DE 28 DE SEPTIEMBRE DE 1990",javascript: alerta();
1990-01-01,971,"MODIFICA CIRCULAR NRO 811, DE 1988(ESG2 Y AMH)",https://www.cmfchile.cl/normativa/cir_971_1990.pdf
1990-01-01,970,"MODIFICA CIRCULARES NROS. 528, DE 1985, Y 778, DE 1988 (ESG2)",https://www.cmfchile.cl/normativa/cir_970_1990.pdf
1990-01-01,969,APORTE FISCAL CUERPOS DE BOMBEROS (BOMB),https://www.cmfchile.cl/normativa/cir_969_1990.pdf
1990-01-01,968,APORTES D.L. 1.757 (ESG1),https://www.cmfchile.cl/normativa/cir_968_1990.pdf
1990-01-01,4333,AUTORIZA EMITIR POLIZAS EN UTM (CSG1),https://www.cmfchile.cl/normativa/ofc_4333_1990.pdf
1990-01-01,967,"IMPARTE INSTRUCCIONES RELATIVAS A CONSTITUCION DE RESERVAS DE LOS SEGUROS ESTABLECIDOS EN EL D.L. 3.500, COBERTURA VIGENTE A CONTAR 1 DE AGOSTO DE 1990 (ESG2)",https://www.cmfchile.cl/normativa/cir_967_1990.pdf
1990-01-01,4313,OTRAS DISPOSICIONES CONTABLES,https://www.cmfchile.cl/normativa/ofc_4313_1990.pdf
1990-01-01,4306,OTRAS DISPOSICIONES CONTABLES,https://www.cmfchile.cl/normativa/ofc_4306_1990.pdf
1990-01-01,966,"MODIFICA CIRCULAR NRO 942, DE 1990 (ECRF)",https://www.cmfchile.cl/normativa/cir_966_1990.pdf
1990-01-01,965,RER Y CR (MS),https://www.cmfchile.cl/normativa/cir_965_1990.pdf
1990-01-01,964,APORTES D.L. 1.757 (ESG1),https://www.cmfchile.cl/normativa/cir_964_1990.pdf
1990-01-01,963,"INSTRUYE ENVIO DE INFORMACION SOBRE RENTAS VITALICIAS PREVISIONALES EN MEDIO MAGNETICO (ESG2)(NOTA: DEROGADA A CONTAR DEL 1º DE ENERO DE 2001, POR CIRCULAR Nª 1508, DE 29.11.2000)",https://www.cmfchile.cl/normativa/cir_963_1990.pdf
1990-01-01,962,CLASIFICA AGENTES PROFESIONALES SEGUROS SEGUNDO GRUPO AÑO 1990 (MS),https://www.cmfchile.cl/normativa/cir_962_1990.pdf
1990-01-01,961,CLASIFICA AGENTES PROFESIONALES SEGUROS PRIMER GRUPO AÑO 1990 (MS),https://www.cmfchile.cl/normativa/cir_961_1990.pdf
1990-01-01,960,"CIRCULAR CONJUNTA  CON SBIF. GIRO BANCARIO, CORREDURIA DE DINERO O CREDITOS Y TITULOS VALORES(EPF)",https://www.cmfchile.cl/normativa/cir_960_1990.pdf
1990-01-01,959,APORTES D.L. 1.757 (ESG1),https://www.cmfchile.cl/normativa/cir_959_1990.pdf
1990-01-01,3143,INSTRUYE SOBRE EL CONTENIDO Y PLAZOS DE ENVIO DE INFORMACION Y DOCUMENTACION A ESTA SUPERINTENDENCIA,https://www.cmfchile.cl/normativa/ofc_3143_1990.pdf
1990-01-01,958,"MODIFICA CIRCULARES NROS. 908, DE 1989, 923, 928 Y 929, DE 1990 (FICE)",https://www.cmfchile.cl/normativa/cir_958_1990.pdf
1990-01-01,957,APORTE FISCAL CUERPOS DE BOMBEROS (BOMB),https://www.cmfchile.cl/normativa/cir_957_1990.pdf
1990-01-01,956,IMPARTE INSTRUCCIONES SOBRE PROVISION IMPUESTO DE 1& CATEGORIA (EF),https://www.cmfchile.cl/normativa/cir_956_1990.pdf
1990-01-01,955,RER Y CR (MS),https://www.cmfchile.cl/normativa/cir_955_1990.pdf
1990-01-01,954,RER Y CR (MS),https://www.cmfchile.cl/normativa/cir_954_1990.pdf
1990-01-01,953,RER Y CR (MS),https://www.cmfchile.cl/normativa/cir_953_1990.pdf
1990-01-01,952,APORTES D.L. 1.757 (ESG1),https://www.cmfchile.cl/normativa/cir_952_1990.pdf
1990-01-01,951,IMPARTE NORMAS SOBRE INFORMACION PARA OPERACIONES CON ADRS Y OTRAS OBLIGACIONES (SAA QUE OPERAN CON ADRS),https://www.cmfchile.cl/normativa/cir_951_1990.pdf
1990-01-01,950,CLASIFICACION DE RIESGO DE OBLIGACIONES DE COMPAÑIAS DE SEGUROS (ES Y ECRF),https://www.cmfchile.cl/normativa/cir_950_1990.pdf
1990-01-01,949,RER Y CR (MS),https://www.cmfchile.cl/normativa/cir_949_1990.pdf
1990-01-01,948,RER Y CR (MS),https://www.cmfchile.cl/normativa/cir_948_1990.pdf
1990-01-01,947,SEÑALA PROCEDIMIENTO DE REGISTRO DE ENTIDADES CLASIFICADORAS DE RIESGO DE OBLIGACIONES DE COMPAÑIAS DE SEGUROS (ECRF),https://www.cmfchile.cl/normativa/cir_947_1990.pdf
1990-01-01,946,RESUME NORMATIVA QUE SOLICITA INFORMACION AL MERCADO (ES),https://www.cmfchile.cl/normativa/cir_946_1990.pdf
1990-01-01,945,"ADJUNTA NOMINA DE POLIZAS Y CLAUSULAS PARA SEGUROS DE VIDA, SALUD Y PREVISIONALES APROBADOS CON ANTERIORIDAD A LA LEY NRO 18.660 (MS)",https://www.cmfchile.cl/normativa/cir_945_1990.pdf
1990-01-01,944,"MODIFICA CIRCULAR NRO 485, DE 1985 (ES)",https://www.cmfchile.cl/normativa/cir_944_1990.pdf
1990-01-01,33,"MODIFICA Y COMPLEMENTA NORMA DE CARACTER GENERAL NRO 25, DE 1988 (ECRF)",https://www.cmfchile.cl/normativa/ncg_33_1990.pdf
1990-01-01,943,APORTES D.L. 1.757 (ESG1),https://www.cmfchile.cl/normativa/cir_943_1990.pdf
1990-01-01,942,INSTRUYE SOBRE EL CONTENIDO Y PERIODICIDAD DE INFORMACION Y DOCUMENTACION A SUPERINTENDENCIA (ECRF),https://www.cmfchile.cl/normativa/cir_942_1990.pdf
1990-01-01,32,ESTABLECE PROCEDIMIENTO GENERAL DE CLASIFICACION DE OBLIGACIONES DE COMPAÑIAS DE SEGUROS (ES Y ECRF),https://www.cmfchile.cl/normativa/ncg_32_1990.pdf
1990-01-01,941,APORTES D.L. 1.757 (ESG1),https://www.cmfchile.cl/normativa/cir_941_1990.pdf
1990-01-01,940,APORTE FISCAL CUERPOS DE BOMBEROS (BOMB),https://www.cmfchile.cl/normativa/cir_940_1990.pdf
1990-01-01,939,IMPARTE INSTRUCCIONES ESPECIFICAS PARA EMPRESAS DE LEASING (ELIRV),https://www.cmfchile.cl/normativa/cir_939_1990.pdf
1990-01-01,938,"MODIFICA CIRCULARES NROS. 632, DE 1986, 678, DE 1987, Y 695, DE 1987 (IV)",https://www.cmfchile.cl/normativa/cir_938_1990.pdf
1990-01-01,1493,INSTRUYE SOBRE TRASPASOS ACCIONES (SAF),https://www.cmfchile.cl/normativa/ofc_1493_1990.pdf
1990-01-01,937,"DEROGA CIRCULAR NRO 689, DE 1987 (MS)",https://www.cmfchile.cl/normativa/cir_937_1990.pdf
1990-01-01,936,APORTES D.L. 1.757 (ESG1),https://www.cmfchile.cl/normativa/cir_936_1990.pdf
1990-01-01,935,"ESTABLECE NORMAS DE INSCRIPCION DE CUOTAS DE FONDOS DE INVERSION EN EL REGISTRO DE VALORES, SU DIFUSION, COLOCACION Y OBLIGACIONES DE INFORMACION (FIM, FII FICR)",https://www.cmfchile.cl/normativa/cir_935_1990.pdf
1990-01-01,934,APORTES D.L. 1.757 (ESG1),https://www.cmfchile.cl/normativa/cir_934_1990.pdf
1990-01-01,777,"ACLARA ALCANCE CIRCULAR N° 327, EN RELACION A OBLIGACION DE INFORMAR SOBRE PERSONAS O ENTIDADES FISCALIZADAS, EN LA CARTERA DE CLIENTES",https://www.cmfchile.cl/normativa/ofc_777_1990.pdf
1990-01-01,933,"MODIFICA CIRCULAR NRO 1495, EDICION 1980 (ES)",https://www.cmfchile.cl/normativa/cir_933_1990.pdf
1990-01-01,932,"MODIFICA CIRCULAR NRO 901, DE 1989 (ES)",https://www.cmfchile.cl/normativa/cir_932_1990.pdf
1990-01-01,637,REEMPLAZA HOJA DE CIRCULAR 842 ACTUALIZADA,https://www.cmfchile.cl/normativa/ofc_637_1990.pdf
1990-01-01,931,IMPARTE NORMA REFERENTE A LA INFORMACION PERIODICA SOBRE EL ESTADO DE LA EMISION Y COLOCACION DE ACCIONES (SAA),https://www.cmfchile.cl/normativa/cir_931_1990.pdf
1990-01-01,930,RER Y CR (MS),https://www.cmfchile.cl/normativa/cir_930_1990.pdf
1990-01-01,574,ACLARACION SOBRE POLIZA DE SEGUROS QUE DEBEN CONTRATAR LOS CORREDORES DE REASEGUROS,https://www.cmfchile.cl/normativa/ofc_574_1990.pdf
1990-01-01,929,ESTABLECE NORMAS A LOS FONDOS DE INVERSION DE CAPITAL EXTRANJERO PARA VALORIZAR Y CONTABILIZAR INVERSIONES EN ACCIONES Y EN TITULOS DE DEUDA Y OPERACIONES DE COMPROMISO Y DE SEGURO DE CAMBIO (FICE),https://www.cmfchile.cl/normativa/cir_929_1990.pdf
1990-01-01,928,ESTABLECE INSTRUCCIONES SOBRE FORMA Y CONTENIDO DEL ESTADO MENSUAL DE LA CARTERA DE INVERSIONES Y EL DETALLE DE LOS APORTES Y REMESAS DEL FONDO (FICE),https://www.cmfchile.cl/normativa/cir_928_1990.pdf
1990-01-01,927,IMPARTE NORMAS RESPECTO AL TRATAMIENTO CONTABLE DE PROVISIONES POR IMPUESTO A LA RENTA DE 1& CATEGORIA(SAF),https://www.cmfchile.cl/normativa/cir_927_1990.pdf
1990-01-01,926,"MODIFICA CIRCULAR NRO 908, DE 1989 (FICE)",https://www.cmfchile.cl/normativa/cir_926_1990.pdf
1990-01-01,925,TRASPASO DE CARTERA (ES),https://www.cmfchile.cl/normativa/cir_925_1990.pdf
1990-01-01,924,APORTES D.L. 1.757 (ESG1),https://www.cmfchile.cl/normativa/cir_924_1990.pdf
1990-01-01,923,ESTABLECE FORMATO DE PRESENTACION DE ESTADOS FINANCIEROS DE FONDOS DE INVERSION DE CAPITAL EXTRANJERO (FICE),https://www.cmfchile.cl/normativa/cir_923_1990.pdf
1990-01-01,922,"MODIFICA CIRCULAR NRO 239, DE 1982 (SAA Y EIRV SALVO ES)",https://www.cmfchile.cl/normativa/cir_922_1990.pdf
1990-01-01,921,"ESTABLECE NOMINA DE ENTIDADES FISCALIZADAS QUE CONFORMAN DIVERSOS GRUPOS EMPRESARIALES SEGUN LO ESTABLECIDO EN TITULO XV DE LA LEY DE MERCADO DE VALORES (AFM, FICE , Y ES)",https://www.cmfchile.cl/normativa/cir_921_1990.pdf
1990-01-01,920,APORTE FISCAL CUERPOS DE BOMBEROS (BOMB),https://www.cmfchile.cl/normativa/cir_920_1990.pdf
1990-01-01,172,OTRAS MATERIAS,https://www.cmfchile.cl/normativa/ofc_172_1990.pdf
1990-01-01,919,ADJUNTA NUEVA NOMINA DE POLIZAS Y CLAUSULAS APROBADAS CON ANTERIORIDAD A LA LEY NRO 18.660 (MS),https://www.cmfchile.cl/normativa/cir_919_1990.pdf
1990-01-01,918,IMPARTE NORMAS SOBRE CERTIFICADO SEGURO OBLIGATORIO LEY NRO 18.490 (ES Y CS),https://www.cmfchile.cl/normativa/cir_918_1990.pdf
1989-01-01,917,ESTABLECE OBLIGACION DE PRESENTAR ESTADOS FINANCIEROS SEMESTRALES (FICE),https://www.cmfchile.cl/normativa/cir_917_1989.pdf
1989-01-01,916,RER Y CR (MS),https://www.cmfchile.cl/normativa/cir_916_1989.pdf
1989-01-01,915,"MODIFICA CIRCULAR NRO 842, DE 1988 (ES)",https://www.cmfchile.cl/normativa/cir_915_1989.pdf
1989-01-01,914,APORTES D.L. 1.757 (ESG1),https://www.cmfchile.cl/normativa/cir_914_1989.pdf
1989-01-01,913,RER Y CR (MS),https://www.cmfchile.cl/normativa/cir_913_1989.pdf
1989-01-01,912,AYUDAS EXTRAORDINARIAS A CUERPOS DE BOMBEROS (BOMB),https://www.cmfchile.cl/normativa/cir_912_1989.pdf
1989-01-01,911,CONTABILIZACION DE DESCUENTOS DE CESION Y ACEPTACION DE PRIMAS (ES),https://www.cmfchile.cl/normativa/cir_911_1989.pdf
1989-01-01,910,RER Y CR (MS),https://www.cmfchile.cl/normativa/cir_910_1989.pdf
1989-01-01,909,"29/09/1983 
  
02/10/1986 
  
20/04/1981 
  
03/06/1981 
  
11/06/1981 
  
11/06/1981 
  
23/11/1987 
  
04/02/1982 
  
05/02/1982 
  
17/11/1982 
  
31/12/1982 
  
25/10/1983 
  
28/10/1981",https://www.cmfchile.cl/normativa/cir_909_1989.pdf
1989-01-01,908,"AUTORIZA Y REGULA INVERSION DE LOS FONDOS EN ACCIONES DE SOCIEDADES ANONIMAS CERRADAS, EN TITULOS DE DEUDA NO INSCRITOS EN EL REGISTRO DE VALORES, EN CUOTAS DE FONDOS MUTUOS, Y EN OPERACIONES DE COMPROMISO Y DE SEGURO DE CAMBIO (FICE)",https://www.cmfchile.cl/normativa/cir_908_1989.pdf
1989-01-01,907,APORTES D.L. 1.757 (ESG1),https://www.cmfchile.cl/normativa/cir_907_1989.pdf
1989-01-01,906,ESTABLECE OBLIGACION DE INFORMAR CON PERIODICIDAD QUE INDICA LA NOMINA DE AGENTES COLOCADORES DE CUOTAS DE FONDOS MUTUOS (AFM),https://www.cmfchile.cl/normativa/cir_906_1989.pdf
1989-01-01,31,"COMPLEMENTA NORMA DE CARACTER GENERAL NRO 25, DE 1988 (ECRF)",https://www.cmfchile.cl/normativa/ncg_31_1989.pdf
1989-01-01,905,"IMPARTE INSTRUCCIONES SOBRE APLICACION DE CIRCULAR NRO 873, DE 1989 (ESG2)",https://www.cmfchile.cl/normativa/cir_905_1989.pdf
1989-01-01,904,ACREDITACION DE CONOCIMIENTOS EN MATERIA DE SEGUROS (CS Y LS),https://www.cmfchile.cl/normativa/cir_904_1989.pdf
1989-01-01,30,"28/10/2024 
25/07/2024 
25/07/2024 
30/01/2023 
31/08/2022 
12/11/2021 
19/07/2021 
15/06/2020 
12/02/2019 
08/06/2015 
18/03/2015 
20/01/2015 
03/05/2013 
21/03/2012 
26/11/2010 
22/01/2009 
28/01/2008 
15/01/2008 
11/02/2004 
31/12/2003 
24/10/2002 
04/10/2002 
11/06/2002 
23/01/2002 
01/02/2001 
04/10/2000 
12/05/1997 
08/09/1994 
27/07/1992 
31/10/1991",https://www.cmfchile.cl/normativa/ncg_30_1989.pdf
1989-01-01,3980,INFORMA RESPECTO A MODIFICACION DE HORARIO DE INICIO Y TERMINO DE OPERACIONES BURSATILES INTRODUCIDAS POR LA BOLSA DE VALORES DE CHILE (AFM),https://www.cmfchile.cl/normativa/ofc_3980_1989.pdf
1989-01-01,903,"MODIFICA CIRCULAR NRO 743, DE 1987 (ES)",https://www.cmfchile.cl/normativa/cir_903_1989.pdf
1989-01-01,902,APORTES D.L. 1.757 (ESG1),https://www.cmfchile.cl/normativa/cir_902_1989.pdf
1989-01-01,901,CREDITO A LOS ASEGURADOS COMO ACTIVO DE LA LETRA F) DEL ARTICULO 21 DEL D.F.L. 251 (ES),https://www.cmfchile.cl/normativa/cir_901_1989.pdf
1989-01-01,900,RER Y CR (MS),https://www.cmfchile.cl/normativa/cir_900_1989.pdf
1989-01-01,899,"MODIFICA CIRCULAR NRO 777, DE 1988 (ESG2)",https://www.cmfchile.cl/normativa/cir_899_1989.pdf
1989-01-01,898,"MODIFICA CIRCULAR NRO 771, DE 1988 (ES)",https://www.cmfchile.cl/normativa/cir_898_1989.pdf
1989-01-01,897,"MODIFICA CIRCULAR NRO 756, DE 1987 (MS)",https://www.cmfchile.cl/normativa/cir_897_1989.pdf
1989-01-01,896,APORTE FISCAL CUERPOS DE BOMBEROS (BOMB),https://www.cmfchile.cl/normativa/cir_896_1989.pdf
1989-01-01,895,REGLAMENTA SOBRE COMUNICACION DE EXCESOS DE INVERSION Y SOBRE PLAZOS PARA REGULARIZACION (FICE),https://www.cmfchile.cl/normativa/cir_895_1989.pdf
1989-01-01,894,ADJUNTA NOMINA DE POLIZAS Y CLAUSULAS APROBADAS CON  ANTERIORIDAD A LA LEY NRO 18.660 (MS),https://www.cmfchile.cl/normativa/cir_894_1989.pdf
1989-01-01,893,"MODIFICA CIRCULAR NRO 794, DE 1988 (ES)",https://www.cmfchile.cl/normativa/cir_893_1989.pdf
1989-01-01,892,"MODIFICA CIRCULAR NRO 692, DE 1987 (ES)",https://www.cmfchile.cl/normativa/cir_892_1989.pdf
1989-01-01,891,APORTES D.L. 1.757 (ESG1),https://www.cmfchile.cl/normativa/cir_891_1989.pdf
1989-01-01,890,"MODIFICA Y COMPLEMENTA CIRCULAR  NRO 817, DE 1989 (FCU)",https://www.cmfchile.cl/normativa/cir_890_1989.pdf
1989-01-01,3438,"ACLARA NORMA DE CARACTER GENERAL NRO 18, RESPECTO A RAZON DE ENDEUDAMIENTO (IV)",https://www.cmfchile.cl/normativa/ofc_3438_1989.pdf
1989-01-01,889,INFORMACION AL PUBLICO SOBRE EMISIONES DE VALORES DE OFERTA PUBLICA ( SIRV),https://www.cmfchile.cl/normativa/cir_889_1989.pdf
1989-01-01,888,"COMPLEMENTA INSTRUCCIONES CONTENIDAS EN CIRCULAR NRO 716, DE 1987, RESPECTO A CLASIFICACION DE RIESGO A INFORMAR DE INSTRUMENTOS (AFM)",https://www.cmfchile.cl/normativa/cir_888_1989.pdf
1989-01-01,887,DEFINE ACTIVIDADES COMPLEMENTARIAS PARA CUYA REALIZACION NO SE REQUIERE SOLICITAR AUTORIZACION PREVIA DE LA SUPERINTENDENCIA (IV),https://www.cmfchile.cl/normativa/cir_887_1989.pdf
1989-01-01,886,"AGREGA PARRAFO A CIRCULAR NRO 632, DE 1986 (IV)",https://www.cmfchile.cl/normativa/cir_886_1989.pdf
1989-01-01,885,RER Y CR (MS),https://www.cmfchile.cl/normativa/cir_885_1989.pdf
1989-01-01,884,"PRECISA LA PARTICIPACION, LOS DERECHOS Y OBLIGACIONES QUE CORRESPONDEN A LOS INVERSIONISTAS EN BONOS O TITULOS DE DEUDA A LARGO PLAZO (II, EVOP E IV)",https://www.cmfchile.cl/normativa/cir_884_1989.pdf
1989-01-01,883,CLASIFICA AGENTES PROFESIONES SEGUROS PRIMER GRUPO AÑO 1989 (MS),https://www.cmfchile.cl/normativa/cir_883_1989.pdf
1989-01-01,882,CLASIFICA AGENTES PROFESIONALES SEGUROS SEGUNDO GRUPO AÑO 1989 (MS),https://www.cmfchile.cl/normativa/cir_882_1989.pdf
1989-01-01,881,APORTES D.L. 1.757 (ESG1),https://www.cmfchile.cl/normativa/cir_881_1989.pdf
1989-01-01,879,"MODIFICA CIRCULAR NRO 811, DE 1988 (ES Y AMH)",https://www.cmfchile.cl/normativa/cir_879_1989.pdf
1989-01-01,878,"REGULA TRATAMIENTO CONTABLE DE LA RESERVA DE RETASACION TECNICA DEL ACTIVO FIJO (SAA, SALVO ES)",https://www.cmfchile.cl/normativa/cir_878_1989.pdf
1989-01-01,2899,OTRAS MATERIAS,https://www.cmfchile.cl/normativa/ofc_2899_1989.pdf
1989-01-01,877,"MODIFICA CIRCULAR NRO 852, DE 1989 (ES)",https://www.cmfchile.cl/normativa/cir_877_1989.pdf
1989-01-01,876,APORTES D.L. 1.757 (ESG1),https://www.cmfchile.cl/normativa/cir_876_1989.pdf
1989-01-01,875,REQUISITOS QUE DEBERAN CUMPLIR LAS POLIZAS QUE SE ACOJAN AL INCISO TERCERO DE LA LETRA E) DEL ARTICULO 3 DEL D.F.L. NRO 251 (POLIZAS QUE PUEDEN CONTRATARSE SIN PREVIO REGISTRO)(ES),https://www.cmfchile.cl/normativa/cir_875_1989.pdf
1989-01-01,874,"MODIFICA CIRCULAR NRO 802, DE 1988 (ECRF)",https://www.cmfchile.cl/normativa/cir_874_1989.pdf
1989-01-01,873,NORMAS DE VALORIZACION DE ACTIVOS Y PASIVOS EN RELACION A SU CALCE EN EL TIEMPO (ESG2),https://www.cmfchile.cl/normativa/cir_873_1989.pdf
1989-01-01,872,RER Y CR (MS),https://www.cmfchile.cl/normativa/cir_872_1989.pdf
1989-01-01,871,APORTE FISCAL CUERPOS DE BOMBEROS (BOMB),https://www.cmfchile.cl/normativa/cir_871_1989.pdf
1989-01-01,870,"DEROGA CIRCULARES NROS. 459, DE 1984, Y 624, DE 1986, SOBRE PARTICIPACION EN RENTABILIDAD COMO ADICIONAL A POLIZAS DE RENTA VITALICIA PREVISIONAL (ESG2)",https://www.cmfchile.cl/normativa/cir_870_1989.pdf
1989-01-01,869,APORTES D.L. 1.757 (ESG1),https://www.cmfchile.cl/normativa/cir_869_1989.pdf
1989-01-01,868,RER Y CR (MS),https://www.cmfchile.cl/normativa/cir_868_1989.pdf
1989-01-01,867,"MODIFICA CIRCULAR NRO 185, DE 1982(ES Y LS)",https://www.cmfchile.cl/normativa/cir_867_1989.pdf
1989-01-01,866,APORTES D.L. 1.757 (ESG1),https://www.cmfchile.cl/normativa/cir_866_1989.pdf
1989-01-01,865,RER Y CR (MS),https://www.cmfchile.cl/normativa/cir_865_1989.pdf
1989-01-01,864,"REEMPLAZA CIRCULAR NRO 439, DE 1984, DE INFORMACION SOBRE LIQUIDACIONES DE SINIESTROS (ES)",https://www.cmfchile.cl/normativa/cir_864_1989.pdf
1989-01-01,863,APORTES D.L. 1.757 (ESG1),https://www.cmfchile.cl/normativa/cir_863_1989.pdf
1989-01-01,862,APORTE FISCAL CUERPOS DE BOMBEROS (BOMB),https://www.cmfchile.cl/normativa/cir_862_1989.pdf
1989-01-01,861,REGULA TRATAMIENTO CONTABLE DE PROVISIONES POR IMPUESTO A LA RENTA DE 1& CATEGORIA (EF),https://www.cmfchile.cl/normativa/cir_861_1989.pdf
1989-01-01,860,"MODIFICA CIRCULAR NRO 570, DE 1985 (CS)",https://www.cmfchile.cl/normativa/cir_860_1989.pdf
1989-01-01,859,"MODIFICA CIRCULAR NRO 652, DE 1986, SOBRE SEGURO OBLIGATORIO DE ACCIDENTES PERSONALES LEY 18.490 (ES)",https://www.cmfchile.cl/normativa/cir_859_1989.pdf
1989-01-01,858,APORTES D.L. 1.757 (ESG1),https://www.cmfchile.cl/normativa/cir_858_1989.pdf
1989-01-01,857,RER Y CR (MS),https://www.cmfchile.cl/normativa/cir_857_1989.pdf
1989-01-01,856,REGISTRA POLIZA DE SEGURO DE GARANTIA PARA CORREDORES DE SEGUROS (MS),https://www.cmfchile.cl/normativa/cir_856_1989.pdf
1989-01-01,855,APORTES D.L. 1.757 (ESG1),https://www.cmfchile.cl/normativa/cir_855_1989.pdf
1989-01-01,639,INFORMACION NO PERIODICA,https://www.cmfchile.cl/normativa/ofc_639_1989.pdf
1989-01-01,638,INFORMACION NO PERIODICA,https://www.cmfchile.cl/normativa/ofc_638_1989.pdf
1989-01-01,854,"CIRCULAR CONJUNTA CON SAFP NRO 586 Y SSS NRO 1124: BONO DE RECONOCIMIENTO. REEMPLAZO DE BONO DE RECONOCIMIENTO EXTRAVIADO, DESTRUIDO O SUSTRAIDO (ESG2)",https://www.cmfchile.cl/normativa/cir_854_1989.pdf
1989-01-01,853,INSTRUYE SOBRE CONTENIDO Y PERIODICIDAD DE ENVIO DE INFORMACION Y DOCUMENTACION A SUPERINTENDENCIA (ECRF),https://www.cmfchile.cl/normativa/cir_853_1989.pdf
1989-01-01,852,EFECTOS DE COMERCIO RECIBIDOS EN PAGO DE PRIMAS QUE PUEDEN SER USADOS PARA EXTINGUIR OBLIGACIONES PROPIAS O DE TERCEROS  (ES),https://www.cmfchile.cl/normativa/cir_852_1989.pdf
1989-01-01,851,IMPARTE NORMAS SOBRE FORMA Y CONTENIDO DE LOS ESTADOS FINANCIEROS DE CLASIFICADORAS DE RIESGO (ECRF),https://www.cmfchile.cl/normativa/cir_851_1989.pdf
1989-01-01,468,DETERMINA PROCEDIMIENTO PARA TIMBRAJE DE LIBRO DE ACTAS DEL CONSEJO DE CLASIFICACION (ECRF),https://www.cmfchile.cl/normativa/ofc_468_1989.pdf
1989-01-01,850,"MODIFICA Y COMPLEMENTA CIRCULAR NRO 802, DE 1988 (ECRF)",https://www.cmfchile.cl/normativa/cir_850_1989.pdf
1989-01-01,849,APORTES D.L. 1.757 (ESG1),https://www.cmfchile.cl/normativa/cir_849_1989.pdf
1989-01-01,29,"MODIFICA NORMA DE CARACTER GENERAL NRO 25, DE 1988 (ECRF)",https://www.cmfchile.cl/normativa/ncg_29_1989.pdf
1989-01-01,28,"MODIFICA NORMA DE CARACTER GENERAL NRO 24, DE 1988 (SAA)",https://www.cmfchile.cl/normativa/ncg_28_1989.pdf
1989-01-01,848,INSTRUCCIONES SOBRE PROVISIONES DE SINIESTROS POR COBRAR A REASEGURADORES (ES),https://www.cmfchile.cl/normativa/cir_848_1989.pdf
1989-01-01,286,OTRAS DISPOSICIONES CONTABLES,https://www.cmfchile.cl/normativa/ofc_286_1989.pdf
1989-01-01,847,ESTABLECE CERTIFICADO PARA LA DECLARACION TRIBUTARIA DE PARTICIPES DE FONDOS MUTUOS (AFM),https://www.cmfchile.cl/normativa/cir_847_1989.pdf
1989-01-01,846,APORTE FISCAL CUERPOS DE BOMBEROS (BOMB),https://www.cmfchile.cl/normativa/cir_846_1989.pdf
1989-01-01,845,IMPARTE NORMAS SOBRE GASTOS ADMINISTRATIVOS QUE PODRAN CARGARSE A LOS FONDOS DE CREDITO UNIVERSITARIO (FCU.),https://www.cmfchile.cl/normativa/cir_845_1989.pdf
1989-01-01,844,APORTES D.L. 1.757 (ESG1),https://www.cmfchile.cl/normativa/cir_844_1989.pdf
1988-01-01,843,AYUDAS EXTRAORDINARIAS CUERPOS DE BOMBEROS (BOMB),https://www.cmfchile.cl/normativa/cir_843_1988.pdf
1988-01-01,842,INFORMACION SOBRE CONTRATOS Y NEGOCIOS FACULTATIVOS DE REASEGURO (ES),https://www.cmfchile.cl/normativa/cir_842_1988.pdf
1988-01-01,841,"MODIFICA CIRCULAR N 771, DE 1988, SOBRE INVENTARIO DE INVERSIONES (ES)",https://www.cmfchile.cl/normativa/cir_841_1988.pdf
1988-01-01,840,"MODIFICA CIRCULAR NRO 690, DE 1987, SOBRE VALORIZACION DE INVERSIONES (ES)",https://www.cmfchile.cl/normativa/cir_840_1988.pdf
1988-01-01,839,"MODIFICA CIRCULAR NRO 690, DE 1987, SOBRE VALORIZACION DE INVERSIONES  (ES)",https://www.cmfchile.cl/normativa/cir_839_1988.pdf
1988-01-01,838,RER Y CR (MS),https://www.cmfchile.cl/normativa/cir_838_1988.pdf
1988-01-01,837,"INFORMACION SOBRE OTORGAMIENTO, ENDOSO Y CARTERA DE MUTUOS HIPOTECARIOS ENDOSABLES (AMH)",https://www.cmfchile.cl/normativa/cir_837_1988.pdf
1988-01-01,836,"ESTABLECE NORMAS GENERALES DE PUBLICIDAD DE SOCIEDADES ADMINISTRADORAS DE FONDOS MUTUOS, DE FONDOS MUTUOS Y DE INFORMACION A PARTICIPES (AFM.)",https://www.cmfchile.cl/normativa/cir_836_1988.pdf
1988-01-01,835,"31/12/1992 
30/06/1992 
31/12/1991 
22/01/1991 
31/12/1990",https://www.cmfchile.cl/normativa/cir_835_1988.pdf
1988-01-01,834,NORMAS MINIMAS DE AUDITORIA EXTERNA PARA COMPAÑIAS DE SEGUROS (ES),https://www.cmfchile.cl/normativa/cir_834_1988.pdf
1988-01-01,833,"MODIFICA CIRCULAR NRO 811, DE 1988, SOBRE MUTUOS HIPOTECARIOS ENDOSABLES Y AGENTES ADMINISTRADORES (ESG2 Y AMH)",https://www.cmfchile.cl/normativa/cir_833_1988.pdf
1988-01-01,832,DICTA NORMAS PARA VALORIZACION DE PAGARES EMITIDOS A TASA FLOTANTE (FM E IV),https://www.cmfchile.cl/normativa/cir_832_1988.pdf
1988-01-01,4334,ADJUNTA NOMINA DE ADMINISTRADORES GENERALES DE FONDOS SOLIDARIOS DE CREDITO UNIVERSITARIO Y SUS RESPECTIVOS DOMICILIOS,https://www.cmfchile.cl/normativa/ofc_4334_1988.pdf
1988-01-01,27,"MODIFICA NORMA DE CARACTER GENERAL NRO 24, DE 1988 (ECRF)",https://www.cmfchile.cl/normativa/ncg_27_1988.pdf
1988-01-01,831,APORTES D.L. 1.757 (ESG1),https://www.cmfchile.cl/normativa/cir_831_1988.pdf
1988-01-01,830,"MODIFICA CIRCULAR NRO 1495, EDICION 1980 (ES)",https://www.cmfchile.cl/normativa/cir_830_1988.pdf
1988-01-01,3992,ACLARA LO SEÑALADO EN PENULTIMO PARRAFO DE CIRCULAR N° 817 DE 31 DE AGOSTO DE 1988,https://www.cmfchile.cl/normativa/ofc_3992_1988.pdf
1988-01-01,829,RETASACION DE BIENES DEL ACTIVO FIJO PARA SOCIEDADES QUE LLEVAN CONTABILIDAD EN DOLARES (EIRV QUE HAYAN LLEVADO CONTABILIDAD EN US$ A LO MENOS DURANTE LOS 3 ULTIMOS AÑOS),https://www.cmfchile.cl/normativa/cir_829_1988.pdf
1988-01-01,828,"COMPLEMENTA CIRCULAR NRO 561, DE 1985 (AV)",https://www.cmfchile.cl/normativa/cir_828_1988.pdf
1988-01-01,827,APORTES D.L. 1.757 (ESG1),https://www.cmfchile.cl/normativa/cir_827_1988.pdf
1988-01-01,826,DISPONE QUE LOS CERTIFICADOS SOAP DEBEN EXTENDERSE EN DUPLICADO (ES Y CS),https://www.cmfchile.cl/normativa/cir_826_1988.pdf
1988-01-01,825,APORTE FISCAL CUERPOS DE BOMBEROS (BOMB),https://www.cmfchile.cl/normativa/cir_825_1988.pdf
1988-01-01,824,"MODIFICA CIRCULAR NRO 777, DE 1988, SOBRE NORMAS DE CONTRATACION DE SEGUROS PREVISIONALES (ESG2 Y CS)",https://www.cmfchile.cl/normativa/cir_824_1988.pdf
1988-01-01,823,APORTES D.L. 1.757 (ESG1),https://www.cmfchile.cl/normativa/cir_823_1988.pdf
1988-01-01,822,"MODIFICA CIRCULAR N 756, DE 1987 (MS)",https://www.cmfchile.cl/normativa/cir_822_1988.pdf
1988-01-01,821,"MODIFICA CIRCULARES NROS. 690, DE 1987, SOBRE NORMAS DE VALORIZACION (ES)",https://www.cmfchile.cl/normativa/cir_821_1988.pdf
1988-01-01,820,RER Y CR (MS),https://www.cmfchile.cl/normativa/cir_820_1988.pdf
1988-01-01,819,IMPARTE NORMAS SOBRE REQUISITOS DE INFORMACION QUE DEBEN CUMPLIR LOS ADMINISTRADORES GENERALES DE LOS FONDOS DE CREDITO UNIVERSITARIO (FCU),https://www.cmfchile.cl/normativa/cir_819_1988.pdf
1988-01-01,818,ESTABLECE INSTRUCCIONES RELATIVAS A CONTABILIDAD Y REGISTROS MINIMOS QUE DEBERAN MANTENER LOS FONDOS DE CREDITO UNIVERSITARIO (FCU),https://www.cmfchile.cl/normativa/cir_818_1988.pdf
1988-01-01,817,IMPARTE NORMAS SOBRE FORMA Y CONTENIDO DE LOS ESTADOS FINANCIEROS DE LOS FONDOS DE CREDITO UNIVERSITARIO (FCU),https://www.cmfchile.cl/normativa/cir_817_1988.pdf
1988-01-01,816,APORTES D.L. 1.757 (ESG1),https://www.cmfchile.cl/normativa/cir_816_1988.pdf
1988-01-01,815,RER Y CR (MS),https://www.cmfchile.cl/normativa/cir_815_1988.pdf
1988-01-01,814,REGISTRA POLIZA DE SEGURO DE GARANTIA PARA AGENTES ADMINISTRADORES DE MUTUOS HIPOTECARIOS  (MS),https://www.cmfchile.cl/normativa/cir_814_1988.pdf
1988-01-01,813,ESTABLECE OBLIGACION DE COMUNICAR BAJAS EN EL PATRIMONIO NETO Y NUMERO DE PARTICIPES (AFM),https://www.cmfchile.cl/normativa/cir_813_1988.pdf
1988-01-01,812,APORTES D.L: 1.757 (ESG1),https://www.cmfchile.cl/normativa/cir_812_1988.pdf
1988-01-01,811,OTORGAMIENTO Y ADQUISICION DE MUTUOS HIPOTECARIOS ENDOSABLES. REGISTRO Y OPERACION DE AGENTES ADMINISTRADORES DE MUTUOS HIPOTECARIOS (ESG2 Y AMH)),https://www.cmfchile.cl/normativa/cir_811_1988.pdf
1988-01-01,26,ESTABLECE NORMAS MINIMAS PARA MERCADO DE OPCIONES EN ACCIONES (SAA Y BV),https://www.cmfchile.cl/normativa/ncg_26_1988.pdf
1988-01-01,810,APORTE FISCAL CUERPOS DE BOMBEROS (BOMB),https://www.cmfchile.cl/normativa/cir_810_1988.pdf
1988-01-01,809,RER Y CR (MS),https://www.cmfchile.cl/normativa/cir_809_1988.pdf
1988-01-01,808,APORTES D.L. 1.757 (ESG1),https://www.cmfchile.cl/normativa/cir_808_1988.pdf
1988-01-01,807,REGISTRA CLAUSULA DE MANDATO IRREVOCABLE PARA POLIZAS EN MONEDA EXTRANJERA (CAPITULO V COMPENDIO CAMBIOS INTERNACIONALES) (MS),https://www.cmfchile.cl/normativa/cir_807_1988.pdf
1988-01-01,806,CLASIFICA AGENTES PROFESIONALES DE SEGUROS SEGUNDO GRUPO AÑO 1988 (MS),https://www.cmfchile.cl/normativa/cir_806_1988.pdf
1988-01-01,805,CLASIFICA AGENTES PROFESIONALES DE SEGUROS PRIMER GRUPO AÑO 1988 (MS),https://www.cmfchile.cl/normativa/cir_805_1988.pdf
1988-01-01,804,"REEMPLAZA PUNTO 2 DE LA CIRCULAR NRO 481, DE 1985 (AFM)",https://www.cmfchile.cl/normativa/cir_804_1988.pdf
1988-01-01,803,MODIFICACION A LAS NORMAS DE VALORIZACION DE ACTIVOS Y PASIVOS EN RELACION A SU CALCE EN EL TIEMPO(ESG2),https://www.cmfchile.cl/normativa/cir_803_1988.pdf
1988-01-01,802,INSTRUYE SOBRE LA FORMA Y PERIODICIDAD DE ACTUALIZACION Y PUBLICACION DE CLASIFICACIONES DE VALORES DE OFERTA PUBLICA (ECRF),https://www.cmfchile.cl/normativa/cir_802_1988.pdf
1988-01-01,25,DETERMINA PROCEDIMIENTOS GENERALES DE CLASIFICACION DE VALORES DE OFERTA PUBLICA Y LAS CARACTERISTICAS DE LAS CATEGORIAS DE CLASIFICACION DE TITULOS REPRESENTATIVOS DE DEUDA Y DE TITULOS ACCIONARIOS (ECRF),https://www.cmfchile.cl/normativa/ncg_25_1988.pdf
1988-01-01,24,ESTABLECE CONDICIONES QUE HACEN OBLIGATORIA LA CLASIFICACION DE TITULOS ACCIONARIOS (SAA),https://www.cmfchile.cl/normativa/ncg_24_1988.pdf
1988-01-01,23,ESTABLECE PERSONAS CON INTERES EN UN EMISOR DETERMINADO (EPF),https://www.cmfchile.cl/normativa/ncg_23_1988.pdf
1988-01-01,22,NORMAS DE INSCRIPCION DE ENTIDADES CLASIFICADORAS DE RIESGO Y DE REGISTRO DE SUS PROCEDIMIENTOS Y CRITERIOS DE CLASIFICACION (ECRF),https://www.cmfchile.cl/normativa/ncg_22_1988.pdf
1988-01-01,801,"MODIFICA CIRCULARES NROS. 757, DE 1987, Y 795, DE 1988,  SOBRE INFORMACION A INCLUIR EN POLIZAS (ES Y CS)",https://www.cmfchile.cl/normativa/cir_801_1988.pdf
1988-01-01,800,APORTES D.L. 1.757 (ESG1),https://www.cmfchile.cl/normativa/cir_800_1988.pdf
1988-01-01,1851,"INTERPRETA ALCANCE DE LOS ARTICULOS 13 NX 8 DEL D.L. 1.328, DE 1976, Y NX 8 TRANSITORIO DE LA LEY NX 18.660 (AFM)",https://www.cmfchile.cl/normativa/ofc_1851_1988.pdf
1988-01-01,799,"MODIFICA CIRCULAR NRO 727, SOBRE ENVIO INFORMACION SEGUROS PREVISIONALES EN MEDIOS MAGNETICOS (ESG2)",https://www.cmfchile.cl/normativa/cir_799_1988.pdf
1988-01-01,798,"DICTA INSTRUCCIONES SOBRE VALORIZACION Y CONTABILIZACION DE DERECHOS PREFERENTES DE SUSCRIPCION DE ACCIONES Y DE LAS ACCIONES A QUE DICHOS DERECHOS SE REFIEREN. COMPLEMENTA CIRCULAR NRO618, DE 1985 (AFM)",https://www.cmfchile.cl/normativa/cir_798_1988.pdf
1988-01-01,797,INSTRUYE SOBRE COLOCACION PRIMARIA DE VALORES DE OFERTA PUBLICA EN QUE PARTICIPEN FONDOS DE PENSIONES Y ESTABLECE REQUISITOS DE INFORMACION DE INTERMEDIARIOS DE VALORES (SIRV E IV),https://www.cmfchile.cl/normativa/cir_797_1988.pdf
1988-01-01,796,APORTES D.L. 1.757 (ESG1),https://www.cmfchile.cl/normativa/cir_796_1988.pdf
1988-01-01,795,"MODIFICA CIRCULAR NRO 757, DE 1987, SOBRE INFORMACION A INCLUIR EN POLIZAS (ES Y CS)",https://www.cmfchile.cl/normativa/cir_795_1988.pdf
1988-01-01,794,DETERMINACION DE CREDITOS POR PRIMA REPRESENTATIVOS DE INVERSION ARTICULOS 21 Y 26 D.F.L. 251 (ES),https://www.cmfchile.cl/normativa/cir_794_1988.pdf
1988-01-01,793,APORTE FISCAL CUERPOS DE BOMBEROS (BOMB),https://www.cmfchile.cl/normativa/cir_793_1988.pdf
1988-01-01,792,"COMPLEMENTA CIRCULAR NRO 239, DE 1982, AGREGANDO NOTA A ESTADOS FINANCIEROS RELATIVA A DISTRIBUCION DE ACCIONISTAS (EIRV)",https://www.cmfchile.cl/normativa/cir_792_1988.pdf
1988-01-01,791,"MODIFICA CIRCULAR NRO 579, DE 1985, EN LO REFERENTE A APLICACION DE CORRECCION MONETARIA (IV)",https://www.cmfchile.cl/normativa/cir_791_1988.pdf
1988-01-01,1317,"MODIFICA MANUAL DE ESTADOS FINANCIEROS DE INTERMEDIARIOS DE VALORES (COMPLEMENTARIO DE CIRCULAR NRO 579, DE 1985) (IV)",https://www.cmfchile.cl/normativa/ofc_1317_1988.pdf
1988-01-01,790,"MODIFICA CIRCULAR NRO 774, DE 1988, SOBRE GRUPOS EMPRESARIALES (AFM., AFI, SA, FICE, ES)",https://www.cmfchile.cl/normativa/cir_790_1988.pdf
1988-01-01,789,APORTES D.L. 1.757 (ESG1),https://www.cmfchile.cl/normativa/cir_789_1988.pdf
1988-01-01,788,"MODIFICA CIRCULAR NRO 778, DE 1988 (ESG2)",https://www.cmfchile.cl/normativa/cir_788_1988.pdf
1988-01-01,787,ESTABLECE SISTEMA REAJUSTABILIDAD CUOTAS DE AHORRO DE PAGO ORDINARIO DE DIVIDENDOS PARA EFECTOS SEGUROS DESGRAVAMEN (ES),https://www.cmfchile.cl/normativa/cir_787_1988.pdf
1988-01-01,786,"MODIFICA CIRCULAR NRO 757, DE 1987, SOBRE INFORMACION EN POLIZAS Y CIRCULAR NRO 769, DE 1988, SOBRE RAMOS FECU PRIMER GRUPO(ES Y CS)",https://www.cmfchile.cl/normativa/cir_786_1988.pdf
1988-01-01,917,INFORMACION MENSUAL SOBRE TASAS SEGUROS AFP,https://www.cmfchile.cl/normativa/ofc_917_1988.pdf
1988-01-01,785,"MODIFICA CIRCULAR NRO 662, DE 1986, SOBRE INFORMACION HECHOS RELEVANTES (ES)",https://www.cmfchile.cl/normativa/cir_785_1988.pdf
1988-01-01,902,REITERA INSTRUCCIONES SOBRE HECHOS RELEVANTES A INFORMAR,https://www.cmfchile.cl/normativa/ofc_902_1988.pdf
,18,ARTICULO 80 LEY N° 18.591 MODIFICADA POR EL ARTICULO 21 DE LA LEY N° 18.681 Y DL 3538 DE 1980,javascript: alerta();
1988-01-01,21,EXIME A OFERTAS PUBLICAS QUE INDICA DE REQUISITO QUE SEÑALA (SAC),https://www.cmfchile.cl/normativa/ncg_21_1988.pdf
1988-01-01,784,MODIFICA RAMOS FECU SEGUNDO GRUPO (ESG2),https://www.cmfchile.cl/normativa/cir_784_1988.pdf
1988-01-01,783,APORTES D.L. 1.757(ESG1),https://www.cmfchile.cl/normativa/cir_783_1988.pdf
1988-01-01,782,DICTA INSTRUCCIONES RELATIVAS A LA DETERMINACION DE LA BASE PARA EL CALCULO DE LA REMUNERACION DIARIA DE LA SOCIEDAD ADMINISTRADORA (AFM),https://www.cmfchile.cl/normativa/cir_782_1988.pdf
1988-01-01,781,"DICTA NORMAS DE VALORIZACION EN INSTRUMENTOS SIN TRANSACCION BURSATIL, CONVERSION DE APORTES, LIQUIDACION Y PROGRAMACION DE RESCATES (AFM)",https://www.cmfchile.cl/normativa/cir_781_1988.pdf
1988-01-01,780,CLASIFICA AGENTES PROFESIONALES SEGUROS PRIMER GRUPO AÑO 1987 (MS),https://www.cmfchile.cl/normativa/cir_780_1988.pdf
1988-01-01,779,CLASIFICA AGENTES PROFESIONALES SEGUROS PRIMER GRUPO AÑO 1986 (MS),https://www.cmfchile.cl/normativa/cir_779_1988.pdf
1988-01-01,778,IMPARTE INSTRUCCIONES RELATIVAS A CONSTITUCION DE RESERVAS TECNICAS DE LOS SEGUROS ESTABLECIDOS EN EL D.L. 3.500 (ESG2),https://www.cmfchile.cl/normativa/cir_778_1988.pdf
1988-01-01,777,NORMAS DE CONTRATACION DE SEGUROS RENTA VITALICIA INMEDIATA Y DIFERIDA D.L. 3.500(ES Y CS),https://www.cmfchile.cl/normativa/cir_777_1988.pdf
1988-01-01,776,APORTES D.L. 1.757 (ESG1),https://www.cmfchile.cl/normativa/cir_776_1988.pdf
1988-01-01,278,DICTAMEN DEL SERVICIO DE IMPUESTOS INTERNOS SOBRE APLICACION DEL IMPUESTO A LOS REASEGUROS (CSG1-2),https://www.cmfchile.cl/normativa/ofc_278_1988.pdf
1988-01-01,775,"MODIFICA CIRCULAR NRO 528, DE 1985, SOBRE NORMAS DE CONSTITUCION DE RESERVAS DE LOS  SEGUROS ESTABLECIDOS EN EL D.L. 3.500 (ESG2)",https://www.cmfchile.cl/normativa/cir_775_1988.pdf
1988-01-01,774,"MODIFICA CIRCULAR NRO 766, SOBRE NOMINA DE GRUPOS EMPRESARIALES (AFM., AFI, SA, FICE, ES)",https://www.cmfchile.cl/normativa/cir_774_1988.pdf
1988-01-01,773,"MODIFICA CIRCULARES NROS. 758 Y 759, DE 1987, SOBRE POLIZAS DE RENTA VITALICIA INMEDIATA Y DIFERIDA (MS)",https://www.cmfchile.cl/normativa/cir_773_1988.pdf
1988-01-01,772,DETERMINACION DE CREDITOS POR PRIMA REPRESENTATIVOS DE INVERSION SEGUN ART. 26 D.F.L. 251 (ES),https://www.cmfchile.cl/normativa/cir_772_1988.pdf
1988-01-01,771,"11/07/1991 
24/10/1989 
30/12/1988",https://www.cmfchile.cl/normativa/cir_771_1988.pdf
1988-01-01,770,ESTABLECE MODELO UNICO CERTIFICADO SEGURO RESPONSABILIDAD CIVIL POR DAÑOS A TERCEROS DE LA LEY NRO 18.490 (MS),https://www.cmfchile.cl/normativa/cir_770_1988.pdf
1988-01-01,769,MODIFICA RAMOS FECU PRIMER GRUPO (ESG1),https://www.cmfchile.cl/normativa/cir_769_1988.pdf
1988-01-01,768,"ESTABLECE NORMAS DE CONTABILIZACION DE LAS SIGUIENTES OPERACIONES EFECTUADAS SOBRE TITULOS O VALORES MOBILIARIOS: COMPROMISO DE COMPRA, COMPROMISO DE VENTA, VENTA CON COMPROMISO DE RETROCOMPRA Y COMPRA CON COMPROMISO DE RETROVENTA (EF SALVO ES E IV)",https://www.cmfchile.cl/normativa/cir_768_1988.pdf
1988-01-01,767,APORTE FISCAL CUERPOS DE BOMBEROS (BOMB),https://www.cmfchile.cl/normativa/cir_767_1988.pdf
1988-01-01,766,"ESTABLECE NOMINA DE ENTIDADES QUE CONFORMAN DIVERSOS GRUPOS EMPRESARIALES CONFORME A LO ESTABLECIDO EN TITULO XV DE LA LEY DE MERCADO DE VALORES (AFM., AFI, SA, FICE, ES)",https://www.cmfchile.cl/normativa/cir_766_1988.pdf
1988-01-01,765,APORTES D.L. 1.757 (ESG1),https://www.cmfchile.cl/normativa/cir_765_1988.pdf
1988-01-01,764,APORTE EXTRAORDINARIO CANCELACION HONORARIOS PERITOS DE INCENDIO ART. 36 D.F.L. 251 (ESG1),https://www.cmfchile.cl/normativa/cir_764_1988.pdf
1987-01-01,763,AYUDAS EXTRAORDINARIAS CUERPOS DE BOMBEROS (BOMB),https://www.cmfchile.cl/normativa/cir_763_1987.pdf
1987-01-01,762,"APRUEBA MODIFICACIONES A LA POLIZA DE SEGURO OBLIGATORIO DE ACCIDENTES PERSONALES DE LA LEY NRO 18.490, APROBADA POR CIRCULAR NRO 581, DE 1986 (MS)",https://www.cmfchile.cl/normativa/cir_762_1987.pdf
1987-01-01,761,APRUEBA MODELO POLIZA SEGURO RESPONSABILIDAD CIVIL POR DAÑOS A TERCEROS DE LA LEY NRO 18.490 (MS),https://www.cmfchile.cl/normativa/cir_761_1987.pdf
1987-01-01,760,"SISTEMA DE DETERMINACION DE CREDITOS POR PRIMA REPRESENTATIVOS DE INVERSION, SEGUN ARTICULO 21  D.F.L. 251 (ES)",https://www.cmfchile.cl/normativa/cir_760_1987.pdf
1987-01-01,759,"REGISTRA MODELO DE POLIZA DE RENTA VITALICIA DIFERIDA - ARTICULO 64 D.L. 3.500, DE 1980 (MS)",https://www.cmfchile.cl/normativa/cir_759_1987.pdf
1987-01-01,758,"REGISTRA MODELO DE POLIZA DE RENTA VITALICIA INMEDIATA - ARTICULO 62 D.L. 3500, DE 1980 (MS)",https://www.cmfchile.cl/normativa/cir_758_1987.pdf
1987-01-01,757,"INFORMACION EN POLIZAS DE ADICIONALES, PRIMAS, COMISIONES Y OTROS (ES Y CS)",https://www.cmfchile.cl/normativa/cir_757_1987.pdf
1987-01-01,756,NORMAS RELATIVAS A LA CONTRATACION DE REASEGUROS EN EL EXTRANJERO Y AL REGISTRO DE LAS ENTIDADES (MS),https://www.cmfchile.cl/normativa/cir_756_1987.pdf
1987-01-01,755,"COMPLEMENTA CIRCULAR NRO 561, DE 1985 (AV)",https://www.cmfchile.cl/normativa/cir_755_1987.pdf
1987-01-01,754,"REGULA CONTABILIZACION DE RESERVAS FORESTALES PRODUCTO DEL MAYOR VALOR DEL CRECIMIENTO DE PLANTACIONES FORESTALES (S.A.A. Y EIRV, SALVO ES, IV Y AFM)",https://www.cmfchile.cl/normativa/cir_754_1987.pdf
1987-01-01,753,APRUEBA POLIZA DE ADMINISTRADORAS DE FONDOS DE PENSIONES(MS),https://www.cmfchile.cl/normativa/cir_753_1987.pdf
1987-01-01,752,APORTES D.L. 1.757(ESG1),https://www.cmfchile.cl/normativa/cir_752_1987.pdf
1987-01-01,751,RER Y CR (MS),https://www.cmfchile.cl/normativa/cir_751_1987.pdf
1987-01-01,750,APRUEBA POLIZA SEGURO GARANTIA (MS),https://www.cmfchile.cl/normativa/cir_750_1987.pdf
1987-01-01,749,INFORMA RECONSIDERACION SANCION A ENTIDAD QUE INDICA (MS),https://www.cmfchile.cl/normativa/cir_749_1987.pdf
1987-01-01,748,DESIGNACION DE PERITOS EN PROCESOS POR INCENDIO Y HONORARIOS DE ESTOS(ESG1),https://www.cmfchile.cl/normativa/cir_748_1987.pdf
1987-01-01,747,"MODIFICA CIRCULAR NRO 376, DE 1983, SOBRE CONSTITUCION DE RESERVAS TECNICAS (ES)",https://www.cmfchile.cl/normativa/cir_747_1987.pdf
1987-01-01,746,NORMAS DE CONTRATACION DE SEGUROS DE RENTA VITALICIA PREVISIONAL (PROHIBE ENTREGA INCENTIVOS QUE INDUZCAN A CELEBRACION CONTRATOS)(ESG2),https://www.cmfchile.cl/normativa/cir_746_1987.pdf
1987-01-01,745,SISTEMA DE DETERMINACION DE LOS CREDITOS POR PRIMAS REPRESENTATIVOS DE INVERSION SEGUN ARTICULO 21 D.F.L. 251 (ES),https://www.cmfchile.cl/normativa/cir_745_1987.pdf
1987-01-01,744,APLICACION ARTICULO TRANSITORIO LEY NRO 18.660 (ES),https://www.cmfchile.cl/normativa/cir_744_1987.pdf
1987-01-01,743,"DETERMINACION DE PATRIMONIO DE LA SOCIEDAD, PATRIMONIO DE RIESGO, PATRIMONIO LIBRE, OBLIGACIONES DE INVERTIR (ES)",https://www.cmfchile.cl/normativa/cir_743_1987.pdf
1987-01-01,742,APORTES D.L. 1.757 (ESG1),https://www.cmfchile.cl/normativa/cir_742_1987.pdf
1987-01-01,741,"MODIFICA CIRCULAR NRO 652, DE 1987, SOBRE NORMAS SEGURO OBLIGATORIO DE ACCIDENTES PERSONALES (ES)",https://www.cmfchile.cl/normativa/cir_741_1987.pdf
1987-01-01,739,CITACION A REUNION INFORMATIVA SOBRE LEY NRO 18.660 (ES),https://www.cmfchile.cl/normativa/cir_739_1987.pdf
1987-01-01,740,"MODIFICA CLAUSULA BENEFICIO ADICIONAL DE MUERTE ACCIDENTAL Y DESMEMBRAMIENTO, APROBADA POR CIRCULAR NRO 181, DE 1982 (MS)",https://www.cmfchile.cl/normativa/cir_740_1987.pdf
1987-01-01,738,CITACION A REUNION INFORMATIVA SOBRE LEY NRO 18.660 (ES),https://www.cmfchile.cl/normativa/cir_738_1987.pdf
1987-01-01,737,APORTE FISCAL CUERPOS BOMBEROS (BOMB),https://www.cmfchile.cl/normativa/cir_737_1987.pdf
1987-01-01,3518,AUTORIZA ADQUISICION DE ACCIONES ENDESA A TRAVES DE AGENTE DE VALORES QUE SEÑALA EN CONDICIONES QUE INDICA,https://www.cmfchile.cl/normativa/ofc_3518_1987.pdf
1987-01-01,736,ESTABLECE UNIDAD DOLAR PAGADERA EN MONEDA NACIONAL PARA LA CONTRATACION DE SEGUROS (ES),https://www.cmfchile.cl/normativa/cir_736_1987.pdf
1987-01-01,735,CLASIFICA AGENTE PROFESIONALES SEGUROS PRIMER GRUPO AÑO 1987 A PERSONA QUE INDICA (MS),https://www.cmfchile.cl/normativa/cir_735_1987.pdf
1987-01-01,734,APORTES D.L. 1.757 (ESG1),https://www.cmfchile.cl/normativa/cir_734_1987.pdf
1987-01-01,733,"MODIFICA CIRCULAR NRO 690, DE 1987, SOBRE VALORIZACION DE INVERSIONES Y PRESENTACION EN FECU (ES)",https://www.cmfchile.cl/normativa/cir_733_1987.pdf
1987-01-01,732,APRUEBA POLIZA SEGURO PROTECCION FAMILIAR (MS),https://www.cmfchile.cl/normativa/cir_732_1987.pdf
1987-01-01,731,ESTABLECE OBLIGACION DE REMITIR A SUPERINTENDENCIA UN EJEMPLAR DE LAS PUBLICACIONES Y AVISOS PUBLICITARIOS EN PRENSA Y MEDIOS RADIALES O AUDIOVISUALES (AFM),https://www.cmfchile.cl/normativa/cir_731_1987.pdf
1987-01-01,730,"MODIFICA CARTA DE DECLARACION EXIGIDA POR CIRCULAR NRO 104, DE 1981 (AFM)",https://www.cmfchile.cl/normativa/cir_730_1987.pdf
1987-01-01,729,RER Y CR (MS),https://www.cmfchile.cl/normativa/cir_729_1987.pdf
1987-01-01,728,APORTES D.L. 1.757 (ESG1),https://www.cmfchile.cl/normativa/cir_728_1987.pdf
1987-01-01,727,ESTABLECE NORMAS PARA ENVIO INFORMACION DE SEGUROS PREVISIONALES EN MEDIOS MAGNETICOS (ESG2),https://www.cmfchile.cl/normativa/cir_727_1987.pdf
1987-01-01,20,"MODIFICA NORMAS DE CARACTER GENERAL NROS. 16, DE 1985, Y 18, DE 1986 (IV)",https://www.cmfchile.cl/normativa/ncg_20_1987.pdf
1987-01-01,726,"COMPLEMENTA CIRCULAR NRO 376, DE 1983, SOBRE CONSTITUCION DE RESERVAS TECNICAS (ES)",https://www.cmfchile.cl/normativa/cir_726_1987.pdf
1987-01-01,725,APORTES D.L. 1.757 (ESG1),https://www.cmfchile.cl/normativa/cir_725_1987.pdf
1987-01-01,724,APRUEBA POLIZA SEGURO JUBILACION PRIVADA (MS),https://www.cmfchile.cl/normativa/cir_724_1987.pdf
1987-01-01,723,"MODIFICA CLAUSULA RENTA VITALICIA CON PERIODO GARANTIZADO DE PAGO, APROBADA POR CIRCULAR NRO 636, DE 1986 (MS)",https://www.cmfchile.cl/normativa/cir_723_1987.pdf
1987-01-01,722,CLASIFICA AGENTES PROFESIONALES SEGUROS SEGUNDO GRUPO AÑO 1987 (MS),https://www.cmfchile.cl/normativa/cir_722_1987.pdf
1987-01-01,721,APORTE FISCAL CUERPOS DE BOMBEROS (BOMB),https://www.cmfchile.cl/normativa/cir_721_1987.pdf
1987-01-01,720,"05/01/1982 
  
01/12/1982 
  
01/09/1982",https://www.cmfchile.cl/normativa/cir_720_1987.pdf
1987-01-01,719,CLASIFICA AGENTES PROFESIONALES SEGUROS PRIMER GRUPO AÑO 1987 (MS),https://www.cmfchile.cl/normativa/cir_719_1987.pdf
1987-01-01,2506,REITERA ALCANCE ARTICULO 13 LEY NRO 18.045 (EF),https://www.cmfchile.cl/normativa/ofc_2506_1987.pdf
1987-01-01,718,DICTA NORMAS SOBRE VALORIZACION DE INVERSIONES EN ACCIONES DE BANCOS E INSTITUCIONES FINANCIERAS (EIRV),https://www.cmfchile.cl/normativa/cir_718_1987.pdf
1987-01-01,717,APORTES D.L. 1.757 (ESG1),https://www.cmfchile.cl/normativa/cir_717_1987.pdf
1987-01-01,716,INSTRUYE SOBRE PUBLICACION MENSUAL DE LA CARTERA DE INVERSIONES DE LOS FONDOS MUTUOS (AFM),https://www.cmfchile.cl/normativa/cir_716_1987.pdf
1987-01-01,715,APRUEBA ADICIONAL DE COBERTURA DENTAL A POLIZA SEGUROS DE VIDA (MS),https://www.cmfchile.cl/normativa/cir_715_1987.pdf
1987-01-01,714,APRUEBA POLIZA SEGURO  COBERTURA DENTAL (MS),https://www.cmfchile.cl/normativa/cir_714_1987.pdf
1987-01-01,713,"MODIFICA CIRCULAR NRO 693, SOBRE NORMAS SEGURO DE RENTA VITALICIA PREVISIONAL (ESG2)",https://www.cmfchile.cl/normativa/cir_713_1987.pdf
1987-01-01,712,"APRUEBA REEMPLAZO OPTATIVO ARTICULO 6RO DE POLIZA SEGURO VEHICULOS MOTORIZADOS, APROBADA POR CIRCULAR NRO 1188, DE 1974 (MS)",https://www.cmfchile.cl/normativa/cir_712_1987.pdf
1987-01-01,711,"APRUEBA MODIFICACION POLIZA SEGURO VIDA, APROBADA POR CIRCULAR NRO 1604, DE 1980 (MS)",https://www.cmfchile.cl/normativa/cir_711_1987.pdf
1987-01-01,710,APRUEBA POLIZA SEGURO PROTECCION FAMILIAR (MS),https://www.cmfchile.cl/normativa/cir_710_1987.pdf
1987-01-01,709,APORTES D.L. 1.757 (ESG1),https://www.cmfchile.cl/normativa/cir_709_1987.pdf
1987-01-01,708,APRUEBA CLAUSULAS DE RESPONSABILIDAD DE REPARADORES DE NAVES (ASTILLEROS) (MS),https://www.cmfchile.cl/normativa/cir_708_1987.pdf
1987-01-01,707,"COMPLEMENTA Y MODIFICA CIRCULAR NRO 632, DE 1986 (IV)",https://www.cmfchile.cl/normativa/cir_707_1987.pdf
1987-01-01,706,APRUEBA UNIDADES REAJUSTABLES CUOTAS DE AHORRO Y UNIDAD REAJUSTABLE (ES),https://www.cmfchile.cl/normativa/cir_706_1987.pdf
1987-01-01,705,SEÑALA OBLIGACIONES DE ENTIDADES QUE INDICA EN MATERIA DE ENVIO DE INFORMACION A LA SUPERINTENDENCIA Y A LAS BOLSAS DE VALORES (SAA Y EEVOPF),https://www.cmfchile.cl/normativa/cir_705_1987.pdf
1987-01-01,704,"MODIFICA CIRCULAR NRO 695, DE 1987 (IV)",https://www.cmfchile.cl/normativa/cir_704_1987.pdf
1987-01-01,1712,DICTAMEN SERVICIO IMPUESTOS INTERNOS SOBRE TRATAMIENTO TRIBUTARIO SEGURO RENTA VITALICIA CON PERIODO GARANTIZADO (MS),https://www.cmfchile.cl/normativa/ofc_1712_1987.pdf
1987-01-01,703,APORTES D.L. 1.757 (ESG1),https://www.cmfchile.cl/normativa/cir_703_1987.pdf
1987-01-01,702,APORTES CANCELACION HONORARIOS PERITOS DE INCENDIO ART. 36 D.F.L. 251 (ESG1),https://www.cmfchile.cl/normativa/cir_702_1987.pdf
1987-01-01,701,APORTE FISCAL CUERPOS DE BOMBEROS (BOMB),https://www.cmfchile.cl/normativa/cir_701_1987.pdf
1987-01-01,700,"MODIFICA CIRCULAR NRO 690, DE 1986, SOBRE VALORIZACION DE INVERSIONES (ES)",https://www.cmfchile.cl/normativa/cir_700_1987.pdf
1987-01-01,699,APORTES D.L. 1.757 (ESG1),https://www.cmfchile.cl/normativa/cir_699_1987.pdf
1987-01-01,698,APRUEBA POLIZA SEGURO PROTECCION ANIMALES FINOS (MS),https://www.cmfchile.cl/normativa/cir_698_1987.pdf
1987-01-01,697,"APRUEBA PLAN DOTAL DE FRACCIONES ANTICIPADAS, PARA POLIZA VIDA APROBADA POR CIRCULAR NRO 1482, DE 1979 (MS)",https://www.cmfchile.cl/normativa/cir_697_1987.pdf
1987-01-01,696,"MODIFICA POLIZA SALUD ONCOLOGICA, APROBADA POR CIRCULAR NRO 677, DE 1987 (MS)",https://www.cmfchile.cl/normativa/cir_696_1987.pdf
1987-01-01,695,"23/11/2011 
30/12/2010 
24/04/2008 
08/07/2002 
09/03/2000 
14/11/1990 
12/04/1990 
12/05/1987",https://www.cmfchile.cl/normativa/cir_695_1987.pdf
1987-01-01,694,APRUEBA MODELO POLIZA RENTA VITALICIA PREVISIONAL (MS),https://www.cmfchile.cl/normativa/cir_694_1987.pdf
1987-01-01,693,NORMAS CONTRATACION SEGURO RENTA VITALICIA PREVISIONAL D.L. 3.500 (ESG2),https://www.cmfchile.cl/normativa/cir_693_1987.pdf
1987-01-01,692,"PRIMAS Y DOCUMENTOS POR COBRAR, RECUPEROS Y PRESENTACION DE IVA (ES)",https://www.cmfchile.cl/normativa/cir_692_1987.pdf
1987-01-01,691,APORTES D.L. 1.757 (ESG1),https://www.cmfchile.cl/normativa/cir_691_1987.pdf
1987-01-01,690,"28/03/1991 
30/12/1988 
30/12/1988 
15/09/1988 
30/09/1987 
31/03/1987",https://www.cmfchile.cl/normativa/cir_690_1987.pdf
1987-01-01,689,APRUEBA MODELO POLIZAS SEGUROS VEHICULOS MOTORIZADOS COMERCIALES (COBERTURA AMPLIA Y PERDIDA TOTAL)(MS),https://www.cmfchile.cl/normativa/cir_689_1987.pdf
1987-01-01,688,ESTABLECE PLAZOS MAXIMOS Y PROCEDIMIENTOS PARA LA EMISION DE TITULOS DE ACCIONES POR PARTE DE LAS SOCIEDADES ANONIMAS QUE SE INDICA Y PARA PRESENTACION DE TRASPASOS Y CONTRATOS DE SUSCRIPCION POR PARTE DE LOS INTERMEDIARIOS DE VALORES (SAA Y SIBV E IV),https://www.cmfchile.cl/normativa/cir_688_1987.pdf
1987-01-01,687,CONSTANCIA EN JUNTA DE ACCIONISTAS SOBRE ACUERDOS DE DISTRIBUCION DE UTILIDADES. EXPOSICION  EN JUNTA DE ACCIONISTAS SOBRE POLITICA DE DIVIDENDOS DE LA SOCIEDAD Y PROCEDIMIENTOS ESPECIALES A ADOPTAR EN SU PAGO. (SAA Y SIBV),https://www.cmfchile.cl/normativa/cir_687_1987.pdf
1987-01-01,461,"ALCANCE ARTICULOS 8, 10 Y 30 LEY NRO 18.490 (SOAP) (CSG1-2)",https://www.cmfchile.cl/normativa/ofc_461_1987.pdf
1987-01-01,686,"MODIFICA AMBITO DE APLICACION DE CIRCULAR NRO 660, DE 1986.(SAF)",https://www.cmfchile.cl/normativa/cir_686_1987.pdf
1987-01-01,685,APORTES D.L. 1.757 (ESG1),https://www.cmfchile.cl/normativa/cir_685_1987.pdf
1987-01-01,684,"MODIFICA CIRCULAR NRO 376, DE 1983, SOBRE CONSTITUCION DE RESERVAS TECNICAS (ES)",https://www.cmfchile.cl/normativa/cir_684_1987.pdf
1987-01-01,683,APRUEBA POLIZA SEGURO VIDA COLECTIVO FAMILIAR (MS),https://www.cmfchile.cl/normativa/cir_683_1987.pdf
1987-01-01,682,ESTABLECE MERCADO EN QUE DEBE EFECTUARSE LA INTERMEDIACION DE LAS OPCIONES PARA SUSCRIBIR ACCIONES DE PAGO (BV E IV),https://www.cmfchile.cl/normativa/cir_682_1987.pdf
1987-01-01,681,"MODIFICA CIRCULAR NRO 662, DE 1986, SOBRE INFORMACION RELEVANTE (ES)",https://www.cmfchile.cl/normativa/cir_681_1987.pdf
1987-01-01,680,APORTE FISCAL CUERPOS BOMBEROS (BOMB),https://www.cmfchile.cl/normativa/cir_680_1987.pdf
1987-01-01,679,AYUDAS EXTRAORDINARIAS CUERPOS DE BOMBEROS (BOMB),https://www.cmfchile.cl/normativa/cir_679_1987.pdf
1987-01-01,678,"DICTA NORMAS SOBRE VALORES DE OFERTA PUBLICA QUE PUEDEN SER OBJETO DE OPERACIONES DE COMPROMISOS DE COMPRA, VENTA, RETROCOMPRA Y RETROVENTA (IV)",https://www.cmfchile.cl/normativa/cir_678_1987.pdf
1987-01-01,677,APRUEBA POLIZA SEGURO SALUD ONCOLOGICA (MS),https://www.cmfchile.cl/normativa/cir_677_1987.pdf
1987-01-01,676,APORTES CANCELACION HONORARIOS PERITOS DE INCENDIO ART. 36 D.F.L. 251 (ESG1),https://www.cmfchile.cl/normativa/cir_676_1987.pdf
1987-01-01,675,APORTES D.L. 1.757 (ESG1),https://www.cmfchile.cl/normativa/cir_675_1987.pdf
1986-01-01,674,"DEJA SIN EFECTO INSTRUCCION NRO 6 DE CIRCULAR NRO 617, DE 1986 (ES)",https://www.cmfchile.cl/normativa/cir_674_1986.pdf
1986-01-01,19,"MODIFICA Y COMPLEMENTA NORMA DE CARACTER GENERAL Nº 15, DE 1985 (SAA,  EVOP Y EIRV)",https://www.cmfchile.cl/normativa/ncg_19_1986.pdf
1986-01-01,673,ESTABLECE INSTRUCCIONES PARA  PUBLICACION DE ESTADOS FINANCIEROS ANUALES (IV),https://www.cmfchile.cl/normativa/cir_673_1986.pdf
1986-01-01,672,IMPARTE INSTRUCCIONES RESPECTO DE LA COMPRA DE ACCIONES POR PARTE DE LOS INTERMEDIARIOS DE VALORES (IV),https://www.cmfchile.cl/normativa/cir_672_1986.pdf
1986-01-01,671,"INSTRUCCIONES SOBRE SEGURO OBLIGATORIO DE ACCIDENTES PERSONALES LEY 18.490 (VENTA, EMISION, COMPATIBILIDAD CON OTROS SEGUROS) (ES)",https://www.cmfchile.cl/normativa/cir_671_1986.pdf
1986-01-01,670,REGULA LA EMISION Y CONTENIDO DE LOS CERTIFICADOS DE DERECHO PREFERENTE DE SUSCRIPCION DE ACCIONES Y EL REGISTRO DE ESTOS DERECHOS. REQUIERE INFORMACION SOBRE TRANSFERENCIA Y EJERCICIO DEL DERECHO PREFERENTE DE SUSCRIPCION. (SAA),https://www.cmfchile.cl/normativa/cir_670_1986.pdf
1986-01-01,669,"LIMITA AMBITO DE APLICACION DE LAS CIRCULARES NROS. 467 Y 469, DE 1984 Y 1985 (BV)",https://www.cmfchile.cl/normativa/cir_669_1986.pdf
1986-01-01,668,AUTORIZA USO INDICE VALOR PROMEDIO (IVP) EN SEGUROS DE INCENDIO (ES),https://www.cmfchile.cl/normativa/cir_668_1986.pdf
1986-01-01,667,APORTES D.L. 1.757 (ESG1),https://www.cmfchile.cl/normativa/cir_667_1986.pdf
1986-01-01,666,INFORMACION A ENVIAR AL REGISTRO DE VEHICULOS MOTORIZADOS (SEGURO OBLIGATORIO LEY 18.490) (ES),https://www.cmfchile.cl/normativa/cir_666_1986.pdf
1986-01-01,665,APRUEBA PLAN SEGURO DE VIDA CON BENEFICIO POR ACCIDENTE (MS),https://www.cmfchile.cl/normativa/cir_665_1986.pdf
1986-01-01,4184,CONTABILIZACION DE OPERACIONES SWAP (ES),https://www.cmfchile.cl/normativa/ofc_4184_1986.pdf
1986-01-01,664,"APRUEBA CLAUSULAS SEGUROS PERSONALES (CONDICIONES GENERALES COMUNES, INCENDIO CASA HABITACION PLANES A, B Y C, VEHICULOS MOTORIZADOS PLANES A,  B Y C, ROBO CASA HABITACION, ACCIDENTES PERSONALES) (MS)",https://www.cmfchile.cl/normativa/cir_664_1986.pdf
1986-01-01,663,NORMAS MINIMAS DE AUDITORIA EXTERNA PARA COMPAÑIAS DE SEGUROS (ES),https://www.cmfchile.cl/normativa/cir_663_1986.pdf
1986-01-01,662,DIVULGACION DE INFORMACION RELEVANTE (ES),https://www.cmfchile.cl/normativa/cir_662_1986.pdf
1986-01-01,661,APORTES D.L. 1.757 (ESG1),https://www.cmfchile.cl/normativa/cir_661_1986.pdf
1986-01-01,660,"IMPARTE INSTRUCCIONES SOBRE FORMA Y CONTENIDO DE INFORMACION RELATIVA AL REPARTO DE DIVIDENDOS, REPARTO DE CAPITAL, CANJE DE ACCIONES Y EMISION DE ACCIONES LIBERADAS DE PAGO. INSTRUYE SOBRE PLAZO Y CONTENIDO DE PUBLICACIONES RELATIVAS A DICHAS MATERIAS (SAF  SALVO SACS, SACR, SACIV Y SACEVOP QUE NO TENGAN SUS ACCIONES EMITIDAS INSCRITAS EN BOLSAS DE VALORES)",https://www.cmfchile.cl/normativa/cir_660_1986.pdf
1986-01-01,659,LIQUIDACION SEGUROS OBLIGATORIOS DE ACCIDENTES PERSONALES DE LA LEY NRO 18.490 (ES),https://www.cmfchile.cl/normativa/cir_659_1986.pdf
1986-01-01,658,APORTE FISCAL CUERPOS DE BOMBEROS (BOMB),https://www.cmfchile.cl/normativa/cir_658_1986.pdf
1986-01-01,657,SITUACION TRIBUTARIA DEL SEGURO DE ACCIDENTES PERSONALES (VOLUNTARIO)(ES),https://www.cmfchile.cl/normativa/cir_657_1986.pdf
1986-01-01,656,"MODIFICA INFORMACION EN FORMATO DE PRESENTACION DE ESTADOS FINANCIEROS (SAA Y EIRV, CON EXCEPCION DE ES)",https://www.cmfchile.cl/normativa/cir_656_1986.pdf
1986-01-01,655,APORTES D.L. 1.757 (ESG1),https://www.cmfchile.cl/normativa/cir_655_1986.pdf
1986-01-01,654,"APRUEBA MODIFICACIONES A CIRCULARES NROS. 1482, DE 1979, Y 422, DE 1984, Y CLAUSULAS ADICIONALES RENTA ANUAL POR FALLECIMIENTO, REEMBOLSO DE GASTOS MEDICOS POR ACCIDENTE Y ANTICIPOS DE CAPITAL POR ENFERMEDADES CATASTROFICAS (MS)",https://www.cmfchile.cl/normativa/cir_654_1986.pdf
1986-01-01,653,"ESTABLECE REGISTRO Y REQUISITOS DE INFORMACION PARA LOS INTERMEDIARIOS QUE OPERAN CON CARTERA PROPIA Y QUE EFECTUAN OPERACIONES DE COMPROMISOS DE COMPRA Y COMPROMISOS DE VENTA, DE RETROCOMPRA Y DE RETROVENTA DE VALORES DE OFERTA PUBLICA(IV)",https://www.cmfchile.cl/normativa/cir_653_1986.pdf
1986-01-01,652,ESTABLECE NORMAS RESPECTO DEL SEGURO OBLIGATORIO DE ACCIDENTES PERSONALES ESTABLECIDO EN LA LEY NRO 18.490 DE 1986 (ES),https://www.cmfchile.cl/normativa/cir_652_1986.pdf
1986-01-01,651,SITUACION TRIBUTARIA SEGURO OBLIGATORIO DE ACCIDENTES PERSONALES (LEY NRO 18.490) (ES),https://www.cmfchile.cl/normativa/cir_651_1986.pdf
1986-01-01,650,APORTES D.L. 1.757 (ESG1),https://www.cmfchile.cl/normativa/cir_650_1986.pdf
1986-01-01,649,"APRUEBA SEGURO DE ACCIDENTES PERSONALES, ADICIONAL A POLIZAS SEGUROS DE VIDA (MS)",https://www.cmfchile.cl/normativa/cir_649_1986.pdf
1986-01-01,648,"MODIFICA CIRCULAR NRO 530, DE 1986 (ES)",https://www.cmfchile.cl/normativa/cir_648_1986.pdf
1986-01-01,647,APRUEBA CLAUSULA ADICIONAL (PERDIDA O DAÑOS POR CHOQUE CON OBJETOS FIJOS O FLOTANTES) A POLIZA INCENDIO ORDINARIO (MS),https://www.cmfchile.cl/normativa/cir_647_1986.pdf
1986-01-01,646,APRUEBA CLAUSULA OPTATIVA A CLAUSULA LIMITE POR AÑO DE SEGURO DE LA POLIZA DE RESPONSABILIDAD CIVIL APROBADA POR OFICIO NRO 2697 DE 1983 (MS),https://www.cmfchile.cl/normativa/cir_646_1986.pdf
1986-01-01,645,DEJA SIN EFECTO OBLIGACION QUE INDICA (ES),https://www.cmfchile.cl/normativa/cir_645_1986.pdf
1986-01-01,644,APRUEBA CLAUSULA ARBITRAL EN TODOS LOS MODELOS DE POLIZA QUE LA CONTENGAN (MS),https://www.cmfchile.cl/normativa/cir_644_1986.pdf
1986-01-01,643,APORTES D.L. 1.757 (ESG1),https://www.cmfchile.cl/normativa/cir_643_1986.pdf
1986-01-01,642,APORTE FISCAL CUERPOS DE BOMBEROS (BOMB),https://www.cmfchile.cl/normativa/cir_642_1986.pdf
1986-01-01,641,"MODIFICA Y COMPLEMENTA CIRCULAR NRO 632, DE 1986 (IV)",https://www.cmfchile.cl/normativa/cir_641_1986.pdf
1986-01-01,640,"APRUEBA CLAUSULA ADICIONAL DE FONDO DE JUBILACIONES Y PENSIONES, A POLIZA SEGURO COLECTIVO DE VIDA (MS)",https://www.cmfchile.cl/normativa/cir_640_1986.pdf
1986-01-01,2388,CUMPLIMIENTO DISPOSICIONES LEY  NRO 18.046 SOBRE LIBROS Y REGISTROS SOCIALES (SAF),https://www.cmfchile.cl/normativa/ofc_2388_1986.pdf
1986-01-01,639,APRUEBA MODELO POLIZA SEGURO DE CAPITALIZACION Y JUBILACION Y CLAUSULA ADICIONAL DE RENTABILIDAD ADICIONAL (MS),https://www.cmfchile.cl/normativa/cir_639_1986.pdf
1986-01-01,638,AUTORIZA USO DE UNIDAD REAJUSTABLE DENOMINADA INDICE DE VALOR PROMEDIO (IVP)(ES),https://www.cmfchile.cl/normativa/cir_638_1986.pdf
1986-01-01,637,APRUEBA METODO ALTERNATIVO PARA EL CALCULO DE RESERVAS TECNICAS (ES),https://www.cmfchile.cl/normativa/cir_637_1986.pdf
1986-01-01,636,"APRUEBA CLAUSULA RENTA VITALICIA CON PERIODO GARANTIZADO DE PAGO, ADICIONAL A POLIZA RENTA VITALICIA APROBADA POR CIRCULAR NRO 289, DE 1983 (MS)",https://www.cmfchile.cl/normativa/cir_636_1986.pdf
1986-01-01,635,APORTES D.L. 1.757 (ESG1),https://www.cmfchile.cl/normativa/cir_635_1986.pdf
1986-01-01,634,EXIGE INFORMACION MENSUAL SOBRE INVERSIONES DE FONDOS MUTUOS EN INSTRUMENTOS DE RENTA FIJA DE MEDIANO Y LARGO PLAZO (AFM),https://www.cmfchile.cl/normativa/cir_634_1986.pdf
1986-01-01,633,"PRECISA COMO DEBEN SER CONSIDERADAS LAS LIBRETAS DE AHORRO PARA CLASIFICARSE EN LOS TIPOS DE INSTRUMENTOS DEFINIDOS EN LA CIRCULAR NRO 556, DE 1985. (AFM)",https://www.cmfchile.cl/normativa/cir_633_1986.pdf
1986-01-01,632,"ESTABLECE CRITERIOS DE CLASIFICACION, PROCEDIMIENTOS Y TABLAS A APLICAR EN LA DETERMINACION DEL MONTO DE COBERTURA PATRIMONIAL (IV)",https://www.cmfchile.cl/normativa/cir_632_1986.pdf
1986-01-01,18,"ESTABLECE NORMAS SOBRE CONDICIONES DE PATRIMONIO, LIQUIDEZ Y SOLVENCIA PARA INTERMEDIARIOS DE VALORES (IV)",https://www.cmfchile.cl/normativa/ncg_18_1986.pdf
1986-01-01,631,"APRUEBA NUEVO TEXTO CLAUSULA COMPLEMENTARIA DE BENEFICIOS ADICIONALES, APROBADA POR CIRCULAR NRO 249, DE 1982 (MS)",https://www.cmfchile.cl/normativa/cir_631_1986.pdf
1986-01-01,630,"MODIFICA POLIZA TODO RIESGO DE INSTALACIONES ELECTRONICAS DE PROCESAMIENTO DE DATOS, APROBADA POR OFICIO NRO 2697, DE 1983 (MS)",https://www.cmfchile.cl/normativa/cir_630_1986.pdf
1986-01-01,629,"COMPLEMENTA CIRCULAR NRO 511, DE 1985 (IV)",https://www.cmfchile.cl/normativa/cir_629_1986.pdf
1986-01-01,628,APORTES CANCELACION HONORARIOS PERITOS DE INCENDIO ART. 36 D.F.L. 251 (ESG1),https://www.cmfchile.cl/normativa/cir_628_1986.pdf
1986-01-01,1952,CERTIFICADO EXIGIDO POR ARTICULOS 22 Y 30 DE LA LEY NRO 18.490 (SOAP)(CGS1-2),https://www.cmfchile.cl/normativa/ofc_1952_1986.pdf
1986-01-01,627,"APRUEBA ADICIONAL DE BENEFICIOS POR ACCIDENTE, A POLIZAS SEGUROS DE VIDA (MS)",https://www.cmfchile.cl/normativa/cir_627_1986.pdf
1986-01-01,626,RER Y CR (MS),https://www.cmfchile.cl/normativa/cir_626_1986.pdf
1986-01-01,625,DESIGNACION LIQUIDADOR DE SINIESTROS (MS),https://www.cmfchile.cl/normativa/cir_625_1986.pdf
1986-01-01,624,"MODIFICA ADICIONAL A POLIZA RENTA VITALICIA, APROBADO POR CIRCULAR NRO 459, DE 1984(MS)",https://www.cmfchile.cl/normativa/cir_624_1986.pdf
1986-01-01,623,CLASIFICA AGENTES PROFESIONALES SEGUROS SEGUNDO GRUPO AÑO 1986 (MS),https://www.cmfchile.cl/normativa/cir_623_1986.pdf
1986-01-01,622,CLASIFICA AGENTES PROFESIONALES SEGUROS PRIMER GRUPO AÑO 1986 (MS),https://www.cmfchile.cl/normativa/cir_622_1986.pdf
1986-01-01,621,APRUEBA ADICIONAL POR MUERTE ACCIDENTAL Y GASTOS MEDICOS POR ACCIDENTE (MS),https://www.cmfchile.cl/normativa/cir_621_1986.pdf
1986-01-01,620,APORTES D.L. 1.757 (ESG1),https://www.cmfchile.cl/normativa/cir_620_1986.pdf
1986-01-01,619,AUTORIZA COMO ACTIVIDAD COMPLEMENTARIA LA ADMINISTRACION DE CARTERA DE TERCEROS Y ESTABLECE REQUISITOS PARA SU EJERCICIO (IV),https://www.cmfchile.cl/normativa/cir_619_1986.pdf
1986-01-01,618,INSTRUYE SOBRE PROCEDIMIENTOS RESPECTO DE OPERACIONES DE COMPRA Y VENTA DE ACCIONES POR CUENTA DE FONDOS MUTUOS (AFM),https://www.cmfchile.cl/normativa/cir_618_1986.pdf
1986-01-01,617,"INVERSIONES EN ACCIONES DE SOCIEDADES ANONIMAS QUE PUEDEN SER REPRESENTATIVAS DE RESERVAS TECNICAS, CAPITAL Y RESERVAS PATRIMONIALES, DE CONFORMIDAD AL ARTICULO 21 DEL D.F.L. 251, DE 1931 (ES)",https://www.cmfchile.cl/normativa/cir_617_1986.pdf
1986-01-01,616,APORTES D.L. 1.757 (ESG1),https://www.cmfchile.cl/normativa/cir_616_1986.pdf
1986-01-01,615,"APRUEBA SEGURO COLECTIVO DE ASISTENCIA ODONTOLOGICA, ADICIONAL A POLIZAS SEGURO COLECTIVO VIDA (MS)",https://www.cmfchile.cl/normativa/cir_615_1986.pdf
1986-01-01,614,IMPARTE INSTRUCCIONES SOBRE CONTENIDO COMUNICACION INFORMANDO AL SERVICIO DE LA CITACION A JUNTA DE ACCIONISTAS (SAF),https://www.cmfchile.cl/normativa/cir_614_1986.pdf
1986-01-01,613,APORTE FISCAL CUERPOS DE BOMBEROS (BOMB),https://www.cmfchile.cl/normativa/cir_613_1986.pdf
1986-01-01,612,DESIGNACIONES Y CANCELACIONES LIQUIDADORES DE SINIESTROS (MS),https://www.cmfchile.cl/normativa/cir_612_1986.pdf
1986-01-01,611,"COMPLEMENTA CIRCULAR NRO 598, DE 1986 (EVOPF)",https://www.cmfchile.cl/normativa/cir_611_1986.pdf
1986-01-01,1186,INSTRUYE SOBRE FORMA DE INFORMAR OPERACIONES SOBRE ADQUISICION DE TITULOS DE DEUDA EXTERNA (AV),https://www.cmfchile.cl/normativa/ofc_1186_1986.pdf
1986-01-01,610,APRUEBA POLIZA SEGURO VEHICULOS MOTORIZADOS Y ADICIONAL (MS),https://www.cmfchile.cl/normativa/cir_610_1986.pdf
1986-01-01,609,"APRUEBA PLANES ALTERNATIVOS AL ART.1 DEL SEGURO DE VIDA, APROBADO POR CIRCULAR NRO 1604, DE 1980 (MS)",https://www.cmfchile.cl/normativa/cir_609_1986.pdf
1986-01-01,608,REGLAMENTA ARTICULO 54 DE LA LEY NRO 18.045 (INFORMACION SOBRE OBTENCION DE CONTROL)(EPF),https://www.cmfchile.cl/normativa/cir_608_1986.pdf
1986-01-01,607,"REITERA INSTRUCCIONES IMPARTIDAS MEDIANTE CIRCULAR NRO 542, DE 1985 (ESG2)",https://www.cmfchile.cl/normativa/cir_607_1986.pdf
1986-01-01,606,APORTES D.L. 1.757 (ESG1),https://www.cmfchile.cl/normativa/cir_606_1986.pdf
1986-01-01,605,"COMPLEMENTA CIRCULAR NRO 511, DE 1985.(IV)",https://www.cmfchile.cl/normativa/cir_605_1986.pdf
1986-01-01,604,RER Y CR (MS),https://www.cmfchile.cl/normativa/cir_604_1986.pdf
1986-01-01,603,ESTABLECE OBLIGACION DE CONFECCIONAR ESTADOS FINANCIEROS CONSOLIDADOS EN BASE A ESTADOS FINANCIEROS AUDITADOS DE FILIALES (SAA Y EIRV),https://www.cmfchile.cl/normativa/cir_603_1986.pdf
1986-01-01,602,"SUSTITUYE ART. 3 SEGURO ADICIONAL DOBLE INDEMNIZACION POR MUERTE ACCIDENTAL, APROBADO POR CIRCULAR NRO 45, DE 1981 (MS)",https://www.cmfchile.cl/normativa/cir_602_1986.pdf
1986-01-01,601,ESTABLECE OBLIGACION DE INFORMAR A ACCIONISTAS SOBRE OPERACIONES O SITUACIONES QUE INDICA (SAA CON EXCEPCION DE ES),https://www.cmfchile.cl/normativa/cir_601_1986.pdf
1986-01-01,600,ESTABLECE NORMAS RESPECTO DEL SEGURO OBLIGATORIO DE ACCIDENTES PERSONALES ESTABLECIDO EN LA LEY NRO 18.490 DE 1986 (ES),https://www.cmfchile.cl/normativa/cir_600_1986.pdf
1986-01-01,599,ESTABLECE ESTIPULACIONES PARA CONTRATO DE COMPROMISO DE COMPRA Y CONTRATO DE COMPROMISO DE VENTA (IV),https://www.cmfchile.cl/normativa/cir_599_1986.pdf
1986-01-01,598,NORMAS DE SEGURIDAD A ADOPTAR EN LA CONFECCION DE TITULOS (EVOPF),https://www.cmfchile.cl/normativa/cir_598_1986.pdf
1986-01-01,597,APORTES D.L. 1.757 (ESG1),https://www.cmfchile.cl/normativa/cir_597_1986.pdf
1986-01-01,596,APRUEBA POLIZA SEGURO RENTA VITALICIA (MS),https://www.cmfchile.cl/normativa/cir_596_1986.pdf
1986-01-01,595,APRUEBA POLIZA SEGURO VIDA TEMPORAL A 1 AÑO RENOVABLE (MS),https://www.cmfchile.cl/normativa/cir_595_1986.pdf
1986-01-01,594,INFORMACION A ENVIAR AL REGISTRO DE VEHICULOS MOTORIZADOS SOBRE SEGURO OBLIGATORIO DE ACCIDENTES PERSONALES (SOAP)(ES),https://www.cmfchile.cl/normativa/cir_594_1986.pdf
1986-01-01,593,"COMPLEMENTA Y MODIFICA CIRCULAR NRO 556, DE 1985.(AFM.)",https://www.cmfchile.cl/normativa/cir_593_1986.pdf
1986-01-01,592,"MODIFICA CIRCULAR NRO 506, DE 1985, SOBRE VALORIZACION DE INVERSIONES (ES)",https://www.cmfchile.cl/normativa/cir_592_1986.pdf
1986-01-01,591,"MODIFICA AMBITO DE APLICACION DE CIRCULAR NRO 549, DE 1985 (AV)",https://www.cmfchile.cl/normativa/cir_591_1986.pdf
1986-01-01,590,APORTES D.L. 1.757 (ESG1),https://www.cmfchile.cl/normativa/cir_590_1986.pdf
1986-01-01,589,"APRUEBA CLAUSULAS TRANSPORTE MARITIMO (CONDICIONES GENERALES Y CARATULA, CLAUSULAS CHILENAS CARGAMENTO A, CLAUSULAS CHILENAS CARGAMENTO B, CLAUSULAS CHILENAS CARGAMENTO C, CLAUSULAS CHILENAS HUELGA (CARGAMENTO), CLAUSULAS CHILENAS GUERRA (CARGAMENTO), CLAUSULAS CHILENAS ALIMENTOS CONGELADOS A, CLAUSULAS CHILENAS ALIMENTOS CONGELADOS C, CLAUSULAS CHILENAS HUELGA (ALIMENTOS CONGELADOS), CLAUSULAS CHILENAS LIQUIDOS A GRANEL) (MS)",https://www.cmfchile.cl/normativa/cir_589_1986.pdf
1986-01-01,588,"APRUEBA CLAUSULAS TRANSPORTE TERRESTRE (CONDICIONES GENERALES Y CARATULA, CLAUSULA TRANSPORTE TERRESTRE (CARGA), CLAUSULAS CHILENAS TRANSPORTE TERRESTRE (CARGA)(TODO RIESGO DENTRO CHILE), CLAUSULAS TRANSPORTE TERRESTRE (CARGA)(TODO RIESGO TRAFICOS TRANSNACIONALES), CLAUSULA CHILENA HUELGA (TRANSPORTE TERRESTRE)) (MS)",https://www.cmfchile.cl/normativa/cir_588_1986.pdf
1986-01-01,587,"APRUEBA CLAUSULAS TRANSPORTE AEREO (CONDICIONES GENERALES Y CARATULA, CLAUSULAS CHILENAS PARA MERCANCIAS(AVION), CLAUSULAS CHILENAS MERCANCIAS (AVION)(CONDICIONES RESTRINGIDAS), CLAUSULAS CHILENAS GUERRA (MERCADERIAS AVION), CLAUSULAS CHILENAS HUELGA (MERCADERIAS AVION))  (MS)",https://www.cmfchile.cl/normativa/cir_587_1986.pdf
1986-01-01,585,"IMPARTE INSTRUCCIONES SOBRE FORMA Y CONTENIDO DE INFORMACION SOBRE TRANSACCIONES DE ACCIONES, COMPROMISOS Y OPCIONES DE COMPRA O VENTA DE ACCIONES EFECTUADAS POR PERSONAS Y ENTIDADES QUE INDICA.(SAA, AFM Y EIRV)",https://www.cmfchile.cl/normativa/cir_585_1986.pdf
1986-01-01,584,INSCRIPCIONES Y CANCELACIONES DE CORREDORES DE SEGUROS (MS),https://www.cmfchile.cl/normativa/cir_584_1986.pdf
1986-01-01,583,APORTE FISCAL CUERPOS DE BOMBEROS (BOMB),https://www.cmfchile.cl/normativa/cir_583_1986.pdf
1986-01-01,582,APORTES CANCELACION HONORARIOS PERITOS DE INCENDIO ART. 36 D.F.L. NRO 251 (ESG1),https://www.cmfchile.cl/normativa/cir_582_1986.pdf
1986-01-01,581,APRUEBA MODELO DE POLIZA DE SEGURO OBLIGATORIO DE ACCIDENTES PERSONALES CAUSADOS POR VEHICULOS MOTORIZADOS (LEY NRO 18.490) (MS),https://www.cmfchile.cl/normativa/cir_581_1986.pdf
1986-01-01,586,AYUDAS EXTRAORDINARIAS CUERPOS BOMBEROS (BOMB),https://www.cmfchile.cl/normativa/cir_586_1986.pdf
1986-01-01,580,APORTES D.L. 1.757 (ESG1),https://www.cmfchile.cl/normativa/cir_580_1986.pdf
1985-01-01,579,ESTABLECE MODELO DE PRESENTACION DE ESTADOS FINANCIEROS PARA LOS INTERMEDIARIOS DE VALORES (IV),https://www.cmfchile.cl/normativa/cir_579_1985.pdf
1985-01-01,578,INSCRIPCIONES Y CANCELACIONES DE CORREDORES DE SEGUROS (MS),https://www.cmfchile.cl/normativa/cir_578_1985.pdf
1985-01-01,577,"MODIFICA CIRCULAR NRO 529, DE 1985 (ES)",https://www.cmfchile.cl/normativa/cir_577_1985.pdf
1985-01-01,576,"MODIFICA CIRCULAR NRO 506,  DE 1985, SOBRE VALORIZACION DE INVERSIONES (ES)",https://www.cmfchile.cl/normativa/cir_576_1985.pdf
1985-01-01,575,INSCRIPCION EN REGISTRO DE VALORES DE ENTIDADES Y VALORES QUE SE INDICA ((EEEVOP),https://www.cmfchile.cl/normativa/cir_575_1985.pdf
1985-01-01,574,"DEFINE ENTIDADES RELACIONADAS. SUSTITUYE PARRAFOS 1 Y 2 DE CIRCULAR NRO 109, DE 1981(EPF)",https://www.cmfchile.cl/normativa/cir_574_1985.pdf
1985-01-01,573,"PUBLICACION DE ESTADOS FINANCIEROS ANUALES Y CONTENIDO DE MEMORIA ANUAL (SIRV, AFM, BV, SALVO ES)",https://www.cmfchile.cl/normativa/cir_573_1985.pdf
1985-01-01,572,"COMPLEMENTA CIRCULAR NRO 239, DE 1982 (SAA Y EIRV, SALVO ES Y EA198)",https://www.cmfchile.cl/normativa/cir_572_1985.pdf
1985-01-01,571,APRUEBA MODELO POLIZA GARANTIA PARA CORREDORES DE SEGUROS (ES Y CS),https://www.cmfchile.cl/normativa/cir_571_1985.pdf
1985-01-01,570,NORMAS DE INTERMEDIACION DE SEGUROS (VIGENTE SOLAMENTE INSTRUCCION ART. 11 RELATIVA A REGISTRO DE PRODUCCION) (CS),https://www.cmfchile.cl/normativa/cir_570_1985.pdf
1985-01-01,569,RER Y CR (MS),https://www.cmfchile.cl/normativa/cir_569_1985.pdf
1985-01-01,568,CLASIFICA AGENTES PROFESIONALES  SEGUROS PRIMER GRUPO AÑO 1985 (MS),https://www.cmfchile.cl/normativa/cir_568_1985.pdf
1985-01-01,567,DESIGNACIONES LIQUIDADORES DE SINIESTROS (MS),https://www.cmfchile.cl/normativa/cir_567_1985.pdf
1985-01-01,566,"COMPLEMENTA CIRCULAR NRO 550, DE 1985. (SAA Y EIRV , SALVO ES)",https://www.cmfchile.cl/normativa/cir_566_1985.pdf
1985-01-01,565,APORTES D.L. 1.757 (ESG1),https://www.cmfchile.cl/normativa/cir_565_1985.pdf
1985-01-01,4790,OTRAS DISPOSICIONES CONTABLES,https://www.cmfchile.cl/normativa/ofc_4790_1985.pdf
1985-01-01,564,APRUEBA POLIZA SEGURO PROTECCION FAMILIAR (MS),https://www.cmfchile.cl/normativa/cir_564_1985.pdf
1985-01-01,563,INSCRIPCIONES Y CANCELACIONES DE CORREDORES DE SEGUROS (MS),https://www.cmfchile.cl/normativa/cir_563_1985.pdf
1985-01-01,562,"IMPARTE INSTRUCCIONES SOBRE MATERIAS QUE INDICA: 1) CONSULTAS FORMULADAS POR ASEGURADORAS Y REASEGURADORAS AL SERVICIO, 2) INFORMES DE MODELOS DE POLIZAS * (TACITAMENTE DEROGADA)(ES)",https://www.cmfchile.cl/normativa/cir_562_1985.pdf
1985-01-01,561,ESTABLECE INSTRUCCIONES RESPECTO DE LA FORMA Y CONTENIDO DEL INFORME DIARIO DE OPERACIONES DE LOS AGENTES DE VALORES (AV),https://www.cmfchile.cl/normativa/cir_561_1985.pdf
1985-01-01,560,APRUEBA POLIZA SEGURO DE VIDA COLECTIVO E INVALIDEZ Y FONDO DE RETIRO (MS),https://www.cmfchile.cl/normativa/cir_560_1985.pdf
1985-01-01,559,RER Y CR (MS),https://www.cmfchile.cl/normativa/cir_559_1985.pdf
1985-01-01,558,"COMPLEMENTA CIRCULAR NRO 528, DE 1985, SOBRE RESERVAS TECNICAS DE SEGUROS PREVISIONALES (ESG2)",https://www.cmfchile.cl/normativa/cir_558_1985.pdf
1985-01-01,557,"APRUEBA MODIFICACION OPTATIVA A PLAN ADICIONAL DE ASISTENCIA MEDICA Y HOSPITALARIA, APROBADO POR CIRCULAR NRO 455, DE 1984 (MS)",https://www.cmfchile.cl/normativa/cir_557_1985.pdf
1985-01-01,556,"DICTA NORMAS DE VALORIZACION DE INSTRUMENTOS SIN TRANSACCION BURSATIL, CONVERSION DE APORTES Y LIQUIDACION DE RESCATES (AFM)",https://www.cmfchile.cl/normativa/cir_556_1985.pdf
1985-01-01,555,INSCRIPCIONES Y CANCELACIONES DE CORREDORES DE SEGUROS (MS),https://www.cmfchile.cl/normativa/cir_555_1985.pdf
1985-01-01,554,APORTES D.L. 1.757 (ESG1),https://www.cmfchile.cl/normativa/cir_554_1985.pdf
1985-01-01,553,RER Y CR (MS),https://www.cmfchile.cl/normativa/cir_553_1985.pdf
1985-01-01,552,"MODIFICA CIRCULAR NRO 506, DE 1985, SOBRE VALORIZACION DE INVERSIONES (ES)",https://www.cmfchile.cl/normativa/cir_552_1985.pdf
1985-01-01,551,OPERACIONES DE COMPRAS CON RETROVENTA Y VENTAS CON RETROCOMPRA (IV),https://www.cmfchile.cl/normativa/cir_551_1985.pdf
1985-01-01,550,"AJUSTE DE VALORES CONTABLES DE BIENES DEL ACTIVO FIJO (SAA Y EIRV, SALVO ES)",https://www.cmfchile.cl/normativa/cir_550_1985.pdf
1985-01-01,549,ESTABLECE INSTRUCCIONES PARA EJERCER LA ACTIVIDAD DE CUSTODIA DE VALORES (AV),https://www.cmfchile.cl/normativa/cir_549_1985.pdf
1985-01-01,548,APORTE FISCAL CUERPOS DE BOMBEROS (BOMB),https://www.cmfchile.cl/normativa/cir_548_1985.pdf
1985-01-01,547,INSCRIPCIONES Y CANCELACIONES DE CORREDORES DE SEGUROS (MS),https://www.cmfchile.cl/normativa/cir_547_1985.pdf
1985-01-01,546,EXIGE COMUNICACION PERIODICA DE NOMINA DE AGENTES COLOCADORES DE CUOTAS DE FONDOS MUTUOS (AFM),https://www.cmfchile.cl/normativa/cir_546_1985.pdf
1985-01-01,545,APORTES D.L. 1.757 (ESG1),https://www.cmfchile.cl/normativa/cir_545_1985.pdf
1985-01-01,544,ESTABLECE OBLIGACION DE INFORMAR EN FORMA DIARIA LAS TRANSACCIONES DE INSTRUMENTOS DE RENTA FIJA Y DE INTERMEDIACION FINANCIERA (AV),https://www.cmfchile.cl/normativa/cir_544_1985.pdf
1985-01-01,543,"APRUEBA CLAUSULA REHABILITACION DE POLIZA DE INCENDIO, APROBADA POR CIRCULAR NRO 904, DE 1968 (MS)",https://www.cmfchile.cl/normativa/cir_543_1985.pdf
1985-01-01,542,VALORES GARANTIZADOS EN LAS POLIZAS DE SEGUROS DE VIDA(ESG2),https://www.cmfchile.cl/normativa/cir_542_1985.pdf
1985-01-01,3531,TRANSCRIBE ACUERDO NRO 1673-10-850828 DEL BANCO CENTRAL DE CHILE (COMPLEMENTA O.C. 3310) (AV),https://www.cmfchile.cl/normativa/ofc_3531_1985.pdf
1985-01-01,541,DESIGNACIONES LIQUIDADORES DE SINIESTROS (MS),https://www.cmfchile.cl/normativa/cir_541_1985.pdf
1985-01-01,540,INSCRIPCIONES Y CANCELACIONES DE CORREDORES DE SEGUROS (MS),https://www.cmfchile.cl/normativa/cir_540_1985.pdf
1985-01-01,539,APORTES D.L. 1.757 (ESG1),https://www.cmfchile.cl/normativa/cir_539_1985.pdf
1985-01-01,3413,DICTAMEN SERVICIO IMPUESTOS INTERNOS SOBRE TRATAMIENTO TRIBUTARIO DE RESERVAS VOLUNTARIAS DE LAS ENTIDADES ASEGURADORAS ((MS),https://www.cmfchile.cl/normativa/ofc_3413_1985.pdf
1985-01-01,538,"INTERMEDIACION DE ACCIONES REGIDAS POR LA LEY NRO 18.401, SOBRE NORMALIZACION DE ENTIDADES FINANCIERAS INTERVENIDAS (IV Y BV)",https://www.cmfchile.cl/normativa/cir_538_1985.pdf
1985-01-01,3310,"ADJUNTA COPIA OF. NRO 010384, DE 7-8-85, DEL BANCO CENTRAL DE CHILE SOBRE INTERMEDIACION DE TITULOS DE DEUDA EXTERNA (IV)",https://www.cmfchile.cl/normativa/ofc_3310_1985.pdf
1985-01-01,537,"APRUEBA CLAUSULA ADICIONAL DE AVALANCHA, ALUVIONES Y DESLIZAMIENTO Y MODIFICACION ART. 7 POLIZA SEGURO SEGUROGAR, APROBADA POR CIRCULAR NRO 450, DE 1984 (MS)",https://www.cmfchile.cl/normativa/cir_537_1985.pdf
1985-01-01,536,"REEMPLAZA ART. 3 CLAUSULA ADICIONAL DE INVALIDEZ TOTAL O PARCIAL PERMANENTE, APROBADA POR CIRCULAR NRO 40, DE 1981 (MS)",https://www.cmfchile.cl/normativa/cir_536_1985.pdf
1985-01-01,535,RER Y CR (MS),https://www.cmfchile.cl/normativa/cir_535_1985.pdf
1985-01-01,534,INSCRIPCIONES Y CANCELACIONES DE CORREDORES DE SEGUROS (MS),https://www.cmfchile.cl/normativa/cir_534_1985.pdf
1985-01-01,533,APRUEBA CLAUSULA ADICIONAL COLAPSO DE EDIFICIOS (MS),https://www.cmfchile.cl/normativa/cir_533_1985.pdf
1985-01-01,532,APORTES D.L. 1.757 (ESG1),https://www.cmfchile.cl/normativa/cir_532_1985.pdf
1985-01-01,531,CARTOLA DIARIA QUE INFORMA ANTECEDENTES DE FONDOS MUTUOS (AFM),https://www.cmfchile.cl/normativa/cir_531_1985.pdf
1985-01-01,530,"ESTABLECE RESERVAS TECNICAS Y TRATAMIENTO CONTABLE DEL SEGURO OBLIGATORIO DE RESPONSABILIDAD CIVIL EN ACCIDENTES DE TRANSITO (D.L. 3.252, DE 1980, D.F.L. 151, DE 1981)(ES)",https://www.cmfchile.cl/normativa/cir_530_1985.pdf
1985-01-01,529,IMPARTE INSTRUCCIONES SOBRE VALORIZACION DE ACTIVOS Y PASIVOS EXPRESADOS EN MONEDA EXTRANJERA (EF),https://www.cmfchile.cl/normativa/cir_529_1985.pdf
1985-01-01,528,IMPARTE INSTRUCCIONES RELATIVAS A CONSTITUCION DE RESERVAS TECNICAS DE LOS SEGUROS ESTABLECIDOS EN EL D.L. 3.500 (ESG2),https://www.cmfchile.cl/normativa/cir_528_1985.pdf
1985-01-01,527,"LIQUIDACION DE SINIESTROS SEGURO OBLIGATORIO DE RESPONSABILIDAD CIVIL EN ACCIDENTES DE TRANSITO (D.L. 3.252, DE 1980) (ES)",https://www.cmfchile.cl/normativa/cir_527_1985.pdf
1985-01-01,526,DESIGNACION LIQUIDADORES DE SINIESTROS (MS),https://www.cmfchile.cl/normativa/cir_526_1985.pdf
1985-01-01,525,APORTE FISCAL CUERPOS DE BOMBEROS (BOMB),https://www.cmfchile.cl/normativa/cir_525_1985.pdf
1985-01-01,524,"MODIFICA CIRCULAR NRO 486, DE 1985. (IV)",https://www.cmfchile.cl/normativa/cir_524_1985.pdf
1985-01-01,523,ESTABLECE OBLIGACION DE INFORMAR MENSUALMENTE OPERACIONES DE VENTA DE VALORES REALIZADAS ENTRE FONDOS MUTUOS (AFM),https://www.cmfchile.cl/normativa/cir_523_1985.pdf
1985-01-01,522,INSCRIPCIONES Y CANCELACIONES DE CORREDORES DE SEGUROS (MS),https://www.cmfchile.cl/normativa/cir_522_1985.pdf
1985-01-01,521,APORTES D.L. 1.757 (ESG1),https://www.cmfchile.cl/normativa/cir_521_1985.pdf
1985-01-01,520,APORTES CANCELACION HONORARIOS PERITOS DE INCENDIO ART. 36 D.F.L. 251 (ESG1),https://www.cmfchile.cl/normativa/cir_520_1985.pdf
1985-01-01,519,ESTABLECE MODELO CERTIFICADO SEGURO OBLIGATORIO RESPONSABILIDAD CIVIL POR DAÑOS A TERCEROS (MS),https://www.cmfchile.cl/normativa/cir_519_1985.pdf
1985-01-01,518,"MODIFICA TEXTO ART. 1 CLAUSULA BENEFICIOS ADICIONALES, APROBADA POR CIRCULAR NRO 249, DE 1982 (MS)",https://www.cmfchile.cl/normativa/cir_518_1985.pdf
1985-01-01,517,DESIGNACIONES Y CANCELACIONES DE LIQUIDADORES DE SINIESTROS (MS),https://www.cmfchile.cl/normativa/cir_517_1985.pdf
1985-01-01,516,RER Y CR (MS),https://www.cmfchile.cl/normativa/cir_516_1985.pdf
1985-01-01,515,INSTRUYE SOBRE INCORPORACION DE FRASES ALUSIVAS A GARANTIA ESTATAL (LEY 18.203) EN LA PUBLICACION Y PROMOCION DE CARTERA DE FONDOS MUTUOS O EN PROMOCION DE LOS MISMOS. (AFM),https://www.cmfchile.cl/normativa/cir_515_1985.pdf
1985-01-01,514,"ESTABLECE NORMAS PARA LOS INTERMEDIARIOS SOBRE VALORIZACION DE INVERSIONES EN VALORES MOBILIARIOS, COMPROMISOS DE COMPRA, VENTAS CON COMPROMISO DE RETROCOMPRA, COMPROMISOS DE VENTA Y COMPRAS CON COMPROMISO DE RETROVENTA (IV)",https://www.cmfchile.cl/normativa/cir_514_1985.pdf
1985-01-01,513,ESTABLECE CRITERIOS DE CLASIFICACION Y TABLAS A APLICAR EN LA DETERMINACION DEL MONTO DE COBERTURA PATRIMONIAL A QUE SE REFIERE LA NORMA DE CARACTER GENERAL NRO 17.(IV),https://www.cmfchile.cl/normativa/cir_513_1985.pdf
1985-01-01,512,INSCRIPCIONES Y CANCELACIONES DE CORREDORES DE SEGUROS (MS),https://www.cmfchile.cl/normativa/cir_512_1985.pdf
1985-01-01,511,"DICTA INSTRUCCIONES RELATIVAS A OPERACIONES DE COMPROMISOS DE COMPRA, VENTA, RETROCOMPRA Y RETROVENTA DE VALORES DE OFERTA PUBLICA (IV)",https://www.cmfchile.cl/normativa/cir_511_1985.pdf
1985-01-01,17,"NORMAS SOBRE CONDICIONES DE PATRIMONIO, LIQUIDEZ Y SOLVENCIA (IV)",https://www.cmfchile.cl/normativa/ncg_17_1985.pdf
1985-01-01,16,ESTABLECE NORMAS DE INSCRIPCION PARA LOS AGENTES DE VALORES  Y CORREDORES DE BOLSA (IV),https://www.cmfchile.cl/normativa/ncg_16_1985.pdf
1985-01-01,510,"APRUEBA MODELO POLIZA SEGURO OBLIGATORIO RESPONSABILIDAD CIVIL POR DAÑOS A TERCEROS (ART. 5 D.F.L. 151, DE 1981) Y ADICIONAL (MS)",https://www.cmfchile.cl/normativa/cir_510_1985.pdf
1985-01-01,509,APORTES D.L. 1.757 (ESG1),https://www.cmfchile.cl/normativa/cir_509_1985.pdf
1985-01-01,508,CLASIFICA AGENTES PROFESIONALES SEGUROS SEGUNDO GRUPO AÑO 1985 (MS),https://www.cmfchile.cl/normativa/cir_508_1985.pdf
1985-01-01,507,CLASIFICA AGENTES PROFESIONALES SEGUROS PRIMER GRUPO AÑO 1985 (MS),https://www.cmfchile.cl/normativa/cir_507_1985.pdf
1985-01-01,506,DICTA NORMAS SOBRE VALORIZACION DE INVERSIONES (ES),https://www.cmfchile.cl/normativa/cir_506_1985.pdf
1985-01-01,505,"APRUEBA ART. 6 OPTATIVO A LA POLIZA SEGURO PROTECCION FAMILIAR, APROBADA POR CIRCULAR NRO 316, DE 1983 (MS)",https://www.cmfchile.cl/normativa/cir_505_1985.pdf
1985-01-01,504,"APRUEBA CLAUSULAS ADICIONALES INCENDIO Y EXPLOSION A CONSECUENCIA, HUELGA, DESORDEN POPULAR, ACTOS TERRORISTAS O MALICIOSOS, DAÑOS MATERIALES A CONSECUENCIA HUELGA O DESORDEN POPULAR Y ROBO O SAQUEO A CONSECUENCIA HUELGA O DESORDEN POPULAR (MS)",https://www.cmfchile.cl/normativa/cir_504_1985.pdf
1985-01-01,1842,INSTRUCCIONES RESPECTO A CUOTA MORTUORIA DEL ARTICULO 88 DEL D.L. 3.500 (ESG2),https://www.cmfchile.cl/normativa/ofc_1842_1985.pdf
1985-01-01,503,DICTA NORMAS DE CONTABILIZACION DE INVERSIONES DE FONDOS MUTUOS EN INSTRUMENTOS EMITIDOS POR BANCOS O SOCIEDADES FINANCIERAS QUE CUENTAN CON GARANTIA DEL ESTADO (AFM),https://www.cmfchile.cl/normativa/cir_503_1985.pdf
1985-01-01,502,INSCRIPCIONES Y CANCELACIONES DE CORREDORES DE SEGUROS (MS),https://www.cmfchile.cl/normativa/cir_502_1985.pdf
1985-01-01,501,DESIGNACION LIQUIDADORES DE SINIESTROS (MS),https://www.cmfchile.cl/normativa/cir_501_1985.pdf
1985-01-01,500,INFORMACION MENSUAL SOBRE ESTADO DE EMISIONES Y COLOCACIONES DE EFECTOS DE COMERCIO (EIRV),https://www.cmfchile.cl/normativa/cir_500_1985.pdf
1985-01-01,499,INFORMACION MENSUAL SOBRE ESTADO DE EMISIONES Y COLOCACIONES DE BONOS (EIRV),https://www.cmfchile.cl/normativa/cir_499_1985.pdf
1985-01-01,498,"MODIFICA CIRCULAR NRO 198, DE 1982. (SAA)",https://www.cmfchile.cl/normativa/cir_498_1985.pdf
1985-01-01,15,"ESTABLECE NORMAS DE INSCRIPCION DE EMISORES Y VALORES DE OFERTA PUBLICA EN EL REGISTRO DE VALORES, SU DIFUSION, COLOCACION Y OBLIGACIONES DE INFORMACION CONSIGUIENTES (SAA, EVOP Y EIRV)",https://www.cmfchile.cl/normativa/ncg_15_1985.pdf
1985-01-01,497,APORTES D.L. 1.757 (ESG1),https://www.cmfchile.cl/normativa/cir_497_1985.pdf
1985-01-01,1647,"INSTRUCCIONES RELATIVAS A RESERVAS CATASTROFICAS, REASEGUROS NO PROPORCIONALES, ADELANTOS DE SINIESTROS Y CUMPLIMIENTO DE NORMAS (ESG1)",https://www.cmfchile.cl/normativa/ofc_1647_1985.pdf
1985-01-01,495,INSCRIPCIONES Y CANCELACIONES DE CORREDORES DE SEGUROS (MS),https://www.cmfchile.cl/normativa/cir_495_1985.pdf
1985-01-01,1566,"REGISTRO PUBLICO DE PRESIDENTES, DIRECTORES, GERENTES, ADMINISTRADORES Y LIQUIDADORES (IV)",https://www.cmfchile.cl/normativa/ofc_1566_1985.pdf
1985-01-01,494,APORTE FISCAL CUERPOS DE BOMBEROS (BOMB),https://www.cmfchile.cl/normativa/cir_494_1985.pdf
1985-01-01,1476,DETALLE BIENES RAICES DE PROPIEDAD DE ENTIDADES ASEGURADORAS (ESG2),https://www.cmfchile.cl/normativa/ofc_1476_1985.pdf
1985-01-01,493,INSCRIPCIONES Y CANCELACIONES DE CORREDORES DE SEGUROS (MS),https://www.cmfchile.cl/normativa/cir_493_1985.pdf
1985-01-01,492,APORTES D.L. 1.757 (ESG1),https://www.cmfchile.cl/normativa/cir_492_1985.pdf
1985-01-01,491,"IMPARTE NUEVAS TABLAS DE MORTALIDAD PARA EL CALCULO DE RESERVAS TECNICAS (B-85-H, B-85-M, RV-85-H Y RV-85-M) (ES)",https://www.cmfchile.cl/normativa/cir_491_1985.pdf
1985-01-01,490,"MODIFICA CIRCULAR NRO 486, DE 1985.(IV)",https://www.cmfchile.cl/normativa/cir_490_1985.pdf
1985-01-01,489,DESIGNACIONES Y CANCELACIONES DE LIQUIDADORES DE SINIESTROS (MS),https://www.cmfchile.cl/normativa/cir_489_1985.pdf
1985-01-01,488,INSCRIPCIONES Y CANCELACIONES DE CORREDORES DE SEGUROS (MS),https://www.cmfchile.cl/normativa/cir_488_1985.pdf
1985-01-01,487,APORTES D.L. 1.757 (ESG1),https://www.cmfchile.cl/normativa/cir_487_1985.pdf
1985-01-01,486,"ESTABLECE REGISTRO Y REQUISITOS DE INFORMACION PARA LOS INTERMEDIARIOS QUE OPERAN CON CARTERA PROPIA Y QUE EFECTUAN OPERACIONES DE COMPROMISOS DE COMPRA Y DE VENTA, DE RETROCOMPRA Y DE RETROVENTA DE VALORES DE OFERTA PUBLICA (IV)",https://www.cmfchile.cl/normativa/cir_486_1985.pdf
1985-01-01,485,REFUNDE Y MODIFICA INFORMACION OPERACIONES EN MONEDA EXTRANJERA (ES),https://www.cmfchile.cl/normativa/cir_485_1985.pdf
1985-01-01,484,"APRUEBA TEXTOS OPTATIVOS COMPLEMENTARIOS DE POLIZA DE RESPONSABILIDAD CIVIL PROFESIONAL, APROBADA POR CIRCULAR NRO 419, DE 1984 (MS)",https://www.cmfchile.cl/normativa/cir_484_1985.pdf
1985-01-01,483,APRUEBA MODELO POLIZA SEGURO DE ACCIDENTES PERSONALES (MS),https://www.cmfchile.cl/normativa/cir_483_1985.pdf
1985-01-01,482,DESIGNACIONES Y CANCELACIONES DE LIQUIDADORES DE SINIESTROS (MS),https://www.cmfchile.cl/normativa/cir_482_1985.pdf
1985-01-01,481,ESTABLECE CONDICIONES PARA QUE UNA ACCION SEA CONSIDERADA DE TRANSACCION BURSATIL CONFORME ARTICULO 21 DEL REGLAMENTO DE FONDOS MUTUOS. FIJA MARGEN DIARIO MINIMO DE TRANSACCION DE ACUERDO AL ARTICULO 25 DEL REGLAMENTO DE FONDOS MUTUOS (AFM),https://www.cmfchile.cl/normativa/cir_481_1985.pdf
1985-01-01,480,"MODIFICA CIRCULAR NRO 104, RELATIVA A PUBLICIDAD DE FONDOS MUTUOS Y ADMINISTRADORAS (AFM)",https://www.cmfchile.cl/normativa/cir_480_1985.pdf
1985-01-01,429,RESPONSABILIDAD DE INTERMEDIARIOS EN SUS OPERACIONES CON CLIENTES (IV),https://www.cmfchile.cl/normativa/ofc_429_1985.pdf
1985-01-01,479,APORTES D.L. 1.757 (ESG1),https://www.cmfchile.cl/normativa/cir_479_1985.pdf
1985-01-01,478,COMPLEMENTA INSTRUCCIONES SOBRE PRESENTACION DE ESTADOS FINANCIEROS ANUALES AUDITADOS (EPF SALVO ES),https://www.cmfchile.cl/normativa/cir_478_1985.pdf
1985-01-01,414,RESUMEN DE SITUACIONES CONTABLES QUE MERECIERON OBSERVACIONES A LOS ESTADOS FINANCIEROS (ES Y AE),https://www.cmfchile.cl/normativa/ofc_414_1985.pdf
1985-01-01,477,INSCRIPCIONES Y CANCELACIONES DE CORREDORES DE SEGUROS (MS),https://www.cmfchile.cl/normativa/cir_477_1985.pdf
1985-01-01,476,APORTES CANCELACION HONORARIOS PERITOS DE INCENDIO ART. 36 D.F.L. 251 (ESG1),https://www.cmfchile.cl/normativa/cir_476_1985.pdf
1985-01-01,307,PREPARACION Y PRESENTACION DE ESTADOS FINANCIEROS,https://www.cmfchile.cl/normativa/ofc_307_1985.pdf
1985-01-01,475,APRUEBA DEFINITIVAMENTE CLAUSULA ADICIONAL DAÑOS POR COMBUSTION ESPONTANEA (MS),https://www.cmfchile.cl/normativa/cir_475_1985.pdf
1983-01-01,295,PREPARACION Y PRESENTACION DE ESTADOS FINANCIEROS,https://www.cmfchile.cl/normativa/ofc_295_1983.pdf
1985-01-01,474,PUBLICACION DE ESTADOS FINANCIEROS DE INTERMEDIARIOS DE VALORES (IV),https://www.cmfchile.cl/normativa/cir_474_1985.pdf
1985-01-01,473,APORTE FISCAL CUERPOS DE BOMBEROS (BOMB),https://www.cmfchile.cl/normativa/cir_473_1985.pdf
1985-01-01,216,PUBLICACION DE ESTADOS FINANCIEROS ANUALES AUDITADOS (EPF),https://www.cmfchile.cl/normativa/ofc_216_1985.pdf
1985-01-01,472,RER Y CR (MS),https://www.cmfchile.cl/normativa/cir_472_1985.pdf
1985-01-01,471,DESIGNACIONES LIQUIDADORES DE SINIESTROS (MS),https://www.cmfchile.cl/normativa/cir_471_1985.pdf
1985-01-01,470,APORTES D.L. 1.757 (ESG1),https://www.cmfchile.cl/normativa/cir_470_1985.pdf
1985-01-01,78,FE DE ERRATAS DE TABLAS DE MORTALIDAD DE INVALIDOS IMPARTIDAS POR CIRCULAR N° 465,https://www.cmfchile.cl/normativa/ofc_78_1985.pdf
1985-01-01,469,"MODIFICA CIRCULAR NRO 467, DE 1984 (BV SALVO BCS)",https://www.cmfchile.cl/normativa/cir_469_1985.pdf
1985-01-01,468,INSCRIPCIONES Y CANCELACIONES DE CORREDORES DE SEGUROS (MS),https://www.cmfchile.cl/normativa/cir_468_1985.pdf
1984-01-01,467,SISTEMA DE REMATE DE ACCIONES INSCRITAS (BV SALVO BCS),https://www.cmfchile.cl/normativa/cir_467_1984.pdf
1984-01-01,466,"APRUEBA MODELO POLIZA SEGURO OBLIGATORIO DE RESPONSABILIDAD CIVIL POR DAÑOS A TERCEROS (D.F.L. 151, DE 1981) Y ADICIONAL(MS)",https://www.cmfchile.cl/normativa/cir_466_1984.pdf
1984-01-01,465,IMPARTE NUEVAS TABLAS MORTALIDAD PARA CALCULO RESERVAS TECNICAS (MI-85-M Y MI-85-H)(ES),https://www.cmfchile.cl/normativa/cir_465_1984.pdf
1984-01-01,464,CLASIFICA AGENTES PROFESIONALES SEGUROS PRIMER GRUPO AÑO 1984. DEJA SIN EFECTO CLASIFICACION PERSONA QUE INDICA.(MS),https://www.cmfchile.cl/normativa/cir_464_1984.pdf
1984-01-01,463,RER Y CR (MS),https://www.cmfchile.cl/normativa/cir_463_1984.pdf
1984-01-01,462,APORTES D.L. 1.757 (ESG1),https://www.cmfchile.cl/normativa/cir_462_1984.pdf
1984-01-01,461,APORTE FISCAL CUERPOS DE BOMBEROS (BOMB),https://www.cmfchile.cl/normativa/cir_461_1984.pdf
1984-01-01,460,INSCRIPCIONES Y CANCELACIONES DE CORREDORES DE SEGUROS (MS),https://www.cmfchile.cl/normativa/cir_460_1984.pdf
1984-01-01,459,"APRUEBA ADICIONAL A POLIZA RENTA VITALICIA, APROBADA POR CIRCULAR NRO 289, DE 1983 (MS)",https://www.cmfchile.cl/normativa/cir_459_1984.pdf
1984-01-01,458,DICTA NORMAS SOBRE PROVISIONES (EF SALVO FM),https://www.cmfchile.cl/normativa/cir_458_1984.pdf
1984-01-01,457,DESIGNACIONES LIQUIDADORES DE SINIESTROS (MS),https://www.cmfchile.cl/normativa/cir_457_1984.pdf
1984-01-01,456,RER Y CR (MS),https://www.cmfchile.cl/normativa/cir_456_1984.pdf
1984-01-01,455,APRUEBA PLAN ADICIONAL ASISTENCIA MEDICA Y HOSPITALARIA (MS),https://www.cmfchile.cl/normativa/cir_455_1984.pdf
1984-01-01,454,APRUEBA MODELOS POLIZA SEGURO VIDA Y SEGURO PROTECCION FAMILIAR (MS),https://www.cmfchile.cl/normativa/cir_454_1984.pdf
1984-01-01,453,APRUEBA MODELO POLIZA SEGURO ACCIDENTES PERSONALES (MS),https://www.cmfchile.cl/normativa/cir_453_1984.pdf
1984-01-01,452,"APRUEBA MODIFICACION ALTERNATIVA AL ART. 3 POLIZA SEGURO SALUD PREVISIONAL, APROBADA POR CIRCULAR NRO 339, DE 1983 (MS)",https://www.cmfchile.cl/normativa/cir_452_1984.pdf
1984-01-01,451,INSCRIPCIONES Y CANCELACIONES DE CORREDORES DE SEGUROS (MS),https://www.cmfchile.cl/normativa/cir_451_1984.pdf
1984-01-01,450,APRUEBA POLIZA SEGURO SEGUROGAR (MS),https://www.cmfchile.cl/normativa/cir_450_1984.pdf
1984-01-01,449,APORTES D.L. 1.757 (ESG1),https://www.cmfchile.cl/normativa/cir_449_1984.pdf
1984-01-01,448,APRUEBA POLIZA SEGURO DE REMESA DE VALORES (MS),https://www.cmfchile.cl/normativa/cir_448_1984.pdf
1984-01-01,447,APRUEBA POLIZA SEGURO CONTRA INCENDIO DEL HOGAR Y ADICIONALES (MS),https://www.cmfchile.cl/normativa/cir_447_1984.pdf
1984-01-01,446,"APRUEBA COBERTURA OPTATIVA DE RESPONSABILIDAD CIVIL DAÑOS A TERCEROS PARA POLIZA EQUIPO MOVIL CONTRATISTA, APROBADA POR CIRCULAR NRO 1102, DE 1972 (MS)",https://www.cmfchile.cl/normativa/cir_446_1984.pdf
1984-01-01,445,ESTABLECE PROCEDIMIENTO Y REQUISITOS QUE DEBEN CUMPLIR LOS AGENTES DE VALORES PARA REPRESENTAR A UN CORREDOR DE BOLSA EN LA RECEPCION DE ORDENES DE COMPRA Y VENTA DE ACCIONES (AV),https://www.cmfchile.cl/normativa/cir_445_1984.pdf
1984-01-01,444,COMPLEMENTA CIRCULAR Nº 1538 SOBRE RETASACION TECNICA DEL ACTIVO FIJO (ES),https://www.cmfchile.cl/normativa/cir_444_1984.pdf
1984-01-01,443,RER Y CR (MS),https://www.cmfchile.cl/normativa/cir_443_1984.pdf
1984-01-01,442,DESIGNACIONES Y CANCELACIONES DE LIQUIDADORES DE SINIESTROS (MS),https://www.cmfchile.cl/normativa/cir_442_1984.pdf
1984-01-01,441,APORTES D.L. 1.757 (ESG1),https://www.cmfchile.cl/normativa/cir_441_1984.pdf
1984-01-01,440,INSCRIPCIONES Y CANCELACIONES DE CORREDORES DE SEGUROS (MS),https://www.cmfchile.cl/normativa/cir_440_1984.pdf
1984-01-01,439,"REEMPLAZA CIRCULAR  405, DE 1984, SOBRE INFORMES DE LIQUIDACIONES DE SINIESTROS (ES Y LS)",https://www.cmfchile.cl/normativa/cir_439_1984.pdf
1984-01-01,438,APORTE FISCAL CUERPOS DE BOMBEROS (BOMB),https://www.cmfchile.cl/normativa/cir_438_1984.pdf
1984-01-01,437,APRUEBA SEGURO ADICIONAL DE GASTOS MEDICOS (MS),https://www.cmfchile.cl/normativa/cir_437_1984.pdf
1984-01-01,436,APRUEBA MODELO POLIZA SEGURO COLECTIVO DE SALUD Y PLAN COMPLEMENTARIO PREVISIONAL DE SALUD (MS),https://www.cmfchile.cl/normativa/cir_436_1984.pdf
1984-01-01,435,APORTES D.L. 1.757(ESG1),https://www.cmfchile.cl/normativa/cir_435_1984.pdf
1984-01-01,434,INSCRIPCIONES Y CANCELACIONES DE CORREDORES DE SEGUROS (MS),https://www.cmfchile.cl/normativa/cir_434_1984.pdf
1984-01-01,433,"MODIFICA POLIZAS VEHICULOS MOTORIZADOS, APROBADAS POR CIRCULARES NROS. 354, DE 1983, Y 1188, DE 1974, Y ADICIONALES (MS)",https://www.cmfchile.cl/normativa/cir_433_1984.pdf
1984-01-01,432,"MODIFICACION OPTATIVA A POLIZA SEGURO PROTECCION FAMILIAR, APROBADA POR CIRCULAR NRO 316, DE 1983 (MS)",https://www.cmfchile.cl/normativa/cir_432_1984.pdf
1984-01-01,431,SEÑALA REQUISITO PARA CONTABILIZACION DE ACCIONES (ES),https://www.cmfchile.cl/normativa/cir_431_1984.pdf
1984-01-01,430,APORTES D.L. 1.757 (ESG1),https://www.cmfchile.cl/normativa/cir_430_1984.pdf
1984-01-01,429,APRUEBA MODELO POLIZA SEGURO VIDA MULTIPLE (MS),https://www.cmfchile.cl/normativa/cir_429_1984.pdf
1984-01-01,428,COMPLEMENTA CIRCULARES 1.529 Y 1.571 SOBRE RETASACION TECNICA DEL ACTIVO FIJO (EF SALVO ES),https://www.cmfchile.cl/normativa/cir_428_1984.pdf
1984-01-01,427,INFORMACION OPERACIONES EN MONEDA EXTRANJERA (ES),https://www.cmfchile.cl/normativa/cir_427_1984.pdf
1984-01-01,426,INSCRIPCIONES Y CANCELACIONES DE CORREDORES DE SEGUROS (MS),https://www.cmfchile.cl/normativa/cir_426_1984.pdf
1984-01-01,425,IMPARTE INSTRUCCIONES RELATIVAS A CONSTITUCION DE RESERVAS TECNICAS DE LOS SEGUROS ESTABLECIDOS EN EL D.L. 3.500 (ESG2),https://www.cmfchile.cl/normativa/cir_425_1984.pdf
1984-01-01,424,"APRUEBA MODIFICACIONES OPTATIVAS A CLAUSULA BENEFICIO ADICIONAL GASTOS MEDICOS, APROBADA POR CIRCULAR NRO 258, DE 1982.(MS)",https://www.cmfchile.cl/normativa/cir_424_1984.pdf
1984-01-01,423,"COMPLEMENTA CIRCULAR NRO 104, RELATIVAS A NORMAS DE PUBLICIDAD DE FONDOS MUTUOS Y DE ADMINISTRADORAS (AFM)",https://www.cmfchile.cl/normativa/cir_423_1984.pdf
1984-01-01,422,APRUEBA ADICIONALES DE INDEMNIZACION POR INVALIDEZ TOTAL Y PERMANENTE POR ACCIDENTE O ENFERMEDAD Y OTROS VARIOS (MS),https://www.cmfchile.cl/normativa/cir_422_1984.pdf
1984-01-01,421,RER Y CR (MS),https://www.cmfchile.cl/normativa/cir_421_1984.pdf
1984-01-01,14,"INSTRUYE A EMPRESAS QUE INDICA DAR CUMPLIMIENTO A NORMA DE CARACTER GENERAL NRO 3, DE 1982, Y SUS MODIFICACIONES (EE)",https://www.cmfchile.cl/normativa/ncg_14_1984.pdf
1984-01-01,420,SEÑALA REQUISITO PARA CONTABILIZACION DE ACCIONES (EF SALVO ES),https://www.cmfchile.cl/normativa/cir_420_1984.pdf
1984-01-01,419,APRUEBA POLIZA SEGURO RESPONSABILIDAD CIVIL PROFESIONAL Y ADICIONALES (MS),https://www.cmfchile.cl/normativa/cir_419_1984.pdf
1984-01-01,418,"APRUEBA MODIFICACION OPTATIVA AL SEGURO DE SALUD PREVISIONAL, APROBADO POR CIRCULAR NRO 339, DE 1983.(MS)",https://www.cmfchile.cl/normativa/cir_418_1984.pdf
1984-01-01,417,AUTORIZA INVERSION REPRESENTATIVA DE RESERVA TECNICA Y PATRIMONIO (PAGARES CORFO ACUERDO 693/1983)(ES),https://www.cmfchile.cl/normativa/cir_417_1984.pdf
1984-01-01,416,"PRORROGA VIGENCIA CIRCULAR NRO 342, DE 1983, SOBRE ADICIONAL DE COMBUSTION ESPONTANEA (MS)",https://www.cmfchile.cl/normativa/cir_416_1984.pdf
1984-01-01,415,APRUEBA CLAUSULAS CHILENAS PARA RESPONSABILIDAD DE FLETADORES (MS),https://www.cmfchile.cl/normativa/cir_415_1984.pdf
1984-01-01,414,APORTES D.L. 1.757 (ESG1),https://www.cmfchile.cl/normativa/cir_414_1984.pdf
1984-01-01,413,APORTES CANCELACIONES HONORARIOS PERITOS DE INCENDIO ART. 36 D.F.L. 251(ESG1),https://www.cmfchile.cl/normativa/cir_413_1984.pdf
1984-01-01,412,PRESENTACION MONTOS INTERMEDIADOS POR AGENTES DE VALORES (AV)),https://www.cmfchile.cl/normativa/cir_412_1984.pdf
1984-01-01,411,INSCRIPCIONES Y CANCELACIONES DE CORREDORES DE SEGUROS (MS),https://www.cmfchile.cl/normativa/cir_411_1984.pdf
1984-01-01,410,APORTE FISCAL CUERPOS DE BOMBEROS (BOMB),https://www.cmfchile.cl/normativa/cir_410_1984.pdf
1984-01-01,409,INSCRIPCIONES Y CANCELACIONES DE LIQUIDADORES DE SINIESTROS (MS),https://www.cmfchile.cl/normativa/cir_409_1984.pdf
1984-01-01,408,CLASIFICA AGENTES PROFESIONALES SEGUROS SEGUNDO GRUPO AÑO 1984) (MS),https://www.cmfchile.cl/normativa/cir_408_1984.pdf
1984-01-01,407,CLASIFICA AGENTES PROFESIONALES SEGUROS PRIMER GRUPO AÑO 1984 (MS),https://www.cmfchile.cl/normativa/cir_407_1984.pdf
1984-01-01,406,INSCRIPCIONES Y CANCELACIONES DE CORREDORES DE SEGUROS (MS),https://www.cmfchile.cl/normativa/cir_406_1984.pdf
1984-01-01,405,CUADRO RESUMEN INFORMES MENSUALES LIQUIDACIONES SINIESTROS (MS),https://www.cmfchile.cl/normativa/cir_405_1984.pdf
1984-01-01,404,APORTES D.L. 1.757 (MS),https://www.cmfchile.cl/normativa/cir_404_1984.pdf
1984-01-01,403,APRUEBA POLIZA MULTIRRIESGO PARA COMERCIO Y MEDIANA INDUSTRIA (MS),https://www.cmfchile.cl/normativa/cir_403_1984.pdf
1984-01-01,402,APRUEBA CLAUSULAS TRANSPORTE TERRESTRE (CARGA) TODO RIESGO DENTRO DE CHILE Y CLAUSULAS TRANSPORTE TERRESTRE (CARGA) (MS),https://www.cmfchile.cl/normativa/cir_402_1984.pdf
1984-01-01,401,INSCRIPCIONES Y CANCELACIONES DE CORREDORES DE SEGUROS (MS),https://www.cmfchile.cl/normativa/cir_401_1984.pdf
1984-01-01,400,APORTES D.L. 1.757 (ESG1),https://www.cmfchile.cl/normativa/cir_400_1984.pdf
1984-01-01,399,APRUEBA CLAUSULA OPTATIVA A POLIZA ROBO CON FRACTURA Y MULTIRRIESGO DE PRUEBA DE PERDIDAS POR ROBOS QUE AFECTEN A ESTABLECIMIENTOS COMERCIALES (MS),https://www.cmfchile.cl/normativa/cir_399_1984.pdf
1984-01-01,398,"SUSTITUYE ART. 14 POLIZA VEHICULOS MOTORIZADOS, APROBADA POR CIRCULAR NRO 1188, DE 1974 (MS)",https://www.cmfchile.cl/normativa/cir_398_1984.pdf
1984-01-01,397,NORMAS SOBRE VALORIZACION DE ACCIONES DE BANCOS E INSTITUCIONES FINANCIERAS (EPF SALVO CS Y LS),https://www.cmfchile.cl/normativa/cir_397_1984.pdf
1984-01-01,396,"APRUEBA ART. 3  A BENEFICIO ADICIONAL DE INDEMNIZACION POR INTERVENCION QUIRURGICA DE CLAUSULA COMPLEMENTARIA BENEFICIOS ADICIONALES, APROBADA POR CIRCULAR NRO 249, DE 1982.  (MS)",https://www.cmfchile.cl/normativa/cir_396_1984.pdf
1984-01-01,395,APORTES D.L. 1.757(ESG1),https://www.cmfchile.cl/normativa/cir_395_1984.pdf
1984-01-01,394,INSCRIPCIONES Y CANCELACIONES DE CORREDORES DE SEGUROS (MS),https://www.cmfchile.cl/normativa/cir_394_1984.pdf
1984-01-01,393,APORTE FISCAL CUERPOS BOMBEROS (BOMB),https://www.cmfchile.cl/normativa/cir_393_1984.pdf
1984-01-01,392,"DA A CONOCER AL MERCADO ASEGURADOR POLIZA UNICA DE SEGURO DE RESPONSABILIDAD CIVIL DEL TRANSPORTADOR CARRETERO EN VIAJE INTERNACIONAL, CONDICIONES ESPECIALES PARA DAÑOS A PERSONAS O A COSAS TRANSPORTADAS, Y TEXTO DE CONVENIO MUTUO ENTRE ASEGURADORAS PARA SU OPERACION (CONVENIO MAR DEL PLATA, 1977)(MS)",https://www.cmfchile.cl/normativa/cir_392_1984.pdf
1984-01-01,391,APORTES D.L. 1.757 (ESG1),https://www.cmfchile.cl/normativa/cir_391_1984.pdf
1984-01-01,390,APRUEBA CLAUSULA DE PAGO DE PRIMA FRACCIONADA CON RENOVACIONES AUTOMATICAS PARA SEGUROS DEL PRIMER GRUPO (MS),https://www.cmfchile.cl/normativa/cir_390_1984.pdf
1984-01-01,389,"AMPLIACION PLAZO ENTREGA ESTADOS FINANCIEROS (SAA Y EF, SALVO ES, CB Y AV)",https://www.cmfchile.cl/normativa/cir_389_1984.pdf
1984-01-01,388,INSCRIPCIONES Y CANCELACIONES DE CORREDORES DE SEGUROS (MS),https://www.cmfchile.cl/normativa/cir_388_1984.pdf
1984-01-01,387,"MODIFICA CIRCULAR NRO 381, DE 1984.(MS)",https://www.cmfchile.cl/normativa/cir_387_1984.pdf
1984-01-01,386,"MODIFICA CIRCULAR NRO 165, DE 1982.(IV)",https://www.cmfchile.cl/normativa/cir_386_1984.pdf
1984-01-01,385,APRUEBA POLIZA SEGURO COBERTURA ONCOLOGICA Y ADICIONAL DE COBERTURA ONCOLOGICA (MS),https://www.cmfchile.cl/normativa/cir_385_1984.pdf
1984-01-01,384,"COMPLEMENTA CIRCULAR NRO 165, DE 1982.(IV)",https://www.cmfchile.cl/normativa/cir_384_1984.pdf
1984-01-01,383,APORTES D.L. 1.757 (ESG1),https://www.cmfchile.cl/normativa/cir_383_1984.pdf
1984-01-01,382,INSCRIPCIONES Y CANCELACIONES CORREDORES DE SEGUROS (MS),https://www.cmfchile.cl/normativa/cir_382_1984.pdf
1984-01-01,381,"APRUEBA DIVERSAS MODIFICACIONES A POLIZA TRANSPORTE MARITIMO, APROBADA POR CIRCULAR NRO 314, DE 1983.(MS)",https://www.cmfchile.cl/normativa/cir_381_1984.pdf
1984-01-01,380,APORTES CANCELACION HONORARIOS PERITOS INCENDIO ART. 36 D.F.L. 251 (ESG1),https://www.cmfchile.cl/normativa/cir_380_1984.pdf
1984-01-01,379,APORTES D.L. NRO 1757 (ESG1),https://www.cmfchile.cl/normativa/cir_379_1984.pdf
1984-01-01,378,"APRUEBA MODIFICACION OPTATIVA (VOLANTE VEHICULOS EN CIRCULACION) A LA POLIZA DE VEHICULOS MOTORIZADOS, APROBADA POR CIRCULAR NRO 1188, DE 1974 (MS)",https://www.cmfchile.cl/normativa/cir_378_1984.pdf
1983-01-01,377,"NORMAS SOBRE VALORIZACION DE INVERSIONES EN VALORES DE OFERTA PUBLICA, OTROS VALORES MOBILIARIOS Y DERECHOS EN OTRAS SOCIEDADES (ES)",https://www.cmfchile.cl/normativa/cir_377_1983.pdf
1983-01-01,376,"02/01/2001 
31/10/1991 
23/11/1990 
10/11/1987 
07/08/1987 
26/01/1987",https://www.cmfchile.cl/normativa/cir_376_1983.pdf
1983-01-01,375,"PRORROGA VIGENCIA DE CIRCULAR NRO 342, DE 1983, ADICIONAL DE DAÑOS POR COMBUSTION ESPONTANEA (MS)",https://www.cmfchile.cl/normativa/cir_375_1983.pdf
1983-01-01,374,CLASIFICA Y DEJA SIN EFECTO CLASIFICACION AGENTES PROFESIONALES SEGUROS DEL PRIMER Y SEGUNDO GRUPO AÑO 1984 (MS),https://www.cmfchile.cl/normativa/cir_374_1983.pdf
1983-01-01,373,"INFORMACION REFERENTE A CIRCULAR NRO 3934, DE 1983, DEL BANCO CENTRAL DE CHILE (ES)",https://www.cmfchile.cl/normativa/cir_373_1983.pdf
1983-01-01,372,INSCRIPCIONES Y CANCELACIONES DE CORREDORES DE SEGUROS (MS),https://www.cmfchile.cl/normativa/cir_372_1983.pdf
1983-01-01,371,DESIGNACIONES Y CANCELACIONES DE LIQUIDADORES DE SINIESTROS (MS),https://www.cmfchile.cl/normativa/cir_371_1983.pdf
1983-01-01,370,APRUEBA MODELO POLIZA DE VEHICULOS MOTORIZADOS Y CLAUSULAS ADICIONALES (MS),https://www.cmfchile.cl/normativa/cir_370_1983.pdf
1983-01-01,369,"APRUEBA CLAUSULAS CHILENAS PARA MERCANCIAS (AVION), PARA HUELGA (MERCADERIAS AVION) Y PARA GUERRA (MERCADERIAS AVION) (MS)",https://www.cmfchile.cl/normativa/cir_369_1983.pdf
1983-01-01,368,"NORMAS SOBRE VALORIZACION DE INVERSIONES EN VALORES DE OFERTA PUBLICA, OTROS VALORES MOBILIARIOS Y DERECHOS EN OTRAS SOCIEDADES. (SAA Y EF SALVO ES)",https://www.cmfchile.cl/normativa/cir_368_1983.pdf
1983-01-01,367,APRUEBA CLAUSULAS  CHILENAS PARA ALIMENTOS CONGELADOS A Y C (MS),https://www.cmfchile.cl/normativa/cir_367_1983.pdf
1983-01-01,366,APRUEBA CLAUSULAS CHILENAS PARA HUELGA (ALIMENTOS CONGELADOS) (MS),https://www.cmfchile.cl/normativa/cir_366_1983.pdf
1983-01-01,365,APORTES D.L. 1.757 )ESG1),https://www.cmfchile.cl/normativa/cir_365_1983.pdf
1983-01-01,364,APORTE FISCAL CUERPOS BOMBEROS (BOMB),https://www.cmfchile.cl/normativa/cir_364_1983.pdf
1983-01-01,363,"MODIFICA MODELO POLIZA SEGURO TITULO, APROBADO POR CIRCULAR NRO 127, DE 1982 (MS)",https://www.cmfchile.cl/normativa/cir_363_1983.pdf
1983-01-01,362,RER Y CR (MS),https://www.cmfchile.cl/normativa/cir_362_1983.pdf
1983-01-01,361,INSCRIPCIONES Y CANCELACIONES DE CORREDORES DE SEGUROS (MS),https://www.cmfchile.cl/normativa/cir_361_1983.pdf
1983-01-01,360,APORTES D.L. 1.757 (ESG1),https://www.cmfchile.cl/normativa/cir_360_1983.pdf
1983-01-01,359,"APRUEBA MODIFICACION OPTATIVA AL SEGURO DE SALUD PREVISIONAL, APROBADO POR CIRCULAR NRO 339, DE 1983. (MS)",https://www.cmfchile.cl/normativa/cir_359_1983.pdf
1983-01-01,358,"APRUEBA POLIZA TODO RIESGO OBJETOS VALIOSOS Y ADIC. DE MOTIN, CONMOCION CIVIL Y TERREMOTO (MS)",https://www.cmfchile.cl/normativa/cir_358_1983.pdf
1983-01-01,357,APRUEBA CLAUSULAS CHILENAS DE GUERRA Y DE HUELGA PARA CARGAMENTO (MS),https://www.cmfchile.cl/normativa/cir_357_1983.pdf
1983-01-01,356,"APRUEBA CLAUSULAS CHILENAS A, B Y C DE CARGAMENTO (MS)",https://www.cmfchile.cl/normativa/cir_356_1983.pdf
1983-01-01,355,APRUEBA POLIZA SEGURO EXPORTACION FRUTAS FULL-CONDITIONS (MS),https://www.cmfchile.cl/normativa/cir_355_1983.pdf
1983-01-01,354,"APRUEBA MODIFICACION OPTATIVA AL ARTICULO SEGUNDO POLIZA VEHICULOS MOTORIZADOS, APROBADA POR CIRCULAR NRO 1188, DE 1974 (MS)",https://www.cmfchile.cl/normativa/cir_354_1983.pdf
1983-01-01,353,DESIGNACION LIQUIDADORES DE SINIESTROS (MS),https://www.cmfchile.cl/normativa/cir_353_1983.pdf
1983-01-01,352,"INVERSIONES DE FONDOS MUTUOS EN INSTRUMENTOS QUE TENGAN GARANTIA DEL ESTADO, EMITIDOS POR BANCOS E INSTITUCIONES FINANCIERAS (AFM)",https://www.cmfchile.cl/normativa/cir_352_1983.pdf
1983-01-01,351,"ESTABLECE FORMA, CONTENIDO Y PLAZO PARA ENVIO DE LISTADOS DE ACCIONISTAS  ( O SOCIOS) DE ENTIDADES QUE SEÑALA Y REGLAMENTA ARTICULO 7 DE LA LEY NRO 18.045 (EIRV)",https://www.cmfchile.cl/normativa/cir_351_1983.pdf
1983-01-01,350,"MODIFICA CIRCULAR NRO 327, DE 1983. (EPF SALVO CS Y LS)",https://www.cmfchile.cl/normativa/cir_350_1983.pdf
1983-01-01,349,"MODIFICA POLIZA SEGURO RENTA VITALICIA E INVALIDEZ Y SOBREVIVENCIA, APROBADOS POR CIRCULARES NROS. 289, DE 1983, Y 24, DE 1981 (MS)",https://www.cmfchile.cl/normativa/cir_349_1983.pdf
1983-01-01,348,INSCRIPCIONES Y CANCELACIONES DE CORREDORES DE SEGUROS  (MS),https://www.cmfchile.cl/normativa/cir_348_1983.pdf
1983-01-01,347,ESTABLECE OBLIGACION DE REMITIR A SUPERINTENDENCIA Y A LA BOLSA DE VALORES EJEMPLAR DE PUBLICACIONES O INSERCIONES EN PRENSA (EIRV),https://www.cmfchile.cl/normativa/cir_347_1983.pdf
1983-01-01,346,IMPARTE INSTRUCCIONES RESPECTO DE LA REPRESENTACION DE ESTADOS FINANCIEROS (EIRV),https://www.cmfchile.cl/normativa/cir_346_1983.pdf
1983-01-01,4077,RESERVA DE REASEGURO EXTRANJERO (ESG2),https://www.cmfchile.cl/normativa/ofc_4077_1983.pdf
1983-01-01,345,APRUEBA MODELO POLIZA SEGURO SALUD PREVISIONAL (MS),https://www.cmfchile.cl/normativa/cir_345_1983.pdf
1983-01-01,344,APORTES D.L. 1.757 (ESG1),https://www.cmfchile.cl/normativa/cir_344_1983.pdf
1983-01-01,343,DESIGNACION LIQUIDADORES DE SINIESTROS (MS),https://www.cmfchile.cl/normativa/cir_343_1983.pdf
1983-01-01,342,APRUEBA CLAUSULA ADICIONAL DE DAÑOS POR COMBUSTION ESPONTANEA (MS),https://www.cmfchile.cl/normativa/cir_342_1983.pdf
1983-01-01,341,INSCRIPCIONES Y CANCELACIONES DE CORREDORES DE SEGUROS (MS),https://www.cmfchile.cl/normativa/cir_341_1983.pdf
1983-01-01,340,APORTE FISCAL CUERPOS DE BOMBEROS (BOMB),https://www.cmfchile.cl/normativa/cir_340_1983.pdf
1983-01-01,339,APRUEBA POLIZA SEGURO SALUD PREVISIONAL (MS),https://www.cmfchile.cl/normativa/cir_339_1983.pdf
1983-01-01,338,APRUEBA CLAUSULA OPTATIVA AL ADICIONAL DE ACCIDENTES PERSONALES DE PASAJEROS DE VEHICULOS MOTORIZADOS (MS),https://www.cmfchile.cl/normativa/cir_338_1983.pdf
1983-01-01,337,APORTES D.L. 1.757 (ESG1),https://www.cmfchile.cl/normativa/cir_337_1983.pdf
1983-01-01,336,DESIGNACIONES Y CANCELACIONES DE LIQUIDADORES DE SINIESTROS (MS),https://www.cmfchile.cl/normativa/cir_336_1983.pdf
1983-01-01,335,INSCRIPCIONES Y CANCELACIONES DE CORREDORES DE SEGUROS (MS),https://www.cmfchile.cl/normativa/cir_335_1983.pdf
1983-01-01,334,INSCRIPCIONES Y CANCELACIONES DE CORREDORES DE SEGUROS (MS),https://www.cmfchile.cl/normativa/cir_334_1983.pdf
1983-01-01,333,APORTES D.L. 1.757 (ESG1),https://www.cmfchile.cl/normativa/cir_333_1983.pdf
1983-01-01,332,RER Y CR (MS),https://www.cmfchile.cl/normativa/cir_332_1983.pdf
1983-01-01,331,NORMAS GENERALES PARA SOCIEDADES CON CONTABILIDAD EN MONEDA EXTRANJERA (SIRV SALVO ES),https://www.cmfchile.cl/normativa/cir_331_1983.pdf
1983-01-01,330,APORTES D.L: 1.757 (ESG1),https://www.cmfchile.cl/normativa/cir_330_1983.pdf
1983-01-01,329,IMPARTE INSTRUCCIONES A FIN DE REGULARIZAR EL FUNCIONAMIENTO DE LAS COMPAÑIAS QUE SE HAN REGISTRADO COMO ISAPRES  (ES),https://www.cmfchile.cl/normativa/cir_329_1983.pdf
1983-01-01,328,DESIGNACION DE LIQUIDADORES DE SINIESTROS (MS),https://www.cmfchile.cl/normativa/cir_328_1983.pdf
1983-01-01,327,ESTABLECE NORMAS DE FUNCIONAMIENTO DEL REGISTRO DE AUDITORES EXTERNOS (EPF SALVO CS Y LS),https://www.cmfchile.cl/normativa/cir_327_1983.pdf
1983-01-01,326,INSCRIPCIONES Y CANCELACIONES DE CORREDORES DE SEGUROS (MS),https://www.cmfchile.cl/normativa/cir_326_1983.pdf
1983-01-01,325,RER Y CR (MS),https://www.cmfchile.cl/normativa/cir_325_1983.pdf
1983-01-01,324,APORTE FISCAL CUERPOS BOMBEROS (BOMB),https://www.cmfchile.cl/normativa/cir_324_1983.pdf
1983-01-01,323,APRUEBA MODELO DE POLIZA COLECTIVA DE VIDA Y SALUD (MS),https://www.cmfchile.cl/normativa/cir_323_1983.pdf
1983-01-01,322,CLASIFICA AGENTES PROFESIONALES SEGUROS SEGUNDO GRUPO AÑO 1983 (MS),https://www.cmfchile.cl/normativa/cir_322_1983.pdf
1983-01-01,321,CLASIFICA AGENTES PROFESIONALES SEGUROS PRIMER GRUPO AÑO 1983 (MS),https://www.cmfchile.cl/normativa/cir_321_1983.pdf
1983-01-01,320,APORTE CANCELACION HONORARIOS PERITOS DE INCENDIO ART. 36 D.F.L. 251 (ESG1),https://www.cmfchile.cl/normativa/cir_320_1983.pdf
1983-01-01,319,APORTES D.L. 1.757 (ESG1),https://www.cmfchile.cl/normativa/cir_319_1983.pdf
1983-01-01,318,INSCRIPCIONES Y CANCELACIONES CORREDORES DE SEGUROS (MS),https://www.cmfchile.cl/normativa/cir_318_1983.pdf
1983-01-01,317,"VALORIZACION DE ACCIONES POR APLICACION DEL D.L. 1.683, DE 1977 (EF)",https://www.cmfchile.cl/normativa/cir_317_1983.pdf
1983-01-01,316,APRUEBA MODELO POLIZA SEGURO COLECTIVO VIDA PLAN DE PROTECCION  FAMILIAR (MS),https://www.cmfchile.cl/normativa/cir_316_1983.pdf
1983-01-01,315,DESIGNACION Y CANCELACION LIQUIDADORES DE SINIESTROS (MS),https://www.cmfchile.cl/normativa/cir_315_1983.pdf
1983-01-01,314,"APRUEBA MODELO POLIZA TODO RIESGO TRANSPORTE MARITIMO - A,  POLIZA TRANSPORTE MARITIMO CON AVERIA PARTICULAR B Y POLIZA TRANSPORTE MARITIMO LIBRE AVERIA PARTICULAR -C (MS)",https://www.cmfchile.cl/normativa/cir_314_1983.pdf
1983-01-01,13,"MODIFICA NORMA DE CARACTER GENERAL NRO 3, DE 1982 (SAA Y EVOP)",https://www.cmfchile.cl/normativa/ncg_13_1983.pdf
1983-01-01,313,APORTES D.L. 1.757 (ESG1),https://www.cmfchile.cl/normativa/cir_313_1983.pdf
1983-01-01,312,DESIGNACION LIQUIDADORES DE SINIESTROS (MS),https://www.cmfchile.cl/normativa/cir_312_1983.pdf
1983-01-01,311,APORTES D.L. 1.757 (ESG1),https://www.cmfchile.cl/normativa/cir_311_1983.pdf
1983-01-01,310,SOLICITA INFORMACION SOBRE REASEGUROS CONTRATADOS EN EL EXTRANJERO (ES),https://www.cmfchile.cl/normativa/cir_310_1983.pdf
1983-01-01,309,"INTERPRETA CIRCULAR NRO 276, DE 1982 (ES)",https://www.cmfchile.cl/normativa/cir_309_1983.pdf
1983-01-01,308,INSCRIPCIONES Y CANCELACIONES CORREDORES DE SEGUROS (MS),https://www.cmfchile.cl/normativa/cir_308_1983.pdf
1983-01-01,307,ESTABLECE PLAZO PARA REGISTRAR ACCIONES EN BOLSAS DE VALORES (SIRV),https://www.cmfchile.cl/normativa/cir_307_1983.pdf
1983-01-01,306,"COMPLEMENTA CIRCULARES NROS. 262 Y 282, DE 1982 Y 1983 (AFM).",https://www.cmfchile.cl/normativa/cir_306_1983.pdf
1983-01-01,305,APORTE FISCAL CUERPOS BOMBEROS (BOMB),https://www.cmfchile.cl/normativa/cir_305_1983.pdf
1983-01-01,304,"IMPARTE INSTRUCCIONES PARA ACOGERSE A LOS BENEFICIOS DEL D.L. 1.757, MODIFICADO POR EL D.L. 2.245 (BOMB)",https://www.cmfchile.cl/normativa/cir_304_1983.pdf
1983-01-01,303,INSCRIPCIONES Y CANCELACIONES CORREDORES DE SEGUROS (MS),https://www.cmfchile.cl/normativa/cir_303_1983.pdf
1983-01-01,716,ESTABLECE NORMAS DE FUNCIONAMIENTO DEL REGISTRO DE ABOGADOS CALIFICADORES DE PODERES (SAF),https://www.cmfchile.cl/normativa/ofc_716_1983.pdf
1983-01-01,302,APORTES D.L. 1.757 (ESG1),https://www.cmfchile.cl/normativa/cir_302_1983.pdf
1983-01-01,301,RER Y CR (MS),https://www.cmfchile.cl/normativa/cir_301_1983.pdf
1983-01-01,300,APRUEBA MODELOS DE POLIZA DE AVIACION AV-1 Y COLECTIVA DE AVIACION A-2 (MS),https://www.cmfchile.cl/normativa/cir_300_1983.pdf
1983-01-01,299,INSCRIPCIONES Y CANCELACIONES DE CORREDORES DE SEGUROS (MS),https://www.cmfchile.cl/normativa/cir_299_1983.pdf
1983-01-01,619,APERTURA DE CUENTAS CORRIENTES DE FONDOS MUTUOS CONFORME CIRCULAR BANCOS NRO 1891 (AFM),https://www.cmfchile.cl/normativa/ofc_619_1983.pdf
1983-01-01,298,ESTABLECE NUEVA FICHA ESTADISTICA CODIFICADA UNIFORME PARA CORREDORES DE SEGUROS (CS),https://www.cmfchile.cl/normativa/cir_298_1983.pdf
1983-01-01,297,"APRUEBA MODIFICACION PLAN ADICIONAL BENEFICIO DIARIO POR HOSPITALIZACION APROBADO POR CIRCULAR NRO 172, DE 1982, CLAUSULA ADICIONAL DE ASIENTO DE PASAJERO Y DE GASTOS ADICIONALES PARA PERJUICIOS POR PARALIZACION (MS)..",https://www.cmfchile.cl/normativa/cir_297_1983.pdf
1983-01-01,296,INSCRIPCIONES Y CANCELACIONES DE CORREDORES DE SEGUROS (MS),https://www.cmfchile.cl/normativa/cir_296_1983.pdf
1983-01-01,295,CLASIFICA AGENTES PROFESIONALES DE SEGUROS DEL SEGUNDO GRUPO AÑO 1982.DEJA SIN EFECTO CLASIFICACION AÑO 1982.(MS),https://www.cmfchile.cl/normativa/cir_295_1983.pdf
1983-01-01,294,CLASIFICA AGENTES PROFESIONALES DE SEGUROS DEL PRIMER GRUPO AÑO 1982.DEJA SIN EFECTO CLASIFICACION AÑO 1982.(MS),https://www.cmfchile.cl/normativa/cir_294_1983.pdf
1983-01-01,293,DESIGNACION LIQUIDADORES DE SINIESTROS (MS),https://www.cmfchile.cl/normativa/cir_293_1983.pdf
1983-01-01,292,IMPARTE NORMAS SOBRE CONFECCION Y PRESENTACION DE ANEXO NRO 11 (PRODUCCION Y REMUNERACION DE CORREDORES DE SEGUROS)(ES),https://www.cmfchile.cl/normativa/cir_292_1983.pdf
1983-01-01,291,APORTES D.L. 1.757 (ESG1),https://www.cmfchile.cl/normativa/cir_291_1983.pdf
1983-01-01,290,DOCUMENTACION A PARTICIPES SOBRE INSTRUMENTOS VALORIZADOS EN CERO (AFM.),https://www.cmfchile.cl/normativa/ofc_290_1983.pdf
1983-01-01,289,"APRUEBA MODELO DE POLIZA DE RENTA VITALICIA, D.L. 3.500, DE 1980 (MS)",https://www.cmfchile.cl/normativa/cir_289_1983.pdf
1983-01-01,288,"INSTRUCCION RELATIVA A INVERSION EN ACCIONES Y VALORES SUSPENDIDOS DE OFERTA PUBLICA, COTIZACION O TRANSACCION BURSATIL, O CON INSCRIPCION EN REGISTRO DE VALORES CANCELADA (ES)",https://www.cmfchile.cl/normativa/cir_288_1983.pdf
1983-01-01,287,RER Y CR (MS),https://www.cmfchile.cl/normativa/cir_287_1983.pdf
1983-01-01,286,NORMAS QUE DEBEN CUMPLIR LAS AFP INSCRITAS EN EL REGISTRO DE VALORES PARA LA CONFECCION DE SUS ESTADOS FINANCIEROS (AFPIRV),https://www.cmfchile.cl/normativa/cir_286_1983.pdf
1983-01-01,285,APRUEBA MODELO POLIZA SEGURO DE PROTECCION  FAMILIAR (MS),https://www.cmfchile.cl/normativa/cir_285_1983.pdf
1983-01-01,284,"COMPLEMENTA CIRCULAR NRO 228, DE 1982. (EF SALVO FM)",https://www.cmfchile.cl/normativa/cir_284_1983.pdf
1983-01-01,283,ESTABLECE PROCEDIMIENTO DE VALORIZACION QUE INDICA. (AFM),https://www.cmfchile.cl/normativa/cir_283_1983.pdf
1983-01-01,282,"ACLARA Y COMPLEMENTA CIRCULAR  NRO 262, DE 1982 (AFM)",https://www.cmfchile.cl/normativa/cir_282_1983.pdf
1983-01-01,281,APORTES CANCELACION HONORARIOS PERITOS DE INCENDIO ART. 36 D.F.L. 251 (ESG1),https://www.cmfchile.cl/normativa/cir_281_1983.pdf
1983-01-01,280,INSCRIPCIONES Y CANCELACIONES CORREDORES DE SEGUROS (MS),https://www.cmfchile.cl/normativa/cir_280_1983.pdf
1983-01-01,279,APORTES D.L. 1.757 (ESG1),https://www.cmfchile.cl/normativa/cir_279_1983.pdf
1982-01-01,278,APRUEBA MODELOS DE POLIZAS SEGUROS DE SALUD PLAN ESPECIAL E INTERNACIONAL Y EJECUTIVO (MS),https://www.cmfchile.cl/normativa/cir_278_1982.pdf
1982-01-01,277,PRIMAS EN SUELDOS VITALES (ES),https://www.cmfchile.cl/normativa/cir_277_1982.pdf
1982-01-01,276,NORMAS SOBRE CONSTITUCION DE RESERVAS TECNICAS (ES),https://www.cmfchile.cl/normativa/cir_276_1982.pdf
1982-01-01,275,DESIGNA LIQUIDADORES DE SINIESTROS (MS),https://www.cmfchile.cl/normativa/cir_275_1982.pdf
1982-01-01,274,INSCRIPCIONES Y CANCELACIONES DE CORREDORES DE SEGUROS (MS),https://www.cmfchile.cl/normativa/cir_274_1982.pdf
1982-01-01,273,"APRUEBA CLAUSULAS OPTATIVAS A SEGURO DE VIDA APROBADO POR CIRCULAR NRO 1604, DE 1980 (MS)",https://www.cmfchile.cl/normativa/cir_273_1982.pdf
1982-01-01,272,"MODIFICA CIRCULAR 185, DE 1982, Y FIJA TEXTO REFUNDIDO (ES)",https://www.cmfchile.cl/normativa/cir_272_1982.pdf
1982-01-01,271,RER Y CR (MS),https://www.cmfchile.cl/normativa/cir_271_1982.pdf
1982-01-01,270,ESTABLECE MECANISMO DE INFORMACION (AFM),https://www.cmfchile.cl/normativa/cir_270_1982.pdf
1982-01-01,269,"MODIFICA CIRCULAR NRO 250, DE 1982 (SIRV)",https://www.cmfchile.cl/normativa/cir_269_1982.pdf
1982-01-01,268,"MODIFICA CIRCULAR NRO 239, DE 1982 (SIRV SALVO ES)",https://www.cmfchile.cl/normativa/cir_268_1982.pdf
1982-01-01,267,ESTABLECE NORMAS SOBRE INFORMACION Y PUBLICACION DE LA CARTERA DE INVERSIONES DE LOS FONDOS MUTUOS (AFM),https://www.cmfchile.cl/normativa/cir_267_1982.pdf
1982-01-01,266,APORTE FISCAL CUERPOS BOMBEROS (BOMB),https://www.cmfchile.cl/normativa/cir_266_1982.pdf
1982-01-01,265,APORTES D.L. 1.757 (ESG1),https://www.cmfchile.cl/normativa/cir_265_1982.pdf
1982-01-01,264,INSCRIPCIONES Y CANCELACIONES DE CORREDORES DE SEGUROS (MS),https://www.cmfchile.cl/normativa/cir_264_1982.pdf
1982-01-01,263,CONTABILIZACION DE EMISIONES DE EFECTOS DE COMERCIO O BONOS COLOCADOS EN BANCOS E INSTITUCIONES FINANCIERAS(SEV),https://www.cmfchile.cl/normativa/cir_263_1982.pdf
1982-01-01,262,"ESTABLECE FORMA DE VALORIZAR INVERSIONES EN VALORES QUE SE ENCUENTREN SUSPENDIDOS DE OFERTA PUBLICA, DE COTIZACION O DE TRANSACCION, O QUE HAYA SIDO CANCELADA SU INSCRIPCION EN EL REGISTRO DE VALORES. FIJA NORMAS PARA ENAJENACION DE DICHOS VALORES Y PARA LA DISTRIBUCION ENTRE PARTICIPES DEL PRODUCTO DE ESTAS ENAJENACIONES. (AFM)",https://www.cmfchile.cl/normativa/cir_262_1982.pdf
1982-01-01,261,RER Y CR (MS),https://www.cmfchile.cl/normativa/cir_261_1982.pdf
1982-01-01,260,APRUEBA MODELO POLIZA PARA SEGURO EDUCACIONAL Y SEGURO UNIVERSITARIO (MS),https://www.cmfchile.cl/normativa/cir_260_1982.pdf
1982-01-01,259,"MODIFICA PLAN ADICIONAL COLECTIVO DE ASISTENCIA MEDICA Y HOSPITALARIA, APROBADO POR CIRCULAR NRO 186, DE 1982 (MS)",https://www.cmfchile.cl/normativa/cir_259_1982.pdf
1982-01-01,258,APRUEBA BENEFICIO ADICIONAL DE GASTOS MEDICOS POR ACCIDENTE Y MODIFICA BENEFICIO ADICIONAL DE MUERTE ACCIDENTAL APROBADO POR CIRCULAR NRO 181 DE 1982 (MS),https://www.cmfchile.cl/normativa/cir_258_1982.pdf
1982-01-01,257,"APRUEBA ENDOSO COMPLEMENTARIO A SEGURO DE VIDA COLECTIVO, APROBADO POR CIRCULAR NRO 191 DE 1982 (MS)",https://www.cmfchile.cl/normativa/cir_257_1982.pdf
1982-01-01,256,APRUEBA MODELOS DE POLIZAS DE SEGURO DE SALUD PLAN ESPECIAL E INTERNACIONAL Y EJECUTIVO (MS),https://www.cmfchile.cl/normativa/cir_256_1982.pdf
1982-01-01,255,RER Y CR (MS),https://www.cmfchile.cl/normativa/cir_255_1982.pdf
1982-01-01,254,INSCRIPCIONES Y CANCELACIONES DE CORREDORES DE SEGUROS (MS),https://www.cmfchile.cl/normativa/cir_254_1982.pdf
1982-01-01,253,INGRESOS Y EGRESOS COMO ISAPRE (ES),https://www.cmfchile.cl/normativa/cir_253_1982.pdf
1982-01-01,252,DESIGNA LIQUIDADORES DE SINIESTRO Y CANCELA NOMBRAMIENTO (MS),https://www.cmfchile.cl/normativa/cir_252_1982.pdf
1982-01-01,251,APORTES D.L. 1.757 (ESG1),https://www.cmfchile.cl/normativa/cir_251_1982.pdf
1982-01-01,250,INFORMACION AL PUBLICO SOBRE EMISIONES DE VALORES DE OFERTA PUBLICA (SIRV),https://www.cmfchile.cl/normativa/cir_250_1982.pdf
1982-01-01,249,"APRUEBA CLAUSULA COMPLEMENTARIA BENEFICIOS ADICIONALES Y MODIFICA CLAUSULA ADICIONAL INVALIDEZ TOTAL O PARCIAL PERMANENTE APROBADA POR CIRCULAR 40, DE 1981 (MS)",https://www.cmfchile.cl/normativa/cir_249_1982.pdf
1982-01-01,248,"APRUEBA BENEFICIO ADICIONAL GASTOS DENTALES, A PLAN COLECTIVO ASISTENCIA MEDICA Y HOSPITALARIA, APROBADO POR CIRCULAR 186, DE 1982 (MS)",https://www.cmfchile.cl/normativa/cir_248_1982.pdf
1982-01-01,247,APRUEBA CLAUSULAS ADICIONALES RESUMIDAS PARA POLIZA SEGURO INCENDIO (MS),https://www.cmfchile.cl/normativa/cir_247_1982.pdf
1982-01-01,246,INSCRIPCIONES Y CANCELACIONES DE CORREDORES DE SEGUROS (MS),https://www.cmfchile.cl/normativa/cir_246_1982.pdf
1982-01-01,245,DESIGNACIONES Y ELIMINACIONES LIQUIDADORES DE SINIESTROS (MS),https://www.cmfchile.cl/normativa/cir_245_1982.pdf
1982-01-01,244,RER Y CR (MS),https://www.cmfchile.cl/normativa/cir_244_1982.pdf
1982-01-01,243,INSCRIPCIONES Y CANCELACIONES DE CORREDORES DE SEGUROS (MS),https://www.cmfchile.cl/normativa/cir_243_1982.pdf
1982-01-01,242,APORTES D.L. 1.757 (ESG1),https://www.cmfchile.cl/normativa/cir_242_1982.pdf
1982-01-01,241,APRUEBA CLAUSULA MANDATO IRREVOCABLE PARA SEGUROS PACTADOS EN MONEDA EXTRANJERA (ES),https://www.cmfchile.cl/normativa/cir_241_1982.pdf
1982-01-01,240,"IMPARTE INSTRUCCIONES SOBRE FORMA Y CONTENIDO DE INFORMACION SOBRE TRANSACCIONES DE ACCIONES EFECTUADAS POR ACCIONISTAS MAYORITARIOS, DIRECTORES, GERENTE GENERAL, GERENTES Y LIQUIDADORES (SAA, AFM Y EIRV)",https://www.cmfchile.cl/normativa/cir_240_1982.pdf
1982-01-01,239,IMPARTE NORMAS SOBRE FORMA Y CONTENIDO DE LOS ESTADOS FINANCIEROS DE LAS SOCIEDADES INSCRITAS EN EL REGISTRO DE VALORES (SIRV SALVO ES)),https://www.cmfchile.cl/normativa/cir_239_1982.pdf
1982-01-01,238,"APRUEBA CLAUSULA ADICIONAL PLAN CONTINUIDAD DE INGRESOS, A POLIZA SEGURO VIDA, TEMPORAL, REAJUSTABLE, RENOVABLE (MS)",https://www.cmfchile.cl/normativa/cir_238_1982.pdf
1982-01-01,237,APRUEBA CLAUSULA OPTATIVA DE PLAZOS CORTOS (MS),https://www.cmfchile.cl/normativa/cir_237_1982.pdf
1982-01-01,236,ESTABLECE PLAZOS DE PRESENTACION DE ESTADOS FINANCIEROS CONSOLIDADOS E INDIVIDUALES (ES),https://www.cmfchile.cl/normativa/cir_236_1982.pdf
1982-01-01,235,CLASIFICA AGENTES PROFESIONALES SEGUROS SEGUNDO GRUPO AÑO 1982 (MS),https://www.cmfchile.cl/normativa/cir_235_1982.pdf
1982-01-01,234,CLASIFICA AGENTES PROFESIONALES SEGUROS PRIMER GRUPO AÑO 1982 (MS),https://www.cmfchile.cl/normativa/cir_234_1982.pdf
1982-01-01,233,"NORMAS VALORIZACION INVERSIONES EN VALORES DE OFERTA PUBLICA, VALORES MOBILIARIOS Y DERECHOS EN SOCIEDADES (SAA Y EF)",https://www.cmfchile.cl/normativa/cir_233_1982.pdf
1982-01-01,232,INSCRIPCIONES Y CANCELACIONES DE CORREDORES DE SEGUROS (MS),https://www.cmfchile.cl/normativa/cir_232_1982.pdf
1982-01-01,231,RER Y CR (MS),https://www.cmfchile.cl/normativa/cir_231_1982.pdf
1982-01-01,230,APRUEBA MODELO DE POLIZA MULTIRRIESGO POLIZA INTEGRAL DE SEGUROS (MS),https://www.cmfchile.cl/normativa/cir_230_1982.pdf
1982-01-01,229,INFORMACION SOBRE PRIMAS INTERMEDIADAS Y CONTRATOS DE REASEGUROS CON INTERVENCION DE CORREDORES DE REASEGUROS (CR),https://www.cmfchile.cl/normativa/cir_229_1982.pdf
1982-01-01,228,NORMAS DE VALORIZACION DE ACTIVOS Y PASIVOS EXPRESADOS EN MONEDA EXTRANJERA Y OBLIGACIONES INCLUIDAS EN ACUERDO 1.466-03-820903 BANCO CENTRAL DE CHILE (E.F. SALVO FM),https://www.cmfchile.cl/normativa/cir_228_1982.pdf
1982-01-01,227,RER Y CR (MS),https://www.cmfchile.cl/normativa/cir_227_1982.pdf
1982-01-01,226,"APRUEBA CLAUSULAS PARA POLIZA SEGURO VEHICULOS MOTORIZADOS, APROBADA POR CIRCULAR 1188, DE 1974 (MS)",https://www.cmfchile.cl/normativa/cir_226_1982.pdf
1982-01-01,225,APRUEBA MODELO POLIZA SEGURO PREVISIONAL (MS),https://www.cmfchile.cl/normativa/cir_225_1982.pdf
1982-01-01,224,"APRUEBA ADICIONAL A POLIZA COLECTIVA VIDA APROBADA POR CIRCULAR 191, DE 1982 (MS)",https://www.cmfchile.cl/normativa/cir_224_1982.pdf
1982-01-01,223,APRUEBA MODELO POLIZA SEGURO TEMPORAL CAPITAL DECRECIENTE (MS),https://www.cmfchile.cl/normativa/cir_223_1982.pdf
1982-01-01,222,INSCRIPCIONES Y CANCELACIONES DE CORREDORES DE SEGUROS (MS),https://www.cmfchile.cl/normativa/cir_222_1982.pdf
1982-01-01,221,APORTES D.L. 1.757 (ESG1),https://www.cmfchile.cl/normativa/cir_221_1982.pdf
1982-01-01,220,DESIGNA LIQUIDADORES DE SINIESTROS(MS),https://www.cmfchile.cl/normativa/cir_220_1982.pdf
1982-01-01,219,APORTE FISCAL CUERPOS BOMBEROS (BOMB),https://www.cmfchile.cl/normativa/cir_219_1982.pdf
1982-01-01,218,ESTABLECE OBLIGATORIEDAD DE PRESENTACION TRIMESTRAL DE ESTADOS FINANCIEROS CONSOLIDADOS (SAA Y EIRV),https://www.cmfchile.cl/normativa/cir_218_1982.pdf
1982-01-01,217,APRUEBA MODELO POLIZA DE AYUDA AL CANCER (MS),https://www.cmfchile.cl/normativa/cir_217_1982.pdf
1982-01-01,216,NORMAS DE PUBLICIDAD (ES),https://www.cmfchile.cl/normativa/cir_216_1982.pdf
1982-01-01,215,LIMITES ENDEUDAMIENTO ENTIDADES ASEGURADORAS (ES),https://www.cmfchile.cl/normativa/cir_215_1982.pdf
1982-01-01,214,MODIFICA POLIZA SEGURO PROTECCION FAMILIAR(MS),https://www.cmfchile.cl/normativa/cir_214_1982.pdf
1982-01-01,213,INFORMA SUSPENSION Y CANCELACION DE CORREDORES DE SEGUROS QUE INDICA(MS),https://www.cmfchile.cl/normativa/cir_213_1982.pdf
1982-01-01,212,RER Y CR (MS),https://www.cmfchile.cl/normativa/cir_212_1982.pdf
1982-01-01,211,DESIGNA LIQUIDADORES DE SINIESTROS (MS),https://www.cmfchile.cl/normativa/cir_211_1982.pdf
1982-01-01,210,INSCRIPCIONES Y CANCELACIONES CORREDORES DE SEGUROS (MS),https://www.cmfchile.cl/normativa/cir_210_1982.pdf
1982-01-01,209,SUPRIME UNIDAD SEGURO DOLAR (USD) Y FIJA SU VALOR PARA EFECTOS QUE INDICA (ES),https://www.cmfchile.cl/normativa/cir_209_1982.pdf
1982-01-01,208,ESTABLECE OBLIGACION DE INCLUIR EN EL REGLAMENTO INTERNO RESPECTIVO LA POLITICA DE INVERSION DE LA CARTERA DE LOS FONDOS MUTUOS  (AFM),https://www.cmfchile.cl/normativa/cir_208_1982.pdf
1982-01-01,207,RER Y CR (MS),https://www.cmfchile.cl/normativa/cir_207_1982.pdf
1982-01-01,206,UNIDAD SEGURO DOLAR (USD)ES),https://www.cmfchile.cl/normativa/cir_206_1982.pdf
1982-01-01,205,"DESIGNA LIQUIDADORES DE SINIESTROS, CONFORME NORMAS CIRCULAR 185, DE 1982(MS)",https://www.cmfchile.cl/normativa/cir_205_1982.pdf
1982-01-01,204,APORTES D.L.1.757(ESG1),https://www.cmfchile.cl/normativa/cir_204_1982.pdf
1982-01-01,203,APRUEBA MODELO POLIZAS SEGUROS ADICIONALES DE PROTECCION FAMILIAR Y TEMPORAL ADICIONAL NIVELADO(MS),https://www.cmfchile.cl/normativa/cir_203_1982.pdf
1982-01-01,202,APRUEBA MODELO POLIZA SEGUROS DE VIDA MANCOMUNADOS(MS),https://www.cmfchile.cl/normativa/cir_202_1982.pdf
1982-01-01,201,"INCORPORA PLAN SEGURO VIDA MULTIPLE PARA POLIZA SEGURO VIDA APROBADA POR CIRCULAR 1604, DE 1980 (MS)",https://www.cmfchile.cl/normativa/cir_201_1982.pdf
1982-01-01,200,"MODIFICA CIRCULARES NROS. 104 Y 193, SOBRE PUBLICIDAD DE FONDO MUTUOS (AFM)",https://www.cmfchile.cl/normativa/cir_200_1982.pdf
1982-01-01,199,"09/11/1981 
  
27/04/1982 
  
11/03/1982",https://www.cmfchile.cl/normativa/cir_199_1982.pdf
1982-01-01,198,ESTABLECE OBLIGACIONES DE QUE SE EXIMIRAN LAS ENTIDADES A QUE SE REFIERE EL ARTICULO 3 DE LA LEY  NRO 18.045 (SAA.),https://www.cmfchile.cl/normativa/cir_198_1982.pdf
1982-01-01,197,ESTABLE NORMAS SOBRE PRESENTACION DE MONTOS INTERMEDIADOS POR AGENTES DE VALORES (AV),https://www.cmfchile.cl/normativa/cir_197_1982.pdf
1982-01-01,12,"ESTABLECE NORMAS SOBRE TRANSACCIONES DE VALORES, COMPRA-VENTA DE VALORES POR CUENTA PROPIA Y REGISTROS E INFORMACION QUE DEBEN PROPORCIONAR LOS CORREDORES DE BOLSA Y AGENTES DE VALORES (IV)",https://www.cmfchile.cl/normativa/ncg_12_1982.pdf
1982-01-01,196,RER Y CR (MS),https://www.cmfchile.cl/normativa/cir_196_1982.pdf
1982-01-01,195,TRANSACCIONES CON A.F.P.(ES),https://www.cmfchile.cl/normativa/cir_195_1982.pdf
1982-01-01,11,"MODIFICA NORMA DE CARACTER GENERAL NRO 2, DE 1981 (IV)",https://www.cmfchile.cl/normativa/ncg_11_1982.pdf
1982-01-01,194,INSCRIPCIONES Y CANCELACIONES DE CORREDORES DE SEGUROS (MS),https://www.cmfchile.cl/normativa/cir_194_1982.pdf
1982-01-01,193,"ESTABLECE NORMAS RESPECTO A INVERSIONES DE SOCIEDADES ADMINISTRADORAS DE FONDOS MUTUOS Y MODIFICA CIRCULAR NRO 104, DE 1982.(AFM)",https://www.cmfchile.cl/normativa/cir_193_1982.pdf
1982-01-01,192,COMPLEMENTA CIRCULAR NRO 142 DE 1982 (AFM).,https://www.cmfchile.cl/normativa/cir_192_1982.pdf
1982-01-01,191,"APRUEBA POLIZA SEGURO VIDA COLECTIVO, REAJUSTABLE, TEMPORAL Y RENOVABLE POR PERIODOS ANUALES  (MS)",https://www.cmfchile.cl/normativa/cir_191_1982.pdf
1982-01-01,190,RER Y CR (MS),https://www.cmfchile.cl/normativa/cir_190_1982.pdf
1982-01-01,189,"ACLARACION CIRCULAR 1495, DE 1980(ES)",https://www.cmfchile.cl/normativa/cir_189_1982.pdf
1982-01-01,188,APORTES D.L. 1.757 (ESG1),https://www.cmfchile.cl/normativa/cir_188_1982.pdf
1982-01-01,187,"SUSPENDE APLICACION ARTICULOS 19 Y 24 DE CIRCULAR 185, DE 1982.(MS)",https://www.cmfchile.cl/normativa/cir_187_1982.pdf
1982-01-01,186,"APRUEBA PLAN ADICIONAL COLECTIVO DE ASISTENCIA MEDICA Y HOSPITALARIA, A SEGURO DE VIDA TEMPORAL REAJUSTABLE Y RENOVABLE (MS)",https://www.cmfchile.cl/normativa/cir_186_1982.pdf
1982-01-01,185,NORMAS SOBRE LIQUIDACIONES DE SINIESTROS Y EJERCICIO ACTIVIDADES DE LIQUIDADOR (MS),https://www.cmfchile.cl/normativa/cir_185_1982.pdf
1982-01-01,184,APRUEBA MODELO POLIZA SEGURO SALUD ONCOLOGICO (MS),https://www.cmfchile.cl/normativa/cir_184_1982.pdf
1982-01-01,183,COMPLEMENTA O.C. 3251 QUE IMPARTE INSTRUCCIONES SOBRE AGENTES COLOCADORES DE CUOTAS DE FONDOS MUTUOS (AFM),https://www.cmfchile.cl/normativa/cir_183_1982.pdf
1982-01-01,182,APRUEBA MODELO POLIZA SEGURO DESGRAVAMEN (MS),https://www.cmfchile.cl/normativa/cir_182_1982.pdf
1982-01-01,181,APRUEBA MODELO POLIZA SEGURO COLECTIVO VIDA Y BENEFICIOS OPTATIVOS (MS),https://www.cmfchile.cl/normativa/cir_181_1982.pdf
1982-01-01,180,DESIGNA LIQUIDADORES OFICIALES DE SINIESTROS (MS),https://www.cmfchile.cl/normativa/cir_180_1982.pdf
1982-01-01,179,APORTES CANCELACION HONORARIOS PERITOS INCENDIO ART. 36 D.F:L. 251 (ESG1),https://www.cmfchile.cl/normativa/cir_179_1982.pdf
1982-01-01,178,ESTABLECE NORMAS SOBRE PRESENTACION DE MONTOS INTERMEDIADOS POR CORREDORES DE BOLSA (BV Y CB),https://www.cmfchile.cl/normativa/cir_178_1982.pdf
1982-01-01,177,INSCRIPCIONES Y CANCELACIONES DE CORREDORES DE SEGURO. INSTRUYE ENVIO ORIGINAL DE POLIZA DE RESPONSABILIDAD CIVIL (MS),https://www.cmfchile.cl/normativa/cir_177_1982.pdf
1982-01-01,176,CLASIFICA AGENTES PROFESIONALES SEGUROS PRIMER GRUPO AÑO 1982 (MS),https://www.cmfchile.cl/normativa/cir_176_1982.pdf
1982-01-01,175,CLASIFICA AGENTES PROFESIONALES SEGUROS SEGUNDO GRUPO AÑO 1982 (MS),https://www.cmfchile.cl/normativa/cir_175_1982.pdf
1982-01-01,174,APORTES D.L. 1.757 (ESG1),https://www.cmfchile.cl/normativa/cir_174_1982.pdf
1982-01-01,173,APRUEBA MODIFICACIONES A POLIZA ACCIDENTES PERSONALES (MS),https://www.cmfchile.cl/normativa/cir_173_1982.pdf
1982-01-01,172,APRUEBA ADICIONAL BENEFICIO DIARIO POR HOSPITALIZACION (MS),https://www.cmfchile.cl/normativa/cir_172_1982.pdf
1982-01-01,171,"APRUEBA ADICIONAL DAÑOS MATERIALES POR EXPLOSION, A POLIZA INCENDIO(MS)",https://www.cmfchile.cl/normativa/cir_171_1982.pdf
1982-01-01,170,INFORMA RESPECTO A INSCRIPCIONES VIGENTES EN REGISTRO DE CORREDORES DE SEGUROS(MS),https://www.cmfchile.cl/normativa/cir_170_1982.pdf
1982-01-01,169,ESTABLECE OPERATORIA A SEGUIR FRENTE A OCURRENCIA DE EVENTOS QUE ALTEREN EL PRECIO DE MERCADO DE ACCIONES QUE FORMEN PARTE DE CARTERA DE FONDOS MUTUOS Y FONDOS DE CAPITALIZACION (AFM),https://www.cmfchile.cl/normativa/cir_169_1982.pdf
1982-01-01,168,DESIGNA LIQUIDADORES OFICIALES SINIESTROS (MS),https://www.cmfchile.cl/normativa/cir_168_1982.pdf
1982-01-01,167,INFORMACION PERIODICA DE ENTIDADES ASEGURADORAS Y REASEGURADORAS Y POLITICA DE SANCIONES Y MULTAS(MS),https://www.cmfchile.cl/normativa/cir_167_1982.pdf
1982-01-01,166,DESIGNA LIQUIDADORES OFICIALES SINIESTROS Y CANCELA NOMBRAMIENTOS (MS),https://www.cmfchile.cl/normativa/cir_166_1982.pdf
1982-01-01,165,ESTABLECE FECU PARA PRESENTACION DE ESTADOS FINANCIEROS TRIMESTRALES DE CORREDORES DE BOLSA Y AGENTES DE VALORES (IV),https://www.cmfchile.cl/normativa/cir_165_1982.pdf
1982-01-01,164,APORTE FISCAL CUERPOS BOMBEROS (BOMB),https://www.cmfchile.cl/normativa/cir_164_1982.pdf
1982-01-01,163,INSCRIPCIONES Y CANCELACIONES DE CORREDORES DE SEGUROS (MS),https://www.cmfchile.cl/normativa/cir_163_1982.pdf
1982-01-01,162,ESTABLECE OBLIGACION DE COMUNICAR EXCESOS DE INVERSION (A.F.M.),https://www.cmfchile.cl/normativa/cir_162_1982.pdf
1982-01-01,161,APRUEBA MODELO POLIZA SEGURO VIDA PLAN MANCOMUNADO )MS),https://www.cmfchile.cl/normativa/cir_161_1982.pdf
1982-01-01,160,APORTES D.L. 1.757 (ESG1),https://www.cmfchile.cl/normativa/cir_160_1982.pdf
1982-01-01,159,RER Y CR (MS),https://www.cmfchile.cl/normativa/cir_159_1982.pdf
1982-01-01,9,"MODIFICA NORMA DE CARACTER GENERAL NRO 5, DE 1982 (IV)",https://www.cmfchile.cl/normativa/ncg_9_1982.pdf
1982-01-01,10,"MODIFICA Y COMPLEMENTA NORMA DE CARACTER GENERAL NRO 2, DE 1981 (IV)",https://www.cmfchile.cl/normativa/ncg_10_1982.pdf
1982-01-01,158,"ADJUNTA TEXTO ACTUALIZADO D.F.L. 251, INCLUYENDO MODIFICACIONES DE D.LS. 3.057, 3538 Y LEY 18.046 (MS)",https://www.cmfchile.cl/normativa/cir_158_1982.pdf
1982-01-01,157,APRUEBA MODELO POLIZA SEGURO RENTAS EDUCACIONALES (MS),https://www.cmfchile.cl/normativa/cir_157_1982.pdf
1982-01-01,156,PROVISION PRIMAS VENCIDAS COMPAÑIAS REASEGURADORAS (ER),https://www.cmfchile.cl/normativa/cir_156_1982.pdf
1982-01-01,155,INSCRIPCIONES Y CANCELACIONES CORREDORES DE SEGUROS (MS),https://www.cmfchile.cl/normativa/cir_155_1982.pdf
1982-01-01,154,INVERSION DE RESERVA DE REASEGURO EXTRANJERO(ES),https://www.cmfchile.cl/normativa/cir_154_1982.pdf
1982-01-01,153,RER Y CR (MS),https://www.cmfchile.cl/normativa/cir_153_1982.pdf
1982-01-01,152,OBLIGATORIEDAD DE IDENTIFICAR APROBACION DE POLIZAS (ES),https://www.cmfchile.cl/normativa/cir_152_1982.pdf
1982-01-01,8,"MODIFICA NORMA DE CARACTER GENERAL NRO 3, DE 1982 (SAA Y EVOP)",https://www.cmfchile.cl/normativa/ncg_8_1982.pdf
1982-01-01,151,APRUEBA MODELO POLIZA MISCELANEA SEGURO PERSONAL COMPRENSIVO(MS),https://www.cmfchile.cl/normativa/cir_151_1982.pdf
1982-01-01,150,INFORMA NOMINA CORREDORES DE SEGUROS (MS),https://www.cmfchile.cl/normativa/cir_150_1982.pdf
1982-01-01,149,COMPLEMENTA NORMA SOBRE PUBLICIDAD E INFORMACION A PARTICIPES DE FONDOS MUTUOS (AFM),https://www.cmfchile.cl/normativa/cir_149_1982.pdf
1982-01-01,148,DESIGNA LIQUIDADORES OFICIALES SINIESTROS Y CANCELA NOMBRAMIENTOS (MS),https://www.cmfchile.cl/normativa/cir_148_1982.pdf
1982-01-01,147,APORTES D.L. 1.757 (ESG1),https://www.cmfchile.cl/normativa/cir_147_1982.pdf
1982-01-01,146,APRUEBA POLIZA SEGURO GARANTIA CORREDORES DE BOLSA Y AGENTES DE VALORES (MS),https://www.cmfchile.cl/normativa/cir_146_1982.pdf
1982-01-01,7,"MODIFICA Y COMPLEMENTA NORMA DE CARACTER GENERAL NRO 2, DE 1981 (IV)",https://www.cmfchile.cl/normativa/ncg_7_1982.pdf
1982-01-01,145,RER Y CR (MS),https://www.cmfchile.cl/normativa/cir_145_1982.pdf
1982-01-01,144,CLASIFICA AGENTE PROFESIONAL SEGUROS SEGUNDO GRUPO AÑO 1981 Y DEJA SIN EFECTO CLASIFICACION DEL MISMO TIPO (MS),https://www.cmfchile.cl/normativa/cir_144_1982.pdf
1982-01-01,143,CLASIFICA AGENTE PROFESIONAL SEGUROS PRIMER GRUPO AÑO 1981 Y DEJA SIN EFECTO CLASIFICACION DEL MISMO TIPO (MS),https://www.cmfchile.cl/normativa/cir_143_1982.pdf
1982-01-01,142,ESTABLECE NUEVA FECU PARA PRESENTACION DE ESTADOS FINANCIEROS MENSUALES DE FONDOS MUTUOS Y FONDOS DE CAPITALIZACION (AFM),https://www.cmfchile.cl/normativa/cir_142_1982.pdf
1982-01-01,6,"MODIFICA Y COMPLEMENTA NORMA DE CARACTER GENERAL NRO 3, DE 1982 (SAA Y EVOP)",https://www.cmfchile.cl/normativa/ncg_6_1982.pdf
1982-01-01,5,NORMAS SOBRE CONDICIONES DE LIQUIDEZ Y SOLVENCIA PARA CORREDORES DE BOLSA Y AGENTES DE VALORES (IV),https://www.cmfchile.cl/normativa/ncg_5_1982.pdf
1982-01-01,141,EL DINERO QUE POR CUALQUIER CONCEPTO PERCIBAN LAS COMPAÑIAS ASEGURADORAS CON EL FIN DE ASUMIR RIESGOS SERA CONSIDERADO COMO PRIMA PARA TODO LOS EFECTOS QUE DE ELLO SE DERIVE  (ES),https://www.cmfchile.cl/normativa/cir_141_1982.pdf
1982-01-01,140,APRUEBA MODELO POLIZA SEGURO COLECTIVO ACCIDENTES PERSONALES EN VIAJE (MS),https://www.cmfchile.cl/normativa/cir_140_1982.pdf
1982-01-01,139,PROVISION DE PRIMAS Y DOCUMENTOS (ES),https://www.cmfchile.cl/normativa/cir_139_1982.pdf
1982-01-01,138,INSCRIPCION OFICIAL CORREDORES SEGUROS (MS),https://www.cmfchile.cl/normativa/cir_138_1982.pdf
1982-01-01,137,IMPARTE INSTRUCCIONES PARA REPARTO DE BENEFICIOS (AFM),https://www.cmfchile.cl/normativa/cir_137_1982.pdf
1982-01-01,136,APORTES D.L. 1.757 (ESG1),https://www.cmfchile.cl/normativa/cir_136_1982.pdf
1982-01-01,135,APRUEBA MODELO POLIZAS SEGURO SALUD PLAN ESPECIAL Y PLAN INTERNACIONAL(MS),https://www.cmfchile.cl/normativa/cir_135_1982.pdf
1982-01-01,134,NORMAS INTERNAS DE LAS BOLSAS DE VALORES Y CAMBIO DE HORARIO DE LAS RUEDAS (BV),https://www.cmfchile.cl/normativa/cir_134_1982.pdf
1982-01-01,133,INSCRIPCION OFICIAL CORREDORES SEGUROS (MS),https://www.cmfchile.cl/normativa/cir_133_1982.pdf
1982-01-01,132,"APRUEBA MODELO POLIZA ACCIDENTES PERSONALES, ADICIONAL A SEGURO VIDA TEMPORAL REAJUSTABLE Y RENOVABLE (MS)",https://www.cmfchile.cl/normativa/cir_132_1982.pdf
1982-01-01,131,DESIGNA LIQUIDADORES OFICIALES SINIESTROS (MS),https://www.cmfchile.cl/normativa/cir_131_1982.pdf
1982-01-01,130,APORTES D.L. 1.757 (ESG1),https://www.cmfchile.cl/normativa/cir_130_1982.pdf
1982-01-01,129,RER Y CR (MS),https://www.cmfchile.cl/normativa/cir_129_1982.pdf
1982-01-01,128,APRUEBA MODELO POLIZA SEGURO VEHICULOS MOTORIZADOS  (MS),https://www.cmfchile.cl/normativa/cir_128_1982.pdf
1982-01-01,127,APRUEBA MODELO POLIZA SEGURO DE TITULO (MS),https://www.cmfchile.cl/normativa/cir_127_1982.pdf
1982-01-01,449,REINCORPORACION AUTOMATICA DE ACCIONES SUSPENDIDAS DE COTIZACION (BV),https://www.cmfchile.cl/normativa/ofc_449_1982.pdf
1982-01-01,126,APORTE FISCAL CUERPOS BOMBEROS (BOMB),https://www.cmfchile.cl/normativa/cir_126_1982.pdf
1982-01-01,125,INSCRIPCIONES Y CANCELACIONES DE CORREDORES Y PRODUCTORES DE SEGUROS (MS),https://www.cmfchile.cl/normativa/cir_125_1982.pdf
1982-01-01,124,REEMPLAZA TITULO V MODELO POLIZA SEGURO OBLIGATORIO RESPONSABILIDAD CIVIL POR DAÑOS A TERCEROS (MS),https://www.cmfchile.cl/normativa/cir_124_1982.pdf
1982-01-01,123,DESIGNA LIQUIDADORES OFICIALES SINIESTROS (MS),https://www.cmfchile.cl/normativa/cir_123_1982.pdf
1982-01-01,122,PRESENTACION DE FECUS Y ANEXOS EN DUPLICADO (ES),https://www.cmfchile.cl/normativa/cir_122_1982.pdf
1982-01-01,121,SOLICITA NOMINA CORREDORES DE SEGUROS (EX - PRODUCTORES DE SEGUROS)(MS),https://www.cmfchile.cl/normativa/cir_121_1982.pdf
1982-01-01,120,"APRUEBA MODELO POLIZA SEGURO OBLIGATORIO RESPONSABILIDAD CIVIL DAÑOS A TERCEROS (D.F:L. 151, DE 1981)(ES Y CS)",https://www.cmfchile.cl/normativa/cir_120_1982.pdf
1982-01-01,119,RER Y CR (MS),https://www.cmfchile.cl/normativa/cir_119_1982.pdf
1982-01-01,118,"ESTABLECE MODELO CERTIFICADO SEGURO OBLIGATORIO RESPONSABILIDAD CIVIL POR DAÑOS A TERCEROS (D.LS. 3.252 Y 3.558, DE 1980 Y D.F.L. 151, DE 1981)(ES Y CS)",https://www.cmfchile.cl/normativa/cir_118_1982.pdf
1982-01-01,117,ANULA CLASIFICACION COMO AGENTE PROFESIONAL SEGUROS SEGUNDO GRUPO Y LO CLASIFICA COMO AGENTE PROFESIONAL SEGUROS PRIMER GRUPO(MS),https://www.cmfchile.cl/normativa/cir_117_1982.pdf
1982-01-01,116,INSCRIPCION OFICIAL CORREDORES SEGUROS (ES Y CS),https://www.cmfchile.cl/normativa/cir_116_1982.pdf
1982-01-01,115,RER Y CR (MS),https://www.cmfchile.cl/normativa/cir_115_1982.pdf
1982-01-01,4,NORMAS SOBRE EMISION DE BONOS (EVOP),https://www.cmfchile.cl/normativa/ncg_4_1982.pdf
1982-01-01,3,NORMAS PARA LA INSCRIPCION EN REGISTRO DE VALORES (SAA Y EVOP),https://www.cmfchile.cl/normativa/ncg_3_1982.pdf
1982-01-01,114,"AMPLIA PLAZO A QUE SE REFIERE CIRCULAR 81, DE 1981 (ES Y CS)",https://www.cmfchile.cl/normativa/cir_114_1982.pdf
1982-01-01,113,IMPARTE INSTRUCCIONES A SOCIEDADES QUE SE HAN DECLARADO EN CESACION DE PAGOS (SIBV),https://www.cmfchile.cl/normativa/cir_113_1982.pdf
1982-01-01,112,APORTES D.L. 1.757 (ESG1),https://www.cmfchile.cl/normativa/cir_112_1982.pdf
1981-01-01,111,INSCRIPCIONES DE  CORREDORES DE SEGUROS Y CANCELACIONES DE PRODUCTORES Y CORREDORES SEGUROS (MS),https://www.cmfchile.cl/normativa/cir_111_1981.pdf
1981-01-01,110,DESIGNA LIQUIDADORES OFICIALES SINIESTROS (MS),https://www.cmfchile.cl/normativa/cir_110_1981.pdf
1981-01-01,2,REGISTRO DE CORREDORES DE BOLSA Y AGENTES DE VALORES (IV),https://www.cmfchile.cl/normativa/ncg_2_1981.pdf
1981-01-01,109,"IMPARTE INSTRUCCIONES SOBRE FORMA REVELAR TRANSACCIONES ENTRE PARTES RELACIONADAS (VERSION MODIFICADA Y PUESTA AL DIA DE CIRCULAR 1610)(SIBV Y RV, AFM Y ES)",https://www.cmfchile.cl/normativa/cir_109_1981.pdf
1981-01-01,108,INFORMES FINANCIEROS PARA PRESENTACION AL PUBLICO (FIJA TEXTO REFUNDIDO CIRCULAR 1614)(ES),https://www.cmfchile.cl/normativa/cir_108_1981.pdf
1981-01-01,107,PRORROGA AUTORIZACION PARA OPERAR COMO LIQUIDADORES SINIESTROS (MS),https://www.cmfchile.cl/normativa/cir_107_1981.pdf
1981-01-01,106,APORTES D.L. 1.757 (ESG1),https://www.cmfchile.cl/normativa/cir_106_1981.pdf
1981-01-01,105,DESIGNA LIQUIDADORES OFICIALES SINIESTROS (MS),https://www.cmfchile.cl/normativa/cir_105_1981.pdf
1981-01-01,104,COMPLEMENTA Y REITERA NORMAS DE PUBLICIDAD E INFORMACION A PARTICIPES DE FONDOS MUTUOS (AFM),https://www.cmfchile.cl/normativa/cir_104_1981.pdf
1981-01-01,103,NOTAS A ESTADOS TRIMESTRALES (ESG2),https://www.cmfchile.cl/normativa/cir_103_1981.pdf
1981-01-01,102,"ACLARACION CIRCULAR 085 (SIBV Y RV, AFM, ES)",https://www.cmfchile.cl/normativa/cir_102_1981.pdf
1981-01-01,101,"IMPARTE INSTRUCCIONES SOBRE PRESENTACION DE GASTOS FINANCIEROS (SIBV Y RV, AFM)",https://www.cmfchile.cl/normativa/cir_101_1981.pdf
1981-01-01,100,PROVISION PRIMAS Y DOCUMENTOS (ES),https://www.cmfchile.cl/normativa/cir_100_1981.pdf
1981-01-01,99,APRUEBA MODELO ADICIONAL SEGURO VEHICULOS MOTORIZADOS (MS),https://www.cmfchile.cl/normativa/cir_99_1981.pdf
1981-01-01,98,APORTES D.L. 1.757 (ESG1),https://www.cmfchile.cl/normativa/cir_98_1981.pdf
1981-01-01,97,FORMULA RECOMENDACIONES PARA OPORTUNO CUMPLIMIENTO PLANES DE CAPITALIZACION DE ENTIDADES ASEGURADORAS (MS),https://www.cmfchile.cl/normativa/cir_97_1981.pdf
1981-01-01,96,RER Y CR (MS),https://www.cmfchile.cl/normativa/cir_96_1981.pdf
1981-01-01,95,APRUEBA MODELO POLIZA SEGURO MEDICO INTEGRAL ISAPRE MS),https://www.cmfchile.cl/normativa/cir_95_1981.pdf
1981-01-01,94,APORTE FISCAL CUERPOS BOMBEROS (BOMB),https://www.cmfchile.cl/normativa/cir_94_1981.pdf
1981-01-01,93,"MODIFICA CIRCULAR NRO 1575, DE 1980, SOBRE ENTREGA DE FECU (SIBV Y RV)",https://www.cmfchile.cl/normativa/cir_93_1981.pdf
1981-01-01,1,INTERMEDIACION FINANCIERA DE EFECTOS DE COMERCIO (EPF),https://www.cmfchile.cl/normativa/ncg_1_1981.pdf
1981-01-01,92,DEJA SIN EFECTO CLASIFICACION AGENTES PROFESIONALES SEGUROS SEGUNDO GRUPO AÑO 1981 (MS),https://www.cmfchile.cl/normativa/cir_92_1981.pdf
1981-01-01,91,DEJA SIN EFECTO CLASIFICACION AGENTES PROFESIONALES SEGUROS PRIMER GRUPO AÑO 1981(MS),https://www.cmfchile.cl/normativa/cir_91_1981.pdf
1981-01-01,90,CLASIFICA AGENTES PROFESIONALES SEGUROS SEGUNDO GRUPO AÑO 1981(MS),https://www.cmfchile.cl/normativa/cir_90_1981.pdf
1981-01-01,89,CLASIFICA AGENTES PROFESIONALES SEGUROS PRIMER GRUPO AÑO 1981 (MS),https://www.cmfchile.cl/normativa/cir_89_1981.pdf
1981-01-01,88,CLASIFICA AGENTE PROFESIONAL SEGUROS PRIMER GRUPO AÑO 1981 (MS),https://www.cmfchile.cl/normativa/cir_88_1981.pdf
1981-01-01,87,APORTES D.L. 1.757 (ESG1),https://www.cmfchile.cl/normativa/cir_87_1981.pdf
1981-01-01,86,"IMPARTE NORMAS SOBRE FORMA Y CONTENIDO DE LOS ESTADOS FINANCIEROS PRESENTADOS POR LAS EMPRESAS QUE SEÑALA (FIJA TEXTO CIRCULAR  NRO 1460)(SIBV Y RV, AFM)",https://www.cmfchile.cl/normativa/cir_86_1981.pdf
1981-01-01,85,"NORMAS SOBRE VALORIZACION INVERSIONES EN ACCIONES Y DERECHOS EN OTRAS SOCIEDADES (FIJA TEXTO REFUNDIDO CIRCULAR 1530)(SIBV Y RV, AFM Y ES)",https://www.cmfchile.cl/normativa/cir_85_1981.pdf
1981-01-01,84,RER Y CR (MS),https://www.cmfchile.cl/normativa/cir_84_1981.pdf
1981-01-01,83,APRUEBA MODELO POLIZA SEGURO MEDICO CON SEGURO VIDA ADICIONAL (MS),https://www.cmfchile.cl/normativa/cir_83_1981.pdf
1981-01-01,82,RER Y CR (MS),https://www.cmfchile.cl/normativa/cir_82_1981.pdf
1981-01-01,81,NORMAS SOBRE CORREDORES SEGUROS (ES Y CS),https://www.cmfchile.cl/normativa/cir_81_1981.pdf
1981-01-01,80,APRUEBA MODELO POLIZA RESPONSABILIDAD CIVIL CORREDORES SEGUROS (MS),https://www.cmfchile.cl/normativa/cir_80_1981.pdf
1981-01-01,79,"DEJA SIN EFECTO POLIZA TODO RIESGO BIENES FISICOS APROBADA POR CIRCULAR 056, DE 1981(MS)",https://www.cmfchile.cl/normativa/cir_79_1981.pdf
1981-01-01,78,APORTES D.L. 1.757 (ESG1),https://www.cmfchile.cl/normativa/cir_78_1981.pdf
1981-01-01,77,"NORMAS SOBRE TRATAMIENTO DE GASTOS DIFERIDOS (SIBV Y RV, AFM Y ES)",https://www.cmfchile.cl/normativa/cir_77_1981.pdf
1981-01-01,76,APRUEBA MODIFICACION ARTICULO 10 POLIZA SEGURO INCENDIO DE USO OPTATIVO (MS),https://www.cmfchile.cl/normativa/cir_76_1981.pdf
1981-01-01,75,"INFORMACION SOBRE CAMBIO AUDITORES EXTERNOS (SIBV Y RV, AFM Y ES)",https://www.cmfchile.cl/normativa/cir_75_1981.pdf
1981-01-01,74,MODIFICA POLIZA SEGURO VEHICULOS MOTORIZADOS APROBADA POR CIRCULAR 1493(MS),https://www.cmfchile.cl/normativa/cir_74_1981.pdf
1981-01-01,73,APRUEBA MODELO POLIZA RESPONSABILIDAD CIVIL AMPLIA(MS),https://www.cmfchile.cl/normativa/cir_73_1981.pdf
1981-01-01,72,MODIFICA ARTICULO 3 POLIZA RESPONSABILIDAD CIVIL (MS),https://www.cmfchile.cl/normativa/cir_72_1981.pdf
1981-01-01,71,RESPONSABILIDAD DE LAS FIRMAS DE AUDITORIA SOBRE CONTENIDO DE LAS NOTAS A LOS ESTADOS FINANCIEROS (EA),https://www.cmfchile.cl/normativa/cir_71_1981.pdf
1981-01-01,70,APORTES CANCELACION HONORARIOS PERITOS INCENDIO ART. 36 D.F.L. 251(ESG1),https://www.cmfchile.cl/normativa/cir_70_1981.pdf
1981-01-01,69,RER Y CR (MS),https://www.cmfchile.cl/normativa/cir_69_1981.pdf
1981-01-01,68,SOLICITA ENVIO EJEMPLARES POLIZAS Y ADICIONALES DE VIDA(ESG2),https://www.cmfchile.cl/normativa/cir_68_1981.pdf
1981-01-01,67,DESIGNA LIQUIDADORES OFICIALES SINIESTROS (MS),https://www.cmfchile.cl/normativa/cir_67_1981.pdf
1981-01-01,66,RER Y CR (MS),https://www.cmfchile.cl/normativa/cir_66_1981.pdf
1981-01-01,65,RER Y CR (MS),https://www.cmfchile.cl/normativa/cir_65_1981.pdf
1981-01-01,64,APORTES D.L. 1.757 (ESG1),https://www.cmfchile.cl/normativa/cir_64_1981.pdf
1981-01-01,63,PRESENTACION DE ESTADOS DE SITUACION TRIMESTRALES Y DE ESTADOS FINANCIEROS ANUALES  (AFM),https://www.cmfchile.cl/normativa/cir_63_1981.pdf
1981-01-01,62,EXIGE NOTAS A LOS ESTADOS DE SITUACION TRIMESTRALES QUE INDICA (SIB Y RV.),https://www.cmfchile.cl/normativa/cir_62_1981.pdf
1981-01-01,61,"INFORMACION SOBRE RESERVA SINIESTROS, REASEGURO CEDIDO, RESERVA REASEGURO EXTRANJERO Y MOVIMIENTO DIVISAS (ES)",https://www.cmfchile.cl/normativa/cir_61_1981.pdf
1981-01-01,60,APRUEBA MODELO POLIZA SEGURO FAMILIAR(MS),https://www.cmfchile.cl/normativa/cir_60_1981.pdf
1981-01-01,59,R.E.R. (MS),https://www.cmfchile.cl/normativa/cir_59_1981.pdf
1981-01-01,58,FIJA NORMAS SOBRE INFORMACION DE TRANSACCIONES FUERA DE BOLSA EFECTUADAS POR FONDOS MUTUOS (AFM),https://www.cmfchile.cl/normativa/cir_58_1981.pdf
1981-01-01,57,"APRUEBA MODELO ADICIONAL (SEGURO TEMPORAL CON DEVOLUCION PRIMAS)  A POLIZA SEGURO VIDA APROBADA POR CIRCULAR 1482, DE 1979 (MS)",https://www.cmfchile.cl/normativa/cir_57_1981.pdf
1981-01-01,56,APRUEBA MODELO POLIZA TODO RIESGO BIENES FISICOS Y POLIZA FIANZA CUMPLIMIENTO (MS),https://www.cmfchile.cl/normativa/cir_56_1981.pdf
1981-01-01,55,APRUEBA ADICIONALES INTERRUPCION NEGOCIO COMERCIAL E INDUSTRIAL PARA POLIZA INCENDIO (MS),https://www.cmfchile.cl/normativa/cir_55_1981.pdf
1981-01-01,54,APORTE FISCAL CUERPOS BOMBEROS (BOMB),https://www.cmfchile.cl/normativa/cir_54_1981.pdf
1981-01-01,53,"APRUEBA ENDOSOS ADICIONALES A POLIZA VIDA APROBADA POR CIRCULAR 1604, DE 1980 (MS)",https://www.cmfchile.cl/normativa/cir_53_1981.pdf
1981-01-01,52,INFORMA INTERVENCION CIA. SEGUROS VIDA LOS ANDES Y OFRECIMIENTO DE CARTERA SEGUROS VIGENTES (MS),https://www.cmfchile.cl/normativa/cir_52_1981.pdf
1981-01-01,51,RER Y CR (MS),https://www.cmfchile.cl/normativa/cir_51_1981.pdf
1981-01-01,50,DESIGNA LIQUIDADORES OFICIALES SINIESTROS (MS),https://www.cmfchile.cl/normativa/cir_50_1981.pdf
1981-01-01,49,APORTES D.L. 1757 (ESG1),https://www.cmfchile.cl/normativa/cir_49_1981.pdf
1981-01-01,48,REQUIERE ANTECEDENTES SOBRE SOCIEDADES FILIALES (SATB),https://www.cmfchile.cl/normativa/cir_48_1981.pdf
1981-01-01,47,AUTORIZA REEMPLAZO ARTICULO 13 POLIZA GARANTIA CASAS DE CAMBIO (MS),https://www.cmfchile.cl/normativa/cir_47_1981.pdf
1981-01-01,46,APRUEBA MODELO POLIZA TODO RIESGO EQUIPO MOVIL CONTRATISTA (MS),https://www.cmfchile.cl/normativa/cir_46_1981.pdf
1981-01-01,45,"APRUEBA CLAUSULAS ADICIONALES INVALIDEZ TOTAL Y PERMANENTE, DOBLE INDEMNIZACION MUERTE ACCIDENTAL Y DOBLE INDEMNIZACION Y BENEFICIOS POR ACCIDENTE (MS)",https://www.cmfchile.cl/normativa/cir_45_1981.pdf
1981-01-01,44,APRUEBA MODELO POLIZA PARA CUBRIR PERDIDA EQUIPAJE Y/O ACCIDENTES PERSONALES EN VIAJE (MS),https://www.cmfchile.cl/normativa/cir_44_1981.pdf
1981-01-01,43,APRUEBA MODELO POLIZA SEGURO COLECTIVO SALUD Y ADICIONALES MATERNIDAD Y CONSULTAS MEDICAS (MS),https://www.cmfchile.cl/normativa/cir_43_1981.pdf
1981-01-01,42,CLASIFICA AGENTES PROFESIONALES SEGUROS SEGUNDO GRUPO AÑO 1981 (MS),https://www.cmfchile.cl/normativa/cir_42_1981.pdf
1981-01-01,41,APRUEBA MODELO POLIZA SEGURO GARANTIA (MS),https://www.cmfchile.cl/normativa/cir_41_1981.pdf
1981-01-01,40,APRUEBA MODELO CLAUSULA ADICIONAL INVALIDEZ TOTAL O PARCIAL PERMANENTE EN CASO ACCIDENTE(MS),https://www.cmfchile.cl/normativa/cir_40_1981.pdf
1981-01-01,39,MODIFICA POLIZA SEGURO TRANSPORTE TERRESTRE (MS),https://www.cmfchile.cl/normativa/cir_39_1981.pdf
1981-01-01,38,APRUEBA MODELO POLIZA SEGURO PARA PRODUCCION CEREALES(MS),https://www.cmfchile.cl/normativa/cir_38_1981.pdf
1981-01-01,37,CLASIFICA AGENTES PROFESIONALES SEGUROS PRIMER GRUPO AÑO 1981(MS),https://www.cmfchile.cl/normativa/cir_37_1981.pdf
1981-01-01,36,APORTES D.L. 1757 (ESG1),https://www.cmfchile.cl/normativa/cir_36_1981.pdf
1981-01-01,35,APRUEBA MODELO CLAUSULA ADICIONAL SEGURO INVALIDEZ(MS),https://www.cmfchile.cl/normativa/cir_35_1981.pdf
1981-01-01,34,CLASIFICA AGENTES PROFESIONALES SEGUROS SEGUNDO GRUPO AÑO 1981(MS),https://www.cmfchile.cl/normativa/cir_34_1981.pdf
1981-01-01,33,RESERVAS DE ASEGURADORES DEL SEGUNDO GRUPO(ESG2),https://www.cmfchile.cl/normativa/cir_33_1981.pdf
1981-01-01,32,DESIGNA LIQUIDADOR OFICIAL SINIESTROS (MS),https://www.cmfchile.cl/normativa/cir_32_1981.pdf
1981-01-01,31,IMPARTE INSTRUCCIONES SOBRE APROBACION DE PLANES DE INVERSION Y BENEFICIOS ANEXOS A LOS MISMOS (AFM),https://www.cmfchile.cl/normativa/cir_31_1981.pdf
1981-01-01,30,"ESTABLECE FORMA DE CONSIDERAR INVERSIONES EN ACCIONES DE SOCIEDADES SUSPENDIDAS DE COTIZACION BURSATIL L O QUE HAYAN DEJADO DE ESTAR INSCRITAS EN BOLSAS DE VALORES Y DE ACCIONES Y OTROS ACTIVOS NO AUTORIZADOS PARA SU ADQUISICION POR FONDOS MUTUOS Y SOCIEDADES DE CAPITALIZACION, QUE HAYAN SIDO ADQUIRIDOS COMO CONSECUENCIA DE REPARTOS O LIQUIDACIONES (AFM)",https://www.cmfchile.cl/normativa/cir_30_1981.pdf
1981-01-01,29,AUTORIZA REEMPLAZO CLAUSULA REAJUSTE VALORES EN MODELOS POLIZAS APROBADOS POR CIRCULARES 1416 Y 1482  (MS),https://www.cmfchile.cl/normativa/cir_29_1981.pdf
1981-01-01,28,APRUEBA MODELO POLIZA SEGURO VIDA(MS),https://www.cmfchile.cl/normativa/cir_28_1981.pdf
1981-01-01,27,APRUEBA CLAUSULA OPTATIVA PARA POLIZA SEGURO VIDA (MS),https://www.cmfchile.cl/normativa/cir_27_1981.pdf
1981-01-01,26,APORTES D.L. 1757(ESG1),https://www.cmfchile.cl/normativa/cir_26_1981.pdf
1981-01-01,25,CANCELACION HONORARIOS PERITOS INCENDIO ART.36 D.F.L. 251(ESG1),https://www.cmfchile.cl/normativa/cir_25_1981.pdf
1981-01-01,24,APRUEBA MODELO POLIZA SEGURO AFP (MS),https://www.cmfchile.cl/normativa/cir_24_1981.pdf
1981-01-01,23,RER Y CR (MS),https://www.cmfchile.cl/normativa/cir_23_1981.pdf
1981-01-01,22,APRUEBA MODELO POLIZA SEGURO PARA PRODUCCION FRUTICOLA (MS),https://www.cmfchile.cl/normativa/cir_22_1981.pdf
1981-01-01,21,RER Y CR (MS),https://www.cmfchile.cl/normativa/cir_21_1981.pdf
1981-01-01,20,RER Y CR (MS),https://www.cmfchile.cl/normativa/cir_20_1981.pdf
1981-01-01,19,APORTE FISCAL CUERPOS BOMBEROS(BOMB),https://www.cmfchile.cl/normativa/cir_19_1981.pdf
1981-01-01,18,ADJUNTA TRABAJO QUE INDICA (TEXTO COORDINADO Y SISTEMATIZADO NORMAS REGULADORAS COMPAÑIAS SEGUROS Y REASEGUROS)(MS),https://www.cmfchile.cl/normativa/cir_18_1981.pdf
1981-01-01,17,DESIGNA LIQUIDADORES OFICIALES SINIESTROS (MS),https://www.cmfchile.cl/normativa/cir_17_1981.pdf
1981-01-01,16,APORTES D.L. 1757(ESG1),https://www.cmfchile.cl/normativa/cir_16_1981.pdf
1981-01-01,15,R.ER Y CR (MS),https://www.cmfchile.cl/normativa/cir_15_1981.pdf
1981-01-01,14,APRUEBA MODELO DE POLIZA PARA COBERTURA INTEGRAL DE BANCOS (MS),https://www.cmfchile.cl/normativa/cir_14_1981.pdf
1981-01-01,13,RER YCR (MS),https://www.cmfchile.cl/normativa/cir_13_1981.pdf
1981-01-01,12,"MODIFICA CLAUSULA OPTATIVA EN MODELO POLIZA VEHICULOS MOTORIZADOS INCLUIDA POR CIRCULAR 1559, DE 1980.",https://www.cmfchile.cl/normativa/cir_12_1981.pdf
1981-01-01,11,"APRUEBA CLAUSULA ALTERNATIVA A CLAUSULA RESOLUCION CONTRATO, EN TODOS LOS MODELOS DE POLIZA QUE CONTENGAN ESTA ULTIMA(MS)",https://www.cmfchile.cl/normativa/cir_11_1981.pdf
1981-01-01,10,APORTES D.L. 1757 (ESG1),https://www.cmfchile.cl/normativa/cir_10_1981.pdf
1981-01-01,9,RER Y CR (MS),https://www.cmfchile.cl/normativa/cir_9_1981.pdf
1981-01-01,8,DESIGNA LIQUIDADORES OFICIALES SINIESTROS(MS),https://www.cmfchile.cl/normativa/cir_8_1981.pdf
1981-01-01,7,DESIGNA LIQUIDADORES OFICIALES SINIESTROS(MS),https://www.cmfchile.cl/normativa/cir_7_1981.pdf
1981-01-01,6,APORTES D.L. 1757(ESG1),https://www.cmfchile.cl/normativa/cir_6_1981.pdf
1981-01-01,5,APORTE FISCAL CUERPOS BOMBEROS (CUERPOS DE BOMBEROS DEL PAIS) (BOMB),https://www.cmfchile.cl/normativa/cir_5_1981.pdf
1981-01-01,4,REGLAMENTA AMPLIACION DE NOMBRAMIENTO DE PRODUCTORES DE SEGUROS(MS),https://www.cmfchile.cl/normativa/cir_4_1981.pdf
1981-01-01,3,MODIFICA MODELO POLIZA INCENDIO Y APRUEBA ADICIONALES A COBERTURA(MS),https://www.cmfchile.cl/normativa/cir_3_1981.pdf
1981-01-01,2,RER Y CR (MS),https://www.cmfchile.cl/normativa/cir_2_1981.pdf
1981-01-01,1,APORTES D.L 1757 (ESG1),https://www.cmfchile.cl/normativa/cir_1_1981.pdf
1980-01-01,3560,INSTRUYE SOBRE PRESENTACION DE CIFRAS CORRESPONDIENTES A VENTAS DE EFECTOS DE COMERCIO Y CLASIFICACION DE LAS SOCIEDADES ANONIMAS INSCRITAS EN LAS BOLSAS DE VALORES SEGUN RUBRO DE ACTIVIDAD ECONOMICA (BV),https://www.cmfchile.cl/normativa/ofc_3560_1980.pdf
1980-01-01,1571,AUTORIZA RETASACION TECNICA DEL ACTIVO FIJO AL 31 DE DICIEMBRE DE 1980 (SAF),https://www.cmfchile.cl/normativa/cir_1571_1980.pdf
1979-01-01,1540,TABLA DE MORTALIDAD R-70 PARA SEGUROS DE RENTAS (ESG2),https://www.cmfchile.cl/normativa/cir_1540_1979.pdf
1979-01-01,1538,AUTORIZA RETASACION TECNICA DEL ACTIVO FIJO (VIGENTES SOLAMENTE INSTRUCCIONES CONTABLES) (ES),https://www.cmfchile.cl/normativa/cir_1538_1979.pdf
1979-01-01,3251,IMPARTE INSTRUCCIONES SOBRE AGENTES COLOCADORES DE CUOTAS DE FONDOS MUTUOS,https://www.cmfchile.cl/normativa/ofc_3251_1979.pdf
1979-01-01,1529,RETASACION TECNICA DEL ACTIVO FIJO (VIGENTE SOLO INSTRUCCIONES CONTABLES)(SAF SALVO ES),https://www.cmfchile.cl/normativa/cir_1529_1979.pdf
1979-01-01,1510,INSTRUCCION SOBRE METODO PARA CONSTITUCION DE RESERVAS MATEMATICAS (ESG2),https://www.cmfchile.cl/normativa/cir_1510_1979.pdf
1979-01-01,1504,EMISION DE POLIZAS SEGUROS PRIMER GRUPO EN USR (CSG1),https://www.cmfchile.cl/normativa/cir_1504_1979.pdf
