clave,fecha,tipo_acuerdo,tema,descripcion_cmf,url
2026_0564,2026-04-20,Modificación NCG,MODIFICA NORMA DE CARÁCTER GENERAL N°550,"EJECUTA ACUERDO DEL CONSEJO DE LA COMISIÓN PARA EL MERCADO FINANCIERO QUE MODIFICA LA NORMA DE CARÁCTER GENERAL N°550, POSTERGANDO SU VIGENCIA Y EXIME DE LOS TRÁMITES DEL INCISO 1 DEL N°3 DEL ARTÍCULO 20 DEL D.L. N°3.538 DE 1980.",https://www.cmfchile.cl/normativa/ncg_564_2026.pdf
2026_0563,2026-04-20,Modificación NCG,MODIFICA NORMA DE CARÁCTER GENERAL N°549,"EJECUTA ACUERDO DEL CONSEJO DE LA COMISIÓN PARA EL MERCADO FINANCIERO QUE MODIFICA LA NORMA DE CARÁCTER GENERAL N°549, POSTERGANDO SU VIGENCIA Y EXIME DE LOS TRÁMITES DEL INCISO 1 DEL N°3 DEL ARTÍCULO 20 DEL D.L. N°3.538 DE 1980.",https://www.cmfchile.cl/normativa/ncg_563_2026.pdf
2026_0562,2026-04-20,Nueva Normativa,"ESTABLECE NORMA SOBRE REQUISITOS DE PATRIMONIO MÍNIMO, GARANTÍAS, LIQUIDEZ Y ENDEUDAMIENTO PARA INTERMEDIARIOS DE VALORES Y CORREDORES DE BOLSA DE PRODUCTOS. DEROGA NORMA DE CARACTER GENERAL N°18, CIRCULAR N°632 Y CIRCULAR N°695","EJECUTA ACUERDO DEL CONSEJO DE LA COMISIÓN PARA EL MERCADO FINANCIERO QUE APRUEBA NUEVA NORMATIVA QUE IMPARTE INSTRUCCIONES SOBRE PATRIMONIO MÍNIMO, GARANTÍAS, LIQUIDEZ Y ENDEUDAMIENTO PARA INTERMEDIARIOS DE VALORES Y CORREDORES DE BOLSA DE PRODUCTOS Y QUE DEROGA LA NCG N°18, LA CIRCULAR N° 632 DE 1986 Y LA CIRCULAR N° 695 DE 1987.",https://www.cmfchile.cl/normativa/ncg_562_2026.pdf
2026_2369,2026-02-09,Otro,,"EJECUTA ACUERDO DEL CONSEJO DE LA COMISIÓN PARA EL MERCADO FINANCIERO QUE APRUEBA EMISIÓN DE CIRCULAR QUE MODIFICA CIRCULAR N°1459, QUE IMPARTE NORMAS SOBRE CERTIFICADO SEGURO OBLIGATORIO LEY Nº18.490 y CIRCULAR N°2121, QUE IMPARTE NORMAS SOBRE EL SEGURO OBLIGATORIO DE ACCIDENTES PERSONALES CAUSADOS POR VEHÍCULOS MOTORIZADOS CON MATRÍCULA EXTRANJERA DEL ARTÍCULO 60 DE LA LEY Nº18.290, Y ESTABLECE FORMATO Y CONTENIDO DEL CERTIFICADO DEL SEGURO.",https://www.cmfchile.cl/normativa/cir_2369_2026.pdf
2026_2368,2026-01-30,Otro,,"EJECUTA ACUERDO DEL CONSEJO DE LA COMISIÓN PARA EL MERCADO FINANCIERO QUE APRUEBA LA CIRCULAR QUE ACTUALIZA LA NORMATIVA QUE INDICA, SOBRE PREVENCIÓN DEL LAVADO DE ACTIVOS, FINANCIAMIENTO AL TERRORISMO Y LA NO PROLIFERACIÓN DE ARMAS DE DESTRUCCIÓN MASIVA APLICABLE A BANCOS, COOPERATIVAS Y EMISORES DE TARJETAS DE PAGO NO BANCARIAS EN CONCORDANCIA CON LA CIRCULAR N° 62 DE LA UNIDAD DE ANÁLISIS FINANCIERO, QUE SISTEMATIZA Y ACTUALIZA INSTRUCCIONES A LOS SUJETOS OBLIGADOS.",https://www.cmfchile.cl/normativa/cir_2368_2026.pdf
2025_0557,2025-12-10,Otro,,"EJECUTA ACUERDO DEL CONSEJO DE LA COMISIÓN PARA EL MERCADO FINANCIERO QUE APRUEBA EMISIÓN DE NORMA DE CARÁCTER GENERAL QUE ESTABLECE NORMAS PARA SEGUROS DE CONDOMINIOS DEL ARTÍCULO 43 DE LA LEY N°21.442 Y DE NORMA QUE MODIFICA NORMA DE CARÁCTER GENERAL N°469, QUE REGULA LA CONTRATACIÓN INDIVIDUAL Y COLECTIVA DE SEGUROS ASOCIADOS A CRÉDITOS HIPOTECARIOS DEL ARTÍCULO 40 DEL D.F.L. N°251.",https://www.cmfchile.cl/normativa/ncg_557_2025.pdf
2025_0556,2025-12-10,Otro,,"EJECUTA ACUERDO DEL CONSEJO DE LA COMISIÓN PARA EL MERCADO FINANCIERO QUE APRUEBA EMISIÓN DE NORMA DE CARÁCTER GENERAL QUE ESTABLECE NORMAS PARA SEGUROS DE CONDOMINIOS DEL ARTÍCULO 43 DE LA LEY N°21.442 Y DE NORMA QUE MODIFICA NORMA DE CARÁCTER GENERAL N°469, QUE REGULA LA CONTRATACIÓN INDIVIDUAL Y COLECTIVA DE SEGUROS ASOCIADOS A CRÉDITOS HIPOTECARIOS DEL ARTÍCULO 40 DEL D.F.L. N°251.",https://www.cmfchile.cl/normativa/ncg_556_2025.pdf
2025_0553,2025-11-10,Modificación NCG,,"EJECUTA ACUERDO DEL CONSEJO DE LA COMISIÓN PARA EL MERCADO FINANCIERO QUE APRUEBA LA EMISIÓN DE NORMA DE CARÁCTER GENERAL QUE MODIFICA LA NORMA DE CARÁCTER GENERAL N°243, QUE IMPARTE INSTRUCCIONES RELATIVAS A LA CONSTITUCIÓN DE RESERVAS TÉCNICAS EN EL SEGURO DE INVALIDEZ Y SOBREVIVENCIA DEL D.L. N°3.500, DE 1980.",https://www.cmfchile.cl/normativa/ncg_553_2025.pdf
2025_0550,2025-10-24,Modificación NCG,,EJECUTA ACUERDO DEL CONSEJO DE LA COMISIÓN PARA EL MERCADO FINANCIERO QUE APRUEBA NORMATIVA QUE MODIFICA LA NORMA DE CARÁCTER GENERAL N°182 REFERENTE A LA INSCRIPCIÓN EN EL REGISTRO DE CORREDORES DE BOLSA DE PRODUCTOS.,https://www.cmfchile.cl/normativa/ncg_550_2025.pdf
2025_0549,2025-10-24,Modificación NCG,,EJECUTA ACUERDO DEL CONSEJO DE LA COMISIÓN PARA EL MERCADO FINANCIERO QUE APRUEBA NORMATIVA QUE MODIFICA LA NORMA DE CARÁCTER GENERAL N°16 REFERENTE A LA INSCRIPCIÓN EN EL REGISTRO DE CORREDORES DE BOLSA Y AGENTES DE VALORES.,https://www.cmfchile.cl/normativa/ncg_549_2025.pdf
2025_0548,2025-09-02,Modificación NCG,MODIFICA NORMA DE CARÁCTER GENERAL N°258 QUE ESTABLECE ELEMENTOS MÍNIMOS DE GESTIÓN DE RIESGO DE CRÉDITO Y LIQUIDEZ DE LOS SISTEMAS DE COMPENSACIÓN Y LIQUIDACIÓN DE INSTRUMENTOS FINANCIEROS,EJECUTA ACUERDO DEL CONSEJO DE LA COMISIÓN PARA EL MERCADO FINANCIERO QUE APRUEBA NORMATIVA QUE MODIFICA LA NORMA DE CARÁCTER GENERAL N°258 QUE ESTABLECE LOS ELEMENTOS MÍNIMOS DE GESTIÓN DE RIESGO DE CRÉDITO Y LIQUIDEZ DE LOS SISTEMAS DE COMPENSACIÓN Y LIQUIDACIÓN DE INSTRUMENTOS FINANCIEROS.,https://www.cmfchile.cl/normativa/ncg_548_2025.pdf
2025_1381,2025-08-28,Otro,,"INTRODUCE AJUSTES TÉCNICOS AL ARCHIVO E24 DE LA NCG N°487 RESPECTO LOS CAMPOS 26, 28 Y 34 DEL REGISTRO 1 Y AGREGA CARÁTULAS DE CUADRATURA PARA REGISTROS 1 Y 2",https://www.cmfchile.cl/normativa/ofc_1381_2025.pdf
2025_0547,2025-08-22,Otro,,"EJECUTA ACUERDO DEL CONSEJO DE LA COMISIÓN PARA EL MERCADO FINANCIERO QUE APRUEBA LA EMISIÓN DE NORMA DE CARÁCTER GENERAL QUE ESTABLECE NORMAS SOBRE SEGUROS PARAMÉTRICOS Y MODIFICACIÓN DE NORMA DE CARÁCTER GENERAL N° 306, QUE IMPARTE INSTRUCCIONES SOBRE CONSTITUCIÓN DE RESERVAS TÉCNICAS EN SEGUROS DISTINTOS DE LOS SEGUROS PREVISIONALES DEL DL N° 3.500, DE 1980.",https://www.cmfchile.cl/normativa/ncg_547_2025.pdf
2025_0546,2025-08-22,Otro,,"EJECUTA ACUERDO DEL CONSEJO DE LA COMISIÓN PARA EL MERCADO FINANCIERO QUE APRUEBA LA EMISIÓN DE NORMA DE CARÁCTER GENERAL QUE ESTABLECE NORMAS SOBRE SEGUROS PARAMÉTRICOS Y MODIFICACIÓN DE NORMA DE CARÁCTER GENERAL N° 306, QUE IMPARTE INSTRUCCIONES SOBRE CONSTITUCIÓN DE RESERVAS TÉCNICAS EN SEGUROS DISTINTOS DE LOS SEGUROS PREVISIONALES DEL DL N° 3.500, DE 1980.",https://www.cmfchile.cl/normativa/ncg_546_2025.pdf
2025_0545,2025-08-19,Modificación NCG,,"EJECUTA ACUERDO DEL CONSEJO DE LA COMISIÓN PARA EL MERCADO FINANCIERO QUE MODIFICA LA NORMA DE CARÁCTER GENERAL N°526 QUE DICTA INSTRUCCIONES RESPECTO A LA FORMA DE DETERMINAR EL PATRIMONIO MÍNIMO Y GARANTÍAS QUE DEBEN MANTENER LAS ADMINISTRADORAS GENERALES DE FONDOS Y ADMINISTRADORAS DE CARTERA, DEROGA NCG N°157, Y LA EXCLUYE DE LOS TRÁMITES PREVISTOS EN EL INCISO PRIMERO DEL NUMERAL 3 DEL ARTÍCULO 20 DEL DECRETO LEY N°3.538 DE 1980.",https://www.cmfchile.cl/normativa/ncg_545_2025.pdf
2025_2366,2025-07-28,Otro,,"EJECUTA ACUERDO DEL CONSEJO DE LA COMISIÓN PARA EL MERCADO FINANCIERO QUE APRUEBA LA CIRCULAR QUE MODIFICA LA VIGENCIA DE LA CIRCULAR N°2.364 DE 19 DE JUNIO DE 2025, E INCLUYE UNA DISPOSICIÓN TRANSITORIA EN LA MISMA, EXCLUYENDO LA EMISIÓN DEL INFORME NORMATIVO Y EL TRÁMITE DE CONSULTA PÚBLICA POR RESULTAR INNECESARIO.",https://www.cmfchile.cl/normativa/cir_2366_2025.pdf
2025_0533,2025-03-11,Otro,,EJECUTA ACUERDO DEL CONSEJO DE LA COMISIÓN PARA EL MERCADO FINANCIERO QUE APRUEBA EMISIÓN DE NORMA DE CARÁCTER GENERAL SOBRE DIRECTOR INDEPENDIENTE Y POLÍTICA DE ELECCIÓN DE DIRECTORES DE FILIALES,https://www.cmfchile.cl/normativa/ncg_533_2025.pdf
2025_2362,2025-03-06,Otro,,EJECUTA ACUERDO DEL CONSEJO DE LA COMISIÓN PARA EL MERCADO FINANCIERO QUE EXIME DE TRAMITES DEL NÚMERO 3 DEL ARTÍCULO 20 DEL DECRETO LEY N°3.538 Y APRUEBA EMISIÓN DE NORMATIVA QUE MODIFICA LA CIRCULAR N°1.696 DE 2003,https://www.cmfchile.cl/normativa/cir_2362_2025.pdf
2025_0531,2025-01-15,Modificación NCG,MODIFICA NORMA DE CARÁCTER GENERAL N° 529,"EJECUTA ACUERDO DEL CONSEJO DE LA COMISIÓN PARA EL MERCADO FINANCIERO QUE  MODIFICA LA NORMA DE CARÁCTER GENERAL N°529, QUE A SU VEZ MODIFICÓ LA NORMA DE CARÁCTER GENERAL N°510 QUE IMPARTE INSTRUCCIONES DE GESTIÓN DE RIESGO OPERACIONAL A EFECTOS DE EXTENDER SU VIGENCIA; Y LA EXCLUYE DE LOS TRÁMITES PREVISTOS EN EL INCISO PRIMERO DEL NUMERAL 3 DEL ARTÍCULO 20 DEL DECRETO LEY N°3.538 DE 1980.",https://www.cmfchile.cl/normativa/ncg_531_2025.pdf
2025_1377,2025-01-01,Otro,,INTRODUCE AJUSTES TÉCNICOS A LOS REQUERIMIENTOS DE INFORMACIÓN AL FONDO DE GARANTÍAS ESPECIALES Y FONDO DE GARANTÍAS PARA PEQUEÑOS Y MEDIANOS EMPRESARIOS (FOGAPE); AMBOS ADMINISTRADOS POR EL BANCO DEL ESTADO DE CHILE.,https://www.cmfchile.cl/normativa/ofc_1377_2025.pdf
2025_0544,2025-01-01,Otro,,"EJECUTA ACUERDO DEL CONSEJO DE LA COMISIÓN PARA EL MERCADO FINANCIERO QUE APRUEBA LA NORMA QUE MODIFICA NORMA DE CARÁCTER GENERAL N°538 Y POSTERGA LA VIGENCIA DE ÉSTA COMO INDICA, EXCLUYE LA PUBLICACIÓN DEL INFORME NORMATIVO Y EXIME DEL TRÁMITE DE CONSULTA PÚBLICA POR URGENCIA.",https://www.cmfchile.cl/normativa/ncg_544_2025.pdf
2025_0542,2025-01-01,Modificación NCG,,"EJECUTA ACUERDO DEL CONSEJO DE LA COMISIÓN PARA EL MERCADO FINANCIERO QUE APRUEBA LA EMISIÓN DE LA NORMA QUE MODIFICA LA NORMA DE CARÁCTER GENERAL N° 218 DE LA COMISIÓN PARA EL MERCADO FINANCIERO Y EL TÍTULO II DEL LIBRO III DEL COMPENDIO DE NORMAS DE LA SUPERINTENDENCIA DE PENSIONES, QUE IMPARTEN INSTRUCCIONES SOBRE EL SISTEMA DE CONSULTAS Y OFERTAS DE MONTOS DE PENSIÓN ESTABLECIDO POR EL ARTÍCULO 61 BIS DEL D.L. N° 3.500, DE 1980.",https://www.cmfchile.cl/normativa/ncg_542_2025.pdf
2024_0528,2024-12-27,Otro,,"EJECUTA ACUERDO DEL CONSEJO DE LA COMISIÓN PARA EL MERCADO FINANCIERO QUE DEJA SIN EFECTO ACUERDO QUE INDICA Y APRUEBA PROPUESTA NORMATIVA QUE IMPARTE INSTRUCCIONES SOBRE GOBIERNO CORPORATIVO Y GESTIÓN DE RIESGOS PARA INTERMEDIARIOS DE VALORES Y CORREDORES DE BOLSA DE PRODUCTOS, Y DEROGA LA CIRCULAR N°2.054 DE 2011.",https://www.cmfchile.cl/normativa/ncg_528_2024.pdf
2024_0527,2024-12-23,Otro,,MODIFICA NORMA DE CARÁCTER GENERAL N°507 QUE IMPARTE INSTRUCCIONES SOBRE GOBIERNO CORPORATIVO Y GESTIÓN INTEGRAL DE RIESGOS EN ADMINISTRADORAS GENERALES DE FONDOS Y NORMA DE CARÁCTER GENERAL N°468 QUE REGULA EL PROCESO DE AUTORIZACIÓN DE INICIO DE FUNCIONES DE ADMINISTRADORAS GENERALES DE FONDOS.,https://www.cmfchile.cl/normativa/ncg_527_2024.pdf
2024_0526,2024-12-23,Otro,,EJECUTA ACUERDO DEL CONSEJO DE LA COMISIÓN PARA EL MERCADO FINANCIERO QUE APRUEBA NORMA DE CARÁCTER GENERAL QUE IMPARTE INSTRUCCIONES SOBRE CÁLCULO DE PATRIMONIO MÍNIMO Y GARANTÍAS PARA ADMINISTRADORAS GENERALES DE FONDOS Y ADMINISTRADORAS DE CARTERA. DEROGA NCG N°157.,https://www.cmfchile.cl/normativa/ncg_526_2024.pdf
2024_0525,2024-12-03,Modificación NCG,"Modifica Norma de Carácter General N°152, que imparte normas sobre activos representativos de reservas técnicas y patrimonio de riesgo",EJECUTA ACUERDO DEL CONSEJO DE LA COMISIÓN PARA EL MERCADO FINANCIERO QUE APRUEBA LA EMISIÓN DE LA NORMA QUE MODIFICA LA NORMA DE CARÁCTER GENERAL N°152 QUE IMPARTE NORMAS SOBRE ACTIVOS REPRESENTATIVOS DE RESERVAS TECNICAS Y PATRIMONIO DE RIESGO.,https://www.cmfchile.cl/normativa/ncg_525_2024.pdf
2024_0523,2024-11-29,Otro,,EJECUTA ACUERDO DEL CONSEJO DE LA COMISIÓN PARA EL MERCADO FINANCIERO QUE APRUEBA NORMA DE CARÁCTER GENERAL QUE DICTA INSTRUCCIONES PARA EL ENVÍO SOLICITUDES Y RESOLUCIONES JUDICIALES LEY N°20.009,https://www.cmfchile.cl/normativa/ncg_523_2024.pdf
2024_0522,2024-11-28,Otro,,EJECUTA ACUERDO DEL CONSEJO DE LA COMISIÓN PARA EL MERCADO FINANCIERO QUE APRUEBA NORMA DE CARÁCTER GENERAL QUE IMPARTE INSTRUCCIONES SOBRE CÁLCULO DE PATRIMONIO DE BOLSAS DE VALORES,https://www.cmfchile.cl/normativa/ncg_522_2024.pdf
2024_0521,2024-11-18,Otro,,EJECUTA ACUERDO DEL CONSEJO DE LA COMISIÓN PARA EL MERCADO FINANCIERO QUE APRUEBA EMISIÓN DE NORMATIVA QUE MODIFICA NCG N°503 DE 2024,https://www.cmfchile.cl/normativa/ncg_521_2024.pdf
2024_2360,2024-11-06,Modificación NCG,,"EJECUTA ACUERDO DEL CONSEJO DE LA COMISIÓN PARA EL MERCADO FINANCIERO QUE APRUEBA LA EMISIÓN DE LA NORMATIVA QUE MODIFICA LA NORMA DE CARÁCTER GENERAL N°200 QUE ESTABLECE NORMAS SOBRE OPERACIONES DE COBERTURA DE RIESGOS FINANCIEROS, INVERSIÓN EN PRODUCTOS DERIVADOS FINANCIEROS Y OPERACIONES DE PRÉSTAMO DE ACCIONES, Y LA CIRCULAR QUE MODIFICA LA CIRCULAR N°1512 QUE IMPARTE INSTRUCCIONES SOBRE CONSTITUCIÓN DE RESERVAS TÉCNICAS Y VALORIZACIÓN DE  ACTIVOS Y PASIVOS EN RELACIÓN AL CALCE DE ACTIVOS Y PASIVOS.",https://www.cmfchile.cl/normativa/cir_2360_2024.pdf
2024_0519,2024-10-28,Otro,,"EJECUTA ACUERDO DEL CONSEJO DE LA COMISIÓN PARA EL MERCADO FINANCIERO QUE APRUEBA EMISIÓN DE NORMA DE CARÁCTER GENERAL QUE MODIFICA NORMAS DE CARÁCTER GENERAL N°30 Y N°461, REFERIDAS A LA MEMORIA ANUAL INTEGRADA",https://www.cmfchile.cl/normativa/ncg_519_2024.pdf
2024_2358,2024-10-11,Otro,,EJECUTA ACUERDO DEL CONSEJO DE LA COMISIÓN PARA EL MERCADO FINANCIERO QUE APRUEBA CIRCULAR QUE MODIFICA LA FORMA DE ENVÍO DE LA INFORMACIÓN SOBRE EL ESTADO DE COLOCACIONES Y BONOS.,https://www.cmfchile.cl/normativa/cir_2358_2024.pdf
2024_1341,2024-10-02,Otro,,INTRODUCE AJUSTES TÉCNICOS A LOS REQUERIMIENTOS DE INFORMACIÓN A FOGAPE Y FOGAES.,https://www.cmfchile.cl/normativa/ofc_1341_2024.pdf
2024_1336,2024-09-04,Otro,,"INTRODUCE AJUSTES TÉCNICOS AL ARCHIVO T01 ESTABLECIDO MEDIANTE LA NORMA DE CARÁCTER GENERAL N°500 SOBRE OPERACIONES DE CRÉDITO DE DINERO DE PERSONAS NATURALES CURSADAS EN EL PERIODO POR MONTOS IGUALES O SUPERIORES A 50 UF RESTITUIDAS EN CUOTAS PERIÓDICAS, ASOCIADAS AL ARTÍCULO 28 DE LA LEY N°14.908",https://www.cmfchile.cl/normativa/ofc_1336_2024.pdf
2024_2357,2024-08-27,Otro,,EJECUTA ACUERDO DEL CONSEJO DE LA COMISIÓN PARA EL MERCADO FINANCIERO QUE APRUEBA LA EMISIÓN DE LA NORMA QUE MODIFICA LA CIRCULAR N°2275 QUE ESTABLECE REQUERIMIENTO MENSUAL DE INFORMACIÓN FINANCIERA Y DE SOLVENCIA. DEROGA OFICIO CIRCULAR N°479.,https://www.cmfchile.cl/normativa/cir_2357_2024.pdf
2024_2356,2024-08-26,Otro,,EJECUTA ACUERDO DEL CONSEJO DE LA COMISIÓN PARA EL MERCADO FINANCIERO QUE APRUEBA EMISIÓN DE NORMATIVA QUE MODIFICA CIRCULAR N°1.713 DE 2004.,https://www.cmfchile.cl/normativa/cir_2356_2024.pdf
2024_0517,2024-08-26,Otro,,"EJECUTA ACUERDO DEL CONSEJO DE LA COMISIÓN PARA EL MERCADO FINANCIERO QUE APRUEBA LA EMISIÓN DE LA NORMA QUE MODIFICA NORMA DE CARÁCTER GENERAL N° 136, QUE ESTABLECE NORMAS RELATIVAS AL OTORGAMIENTO Y ADQUISICION DE MUTUOS HIPOTECARIOS ENDOSABLES POR LAS ENTIDADES ASEGURADORAS Y REASEGURADORAS Y AL REGISTRO Y OPERACIONES DE LOS AGENTES ADMINISTRADORES DE MUTUOS HIPOTECARIOS ENDOSABLES.",https://www.cmfchile.cl/normativa/ncg_517_2024.pdf
2024_2354,2024-07-30,Otro,,EJECUTA ACUERDO DEL CONSEJO DE LA COMISIÓN PARA EL MERCADO FINANCIERO QUE APRUEBA LA EMISIÓN DE LA NORMA QUE MODIFICA LA CIRCULAR N°1835 QUE IMPARTE INSTRUCCIONES RELATIVAS A LA FORMA Y CONTENIDO DE INFORMACIÓN SOBRE INVERSIONES POR PARTE DE LA COMISIÓN.,https://www.cmfchile.cl/normativa/cir_2354_2024.pdf
2024_2353,2024-07-25,Otro,,"EJECUTA ACUERDO DEL CONSEJO DE LA COMISIÓN PARA EL MERCADO FINANCIERO QUE APRUEBA LA EMISIÓN DE LA NORMATIVA QUE MODIFICA LA CIRCULAR N°2022 QUE IMPARTE NORMAS SOBRE FORMA, CONTENIDO Y PRESENTACIÓN DE LOS ESTADOS FINANCIEROS DE LAS ENTIDADES ASEGURADORAS Y REASEGURADORAS.",https://www.cmfchile.cl/normativa/cir_2353_2024.pdf
2024_0516,2024-07-25,Otro,,EJECUTA ACUERDO DEL CONSEJO DE LA COMISIÓN PARA EL MERCADO FINANCIERO QUE APRUEBA NORMA DE CARÁCTER GENERAL QUE ESTABLECE UN NUEVO CANAL DE COMUNICACIÓN ENTRE LOS FISCALIZADOS Y LA COMISIÓN.,https://www.cmfchile.cl/normativa/ncg_516_2024.pdf
2024_2352,2024-06-11,Otro,,"EJECUTA ACUERDO DEL CONSEJO DE LA COMISIÓN PARA EL MERCADO FINANCIERO QUE APRUEBA LA EMISIÓN DE LA CIRCULAR QUE MODIFICA CIRCULAR N° 1815, QUE ESTABLECE NORMAS PARA EL ENVÍO DE INFORMACIÓN SOBRE PÓLIZAS DE RENTA VITALICIA PREVISIONAL DEL D.L. Nº 3.500 DE 1980.",https://www.cmfchile.cl/normativa/cir_2352_2024.pdf
2024_0513,2024-06-10,Modificación NCG,MODIFICA LA NORMA DE CARÁCTER GENERAL N°426 QUE ESTABLECE INFRACCIONES SUJETAS A PROCEDIMIENTO SIMPLIFICADO,EJECUTA ACUERDO DEL CONSEJO DE LA COMISIÓN PARA EL MERCADO FINANCIERO QUE APRUEBA NORMATIVA QUE MODIFICA LA NORMA DE CARÁCTER GENERAL N°426,https://www.cmfchile.cl/normativa/ncg_513_2024.pdf
2024_0511,2024-05-24,Modificación NCG,,"EJECUTA ACUERDO DEL CONSEJO DE LA COMISIÓN PARA EL MERCADO FINANCIERO QUE APRUEBA LA EMISIÓN DE LA NORMA QUE MODIFICA LA NORMA DE CARÁCTER GENERAL N°306 QUE IMPARTE INSTRUCCIONES SOBRE CONSTITUCIÓN DE RESERVAS TÉCNICAS EN SEGUROS DISTINTOS DE LOS SEGUROS PREVISIONALES DEL DL N° 3.500, DE 1980.",https://www.cmfchile.cl/normativa/ncg_511_2024.pdf
2024_0510,2024-05-08,Modificación NCG,"IMPARTE INSTRUCCIONES SOBRE GESTIÓN DE RIESGO OPERACIONAL. DEROGA CIRCULARES N° 1.939 y 2.020, Y LA NORMA DE CARÁCTER GENERAL N° 256. MODIFICA LA NORMA DE CARÁCTER GENERAL N° 480","EJECUTA ACUERDO DEL CONSEJO DE LA COMISIÓN PARA EL MERCADO FINANCIERO QUE APRUEBA NORMATIVA QUE IMPARTE INSTRUCCIONES SOBRE GESTIÓN DE RIESGO OPERACIONAL PARA ADMINISTRADORAS GENERALES DE FONDOS, BOLSAS DE VALORES, BOLSAS DE PRODUCTOS, SOCIEDADES ADMINISTRADORAS DE SISTEMAS DE COMPENSACIÓN Y LIQUIDACIÓN DE INSTRUMENTOS FINANCIEROS Y EMPRESAS DE DEPÓSITO Y CUSTODIA DE VALORES. DEROGA CIRCULARES N°1.939 y 2.020 Y LA NORMA DE CARÁCTER GENERAL N°256. MODIFICA LA NORMA DE CARÁCTER GENERAL N°480.",https://www.cmfchile.cl/normativa/ncg_510_2024.pdf
2024_0509,2024-05-08,Otro,,EJECUTA ACUERDO DEL CONSEJO DE LA COMISIÓN PARA EL MERCADO FINANCIERO QUE APRUEBA NORMATIVA QUE IMPARTE INSTRUCCIONES SOBRE GOBIERNO CORPORATIVO Y GESTIÓN DE RIESGOS PARA EMPRESAS DE DEPÓSITO Y CUSTODIA DE VALORES Y SOCIEDADES ADMINISTRADORAS DE SISTEMAS DE COMPENSACIÓN Y LIQUIDACIÓN DE INSTRUMENTOS FINANCIEROS.,https://www.cmfchile.cl/normativa/ncg_509_2024.pdf
2024_0508,2024-05-08,Modificación NCG,IMPARTE INSTRUCCIONES SOBRE GOBIERNO CORPORATIVO Y GESTIÓN INTEGRAL DE RIESGOS PARA BOLSAS DE VALORES Y BOLSAS DE PRODUCTOS. MODIFICA NORMA DE CARÁCTER GENERAL N°480,EJECUTA ACUERDO DEL CONSEJO DE LA COMISIÓN PARA EL MERCADO FINANCIERO QUE APRUEBA NORMATIVA QUE IMPARTE INSTRUCCIONES SOBRE GOBIERNO CORPORATIVO Y GESTIÓN DE RIESGOS PARA BOLSAS DE VALORES Y BOLSAS DE PRODUCTOS Y MODIFICA LA NORMA DE CARÁCTER GENERAL N°480.,https://www.cmfchile.cl/normativa/ncg_508_2024.pdf
2024_0507,2024-05-08,Otro,,"EJECUTA ACUERDO DEL CONSEJO DE LA COMISIÓN PARA EL MERCADO FINANCIERO QUE APRUEBA NORMATIVA QUE IMPARTE INSTRUCCIONES SOBRE GOBIERNO CORPORATIVO Y GESTIÓN DE RIESGOS PARA ADMINISTRADORAS GENERALES DE FONDOS, Y DEROGA LA CIRCULAR N°1.869 DE 2008.",https://www.cmfchile.cl/normativa/ncg_507_2024.pdf
2024_2345,2024-02-26,Otro,,EJECUTA ACUERDO DEL CONSEJO DE LA COMISIÓN PARA EL MERCADO FINANCIERO QUE APRUEBA CIRCULAR QUE INCORPORA NUEVO ARCHIVO NORMATIVO DE CUENTAS CON PROVISION DE FONDOS Y TARJETAS ASOCIADAS Y MODIFICA OTRAS NORMAS QUE SE INDICAN.,https://www.cmfchile.cl/normativa/cir_2345_2024.pdf
2024_0506,2024-02-16,Modificación NCG,,EJECUTA ACUERDO DEL CONSEJO DE LA COMISIÓN PARA EL MERCADO FINANCIERO QUE APRUEBA LA EMISIÓN DE LA NORMA QUE MODIFICA LA NORMA DE CARÁCTER GENERAL N°325 QUE     IMPARTE INSTRUCCIONES SOBRE SISTEMA DE GESTIÓN DE RIESGOS DE LAS ASEGURADORAS Y EVALUACIÓN DE SOLVENCIA DE LAS COMPAÑÍAS POR PARTE DE LA COMISIÓN.,https://www.cmfchile.cl/normativa/ncg_506_2024.pdf
2024_0505,2024-02-12,Otro,,EJECUTA ACUERDO DEL CONSEJO DE LA COMISIÓN PARA EL MERCADO FINANCIERO QUE APRUEBA NORMA DE CARÁCTER GENERAL QUE REGULA INFORMACIÓN SOBRE GRUPOS EMPRESARIALES.,https://www.cmfchile.cl/normativa/ncg_505_2024.pdf
2024_0501,2024-01-08,Otro,,EJECUTA ACUERDO DEL CONSEJO DE LA COMISIÓN PARA EL MERCADO FINANCIERO QUE APRUEBA NORMA DE CARÁCTER GENERAL QUE ESTABLECE LAS MENCIONES MÍNIMAS DE LAS POLÍTICAS DE OPERACIONES HABITUALES Y REGULA LA DIFUSIÓN PÚBLICA DE LAS OPERACIONES CON PARTES RELACIONADAS QUE HUBIEREN SIDO REALIZADAS.,https://www.cmfchile.cl/normativa/ncg_501_2024.pdf
0000_0014,2023-12-12,Otro,,EJECUTA ACUERDO DEL CONSEJO DE LA COMISIÓN PARA EL MERCADO FINANCIERO QUE APRUEBA NORMA DE CARÁCTER GENERAL QUE DICTA INSTRUCCIONES Y ARCHIVO NORMATIVO PARA EL CUMPLIMIENTO DE LO DISPUESTO EN EL ARTÍCULO 28 DE LA LEY N°14.908 SOBRE ABANDONO DE FAMILIA Y PAGO DE PENSIONES ALIMENTICIAS,https://www.cmfchile.cl/sitio/aplic/serdoc/ver_sgd.php?s567=ca7d9fc809cdba737843f1b551fb4497VFdwQmVVMTZSWGxOUkZVd1RtcEZNazVCUFQwPQ==&secuencia=-1&t=1778175439
0000_1720,2023-12-05,Otro,,EJECUTA ACUERDO DEL CONSEJO DE LA COMISION PARA EL MERCADO FINANCIERO QUE APRUEBA PROPUESTA NORMATIVA QUE IMPARTE INSTRUCCIONES RELATIVAS AL ENVIO DE INFORMACIÓN SOBRE INSTRUMENTOS DE LA CARTERA PROPIA DE LOS INTERMEDIARIOS DE VALORES. DEROGA CIRCULAR N°1720 DE 2004.,https://www.cmfchile.cl/sitio/aplic/serdoc/ver_sgd.php?s567=79b0ad592c4a7ef10fde76c6ed1736ceVFdwQmVVMTZSWGxOUkZWNlRrUkJOVTVuUFQwPQ==&secuencia=-1&t=1778175439
0000_0003,2023-11-09,Otro,,"EJECUTA ACUERDO DEL CONSEJO DE LA COMISIÓN PARA EL MERCADO
FINANCIERO QUE APRUEBA DEROGACIÓN DE LA CARTA CIRCULAR N° 3 DE 2008 (EX SBIF AHORA CMF). Y QUE EXCLUYE LA DISPOSICIÓN DE LOS TRAMITES PREVISTOS EN EL INCISO PRIMERO DEL NUMERAL 3 DEL ARTÍCULO 20 DEL D.L. N°3.538.",https://www.cmfchile.cl/sitio/aplic/serdoc/ver_sgd.php?s567=923780e8be03b3474f234001fa25ae29VFdwQmVVMTZSWGhOUkZFelRWUkpkMDVuUFQwPQ==&secuencia=-1&t=1778175439
2023_2335,2023-06-05,Otro,,EJECUTA ACUERDO DEL CONSEJO DE LA COMISIÓN PARA EL MERCADO FINANCIERO QUE APRUEBA CIRCULAR QUE ACTUALIZA LA CIRCULAR N°1 PARA EMPRESAS OPERADORAS DE TARJETAS DE PAGO Y MODIFICA LA INFORMACIÓN REQUERIDA MEDIANTE EL ARCHIVO C81.,https://www.cmfchile.cl/normativa/cir_2335_2023.pdf
2023_0497,2023-06-02,Modificación NCG,,EJECUTA ACUERDO DEL CONSEJO DE LA COMISIÓN PARA EL MERCADO FINANCIERO QUE APRUEBA LA EMISIÓN DE LA NORMA QUE MODIFICA LA NORMA DE CARÁCTER GENERAL N°152 QUE IMPARTE NORMAS SOBRE ACTIVOS REPRESENTATIVOS DE RESERVAS TECNICAS Y PATRIMONIO DE RIESGO.,https://www.cmfchile.cl/normativa/ncg_497_2023.pdf
2023_0496,2023-03-01,Otro,,"EJECUTA ACUERDO DEL CONSEJO DE LA COMISIÓN PARA EL MERCADO FINANCIERO QUE APRUEBA LA EMISIÓN DE LA NORMA DE CARÁCTER GENERAL QUE MODIFICA LA NCG N°318, QUE IMPARTE INSTRUCCIONES SOBRE APLICACIÓN DE NORMAS IFRS EN LA CONSTITUCIÓN DE RESERVAS TÉCNICAS DE LOS SEGUROS DE RENTA VITALICIA Y DE INVALIDEZ Y SOBREVIVENCIA, DEL D.L. N°3.500 DE 1980, Y LA CIRCULAR QUE IMPARTE INSTRUCCIONES SOBRE APLICACIÓN DE TABLAS DE MORTALIDAD CB-H-2020 (HOMBRES), MI-H-2020 (HOMBRES), RV-M-2020 (MUJERES), B-M-2020 (MUJERES), Y MI-M-2020 (MUJERES).",https://www.cmfchile.cl/normativa/ncg_496_2023.pdf
2023_2332,2023-01-01,Otro,,"EJECUTA ACUERDO DEL CONSEJO DE LA COMISIÓN PARA EL MERCADO FINANCIERO QUE APRUEBA LA EMISIÓN DE LA NORMA DE CARÁCTER GENERAL QUE MODIFICA LA NCG N°318, QUE IMPARTE INSTRUCCIONES SOBRE APLICACIÓN DE NORMAS IFRS EN LA CONSTITUCIÓN DE RESERVAS TÉCNICAS DE LOS SEGUROS DE RENTA VITALICIA Y DE INVALIDEZ Y SOBREVIVENCIA, DEL D.L. N°3.500 DE 1980, Y LA CIRCULAR QUE IMPARTE INSTRUCCIONES SOBRE APLICACIÓN DE TABLAS DE MORTALIDAD CB-H-2020 (HOMBRES), MI-H-2020 (HOMBRES), RV-M-2020 (MUJERES), B-M-2020 (MUJERES), Y MI-M-2020 (MUJERES).",https://www.cmfchile.cl/normativa/cir_2332_2023.pdf
2022_2329,2022-12-19,Otro,,"EJECUTA ACUERDO DEL CONSEJO DE LA COMISIÓN PARA EL MERCADO FINANCIERO QUE APRUEBA CIRCULAR QUE ACTUALIZA NORMATIVA QUE INDICA, EN CONCORDANCIA CON LAS MODIFICACIONES EFECTUADAS POR EL BANCO CENTRAL DE CHILE A LOS CAPÍTULOS III.E DE SU COMPENDIO DE NORMAS FINANCIERAS",https://www.cmfchile.cl/normativa/cir_2329_2022.pdf
2022_2327,2022-11-21,Otro,,EJECUTA ACUERDO DEL CONSEJO DE LA COMISIÓN PARA EL MERCADO FINANCIERO QUE APRUEBA NORMA DE CARÁCTER GENERAL PARA CÁMARAS DE COMPENSACIÓN DE PAGOS DE BAJO VALOR REGULADAS POR EL BANCO CENTRAL DE CHILE; LA CIRCULAR QUE MODIFICA LA NORMATIVA QUE INDICA Y LA EXCLUYE DE LOS TRÁMITES PREVISTOS EN EL INCISO PRIMERO DEL NUMERAL 3 DEL ARTÍCULO 20 DEL D.L. N°3.538.,https://www.cmfchile.cl/normativa/cir_2327_2022.pdf
2022_0489,2022-11-21,Otro,,EJECUTA ACUERDO DEL CONSEJO DE LA COMISIÓN PARA EL MERCADO FINANCIERO QUE APRUEBA NORMA DE CARÁCTER GENERAL PARA CÁMARAS DE COMPENSACIÓN DE PAGOS DE BAJO VALOR REGULADAS POR EL BANCO CENTRAL DE CHILE; LA CIRCULAR QUE MODIFICA LA NORMATIVA QUE INDICA Y LA EXCLUYE DE LOS TRÁMITES PREVISTOS EN EL INCISO PRIMERO DEL NUMERAL 3 DEL ARTÍCULO 20 DEL D.L. N°3.538.,https://www.cmfchile.cl/normativa/ncg_489_2022.pdf
2022_2325,2022-11-09,Otro,,"EJECUTA ACUERDO DEL CONSEJO DE LA COMISIÓN PARA EL MERCADO FINANCIERO QUE APRUEBA LA CIRCULAR QUE ACTUALIZA LA NORMATIVA SOBRE PREVENCIÓN DEL LAVADO DE ACTIVOS, FINANCIAMIENTO AL TERRORISMO Y LA NO PROLIFERACIÓN DE ARMAS DE DESTRUCCIÓN MASIVA APLICABLE A BANCOS, COOPERATIVAS Y EMISORES DE TARJETAS DE PAGO.",https://www.cmfchile.cl/normativa/cir_2325_2022.pdf
2022_0487,2022-09-29,Otro,,EJECUTA ACUERDO DEL CONSEJO DE LA COMISIÓN PARA EL MERCADO FINANCIERO QUE APRUEBA NORMA DE CARÁCTER GENERAL QUE REQUIERE EL ENVÍO DE INFORMACIÓN SOBRE FRAUDES DE ACUERDO CON EL NUEVO ARTÍCULO 11 DE LA LEY N°20.009.,https://www.cmfchile.cl/normativa/ncg_487_2022.pdf
2022_2321,2022-09-23,Otro,,"EJECUTA ACUERDO DEL CONSEJO DE LA COMISIÓN PARA EL MERCADO FINANCIERO QUE APRUEBA CIRCULAR QUE INSTRUYE A LAS EMPRESAS BANCARIAS Y OTRAS ENTIDADES FISCALIZADAS Y REGISTRADAS, EL USO DEL MODULO DE LA EXTRANET DENOMINADO OFICINA DE PARTES VIRTUAL.",https://www.cmfchile.cl/normativa/cir_2321_2022.pdf
2022_0486,2022-08-31,Otro,,"EJECUTA ACUERDO DEL CONSEJO DE LA COMISIÓN PARA EL MERCADO FINANCIERO QUE APRUEBA NORMATIVA QUE MODIFICA LAS NORMAS DE CARÁCTER GENERAL N°30, N°303, N°473 Y N°475 EN LOS TÉRMINOS QUE INDICA.",https://www.cmfchile.cl/normativa/ncg_486_2022.pdf
2022_0485,2022-08-30,Otro,,EJECUTA ACUERDO DEL CONSEJO DE LA COMISIÓN PARA EL MERCADO FINANCIERO QUE APRUEBA NORMATIVA QUE IMPARTE INSTRUCCIONES SOBRE EL CÁLCULO DEL PRECIO DE CIERRE AL QUE SE REFIERE LA LEY N°21.420,https://www.cmfchile.cl/normativa/ncg_485_2022.pdf
2022_0484,2022-08-05,Otro,,"EJECUTA ACUERDO DEL CONSEJO DE LA COMISIÓN PARA EL MERCADO FINANCIERO QUE APRUEBA NORMA DE CARÁCTER GENERAL QUE REGULA LAS COMISIONES DE OPERACIONES DE CRÉDITO DE ACUERDO AL ARTÍCULO 19 TER DE LA LEY 18.010, Y QUE DEFINE LOS PLAZOS Y CONDICIONES EN QUE LAS ENTIDADES DEBEN ENVIAR A SUS CLIENTES LOS ANEXOS CONTRACTUALES SEGÚN EL ARTÍCULO OCTAVO TRANSITORIO DE LA LEY N°21.314.",https://www.cmfchile.cl/normativa/ncg_484_2022.pdf
2022_0483,2022-08-04,Otro,,EJECUTA ACUERDO DEL CONSEJO DE LA COMISIÓN PARA EL MERCADO FINANCIERO QUE APRUEBA NORMATIVA QUE MODIFICA NORMA DE CARÁCTER GENERAL N°472 Y QUE EXCEPTÚA DE TRÁMITE QUE INDICA.,https://www.cmfchile.cl/normativa/ncg_483_2022.pdf
2022_0481,2022-07-25,Modificación NCG,"Modifica Norma de Carácter General N° 323, que imparte instrucciones sobre determinación del patrimonio de riesgo, patrimonio neto y obligación de invertir","EJECUTA ACUERDO DEL CONSEJO DE LA COMISIÓN PARA EL MERCADO FINANCIERO QUE APRUEBA LA NORMA QUE MODIFICA LA NORMA DE CARÁCTER GENERAL N°323 QUE IMPARTE INSTRUCCIONES SOBRE DETERMINACIÓN DEL PATRIMONIO DE RIESGO, PATRIMONIO NETO Y OBLIGACIÓN DE INVERTIR; Y QUE EXCEPTÚA DE TRÁMITES ESTABLECIDOS EN EL ARTÍCULO 20 N°3 DEL DECRETO LEY N°3.538.",https://www.cmfchile.cl/normativa/ncg_481_2022.pdf
2022_0480,2022-07-25,Otro,,EJECUTA ACUERDO DEL CONSEJO DE LA COMISIÓN PARA EL MERCADO FINANCIERO QUE APRUEBA NORMA DE CARÁCTER GENERAL QUE REGULA LA INTERCONEXIÓN DE LAS BOLSAS DE VALORES.,https://www.cmfchile.cl/normativa/ncg_480_2022.pdf
2022_0479,2022-06-06,Otro,,"EJECUTA ACUERDO DEL CONSEJO DE LA COMISIÓN PARA EL MERCADO FINANCIERO QUE APRUEBA LA EMISIÓN DE LA NORMA DE CARÁCTER GENERAL QUE MODIFICA NORMA DE CARÁCTER GENERAL N° 470, QUE REGULA EL SISTEMA DE CONSULTAS DE SEGUROS DEL ARTÍCULO 12 DEL D.F.L. N° 251, DE 1931 Y LA EXIME DE TRÁMITE DE CONSULTA PÚBLICA.",https://www.cmfchile.cl/normativa/ncg_479_2022.pdf
2022_0478,2022-05-30,Otro,,"EJECUTA ACUERDO DEL CONSEJO DE LA COMISIÓN PARA EL MERCADO FINANCIERO QUE APRUEBA LA EMISIÓN DE LA NORMA DE CARÁCTER GENERAL QUE MODIFICA NORMA DE CARÁCTER GENERAL N° 470, QUE REGULA EL SISTEMA DE CONSULTAS DE SEGUROS DEL ARTÍCULO 12 DEL D.F.L. N° 251, DE 1931 Y LA EXIME DE TRÁMITE DE CONSULTA PÚBLICA.",https://www.cmfchile.cl/normativa/ncg_478_2022.pdf
2022_0477,2022-05-20,Otro,,EJECUTA ACUERDO DEL CONSEJO DE LA COMISIÓN PARA EL MERCADO FINANCIERO QUE APRUEBA NORMA DE CARÁCTER GENERAL QUE SIMPLIFICA PROCESO DE INSCRIPCIÓN EN EL REGISTRO DE INSPECTORES DE CUENTAS Y AUDITORES EXTERNOS.,https://www.cmfchile.cl/normativa/ncg_477_2022.pdf
2022_0472,2022-04-13,Otro,,EJECUTA ACUERDO DEL CONSEJO DE LA COMISIÓN PARA EL MERCADO FINANCIERO QUE APRUEBA NORMA DE CARÁCTER GENERAL QUE REGULA LA ASESORÍA DE INVERSIÓN.,https://www.cmfchile.cl/normativa/ncg_472_2022.pdf
2022_0471,2022-04-13,Otro,,EJECUTA ACUERDO DEL CONSEJO DE LA COMISIÓN PARA EL MERCADO FINANCIERO QUE APRUEBA NORMA DE CARÁCTER GENERAL QUE REGULA LA INSCRIPCIÓN EN EL REGISTRO DE AGENTES DE VENTAS DE SEGUROS Y EN EL REGISTRO DE AGENTES DE VENTAS DE RENTAS VITALICIAS.,https://www.cmfchile.cl/normativa/ncg_471_2022.pdf
2022_0470,2022-04-08,Otro,,"EJECUTA ACUERDO DEL CONSEJO DE LA COMISIÓN PARA EL MERCADO FINANCIERO QUE APRUEBA LA EMISIÓN DE LA NORMA DE CARÁCTER GENERAL QUE REGULA EL SISTEMA DE CONSULTAS DE SEGUROS DEL ARTÍCULO 12 DEL D.F.L. N° 251, DE 1931. DEROGA NORMA DE CARACTER GENERAL N°342.",https://www.cmfchile.cl/normativa/ncg_470_2022.pdf
2022_2309,2022-03-28,Otro,,"EJECUTA ACUERDO DEL CONSEJO DE LA COMISIÓN PARA EL MERCADO FINANCIERO QUE APRUEBA LA EMISIÓN DE LA CIRCULAR QUE MODIFICA CIRCULAR N° 1815, QUE ESTABLECE NORMAS PARA EL ENVÍO DE INFORMACIÓN SOBRE PÓLIZAS DE RENTA VITALICIA PREVISIONAL DEL D.L. Nº 3.500 DE 1980.",https://www.cmfchile.cl/normativa/cir_2309_2022.pdf
2022_2308,2022-03-28,Otro,,"EJECUTA ACUERDO DEL CONSEJO DE LA COMISIÓN PARA EL MERCADO FINANCIERO QUE APRUEBA LA EMISIÓN DE CIRCULAR QUE MODIFICA CIRCULAR N° 1194, QUE ESTABLECE NORMAS PARA EL ENVIO DE INFORMACION DE SEGUROS PREVISIONALES E INDICES DE COBERTURA DEL SISTEMA DE CALCE.",https://www.cmfchile.cl/normativa/cir_2308_2022.pdf
2022_0466,2022-03-28,Modificación NCG,,"EJECUTA ACUERDO DEL CONSEJO DE LA COMISIÓN PARA EL MERCADO FINANCIERO QUE APRUEBA LA EMISIÓN DE LA NORMA DE CARÁCTER GENERAL QUE MODIFICA LA NORMA DE CARÁCTER GENERAL N° 218 DE LA COMISIÓN PARA EL MERCADO FINANCIERO Y EL TÍTULO II DEL LIBRO III DEL COMPENDIO DE NORMAS DE LA SUPERINTENDENCIA DE PENSIONES, QUE “IMPARTE INSTRUCCIONES SOBRE EL SISTEMA DE CONSULTAS Y OFERTAS DE MONTOS DE PENSIÓN ESTABLECIDO POR EL ARTÍCULO 61 BIS DEL D.L. N° 3.500, DE 1980”.",https://www.cmfchile.cl/normativa/ncg_466_2022.pdf
2022_0465,2022-02-25,Modificación NCG,,"EJECUTA ACUERDO DEL CONSEJO DE LA COMISIÓN PARA EL MERCADO FINANCIERO QUE APRUEBA LA NORMA QUE MODIFICA LA NORMA DE CARÁCTER GENERAL N°398 QUE FIJA TABLAS DE MORTALIDAD CB-H-2014 (HOMBRES), MI-H-2014 (HOMBRES), RV-M-2014 (MUJERES), B-M-2014 (MUJERES), Y MI-M-2014 (MUJERES).",https://www.cmfchile.cl/normativa/ncg_465_2022.pdf
2022_2306,2022-02-17,Otro,,EJECUTA ACUERDO DEL CONSEJO DE LA COMISIÓN PARA EL MERCADO FINANCIERO QUE APRUEBA CIRCULAR QUE REQUIERE INFORMACIÓN RESPECTO DE LOS MOVIMIENTOS Y VALORES MANTENIDOS EN LAS EMPRESAS DE DEPÓSITO DE VALORES.,https://www.cmfchile.cl/normativa/cir_2306_2022.pdf
2022_2304,2022-01-31,Otro,,"EJECUTA ACUERDO DEL CONSEJO DE LA COMISIÓN PARA EL MERCADO FINANCIERO QUE APRUEBA LA CIRCULAR QUE HACE APLICABLE A LAS COOPERATIVAS DE AHORRO Y CRÉDITO FISCALIZADAS, LAS NORMAS DE RESGUARDO Y GESTIÓN DE RIESGOS OPERACIONALES QUE INDICA.",https://www.cmfchile.cl/normativa/cir_2304_2022.pdf
2022_0464,2022-01-31,Modificación NCG,,"EJECUTA ACUERDO DEL CONSEJO DE LA COMISIÓN PARA EL MERCADO FINANCIERO QUE APRUEBA LA EMISIÓN DE NORMA DE CARÁCTER GENERAL QUE MODIFICA LA NORMA DE CARÁCTER GENERAL N° 460, QUE DETERMINA LOS SEGUROS QUE SE PUEDEN CONTRATAR DE ACUERDO A LO SEÑALADO EN EL ARTÍCULO 538 BIS DEL CÓDIGO DE COMERCIO; Y QUE EXCEPTÚA DE TRÁMITES ESTABLECIDOS EN EL ARTÍCULO 20 N°3 DEL DECRETO LEY N°3.538 Y EN EL ARTICULO 37 BIS DE LA LEY N°19.880.",https://www.cmfchile.cl/normativa/ncg_464_2022.pdf
2022_0463,2022-01-05,Modificación NCG,,EJECUTA ACUERDO DEL CONSEJO DE LA COMISIÓN PARA EL MERCADO FINANCIERO QUE APRUEBA LA NORMA QUE MODIFICA LA NORMA DE CARÁCTER GENERAL N°152 QUE IMPARTE NORMAS SOBRE ACTIVOS REPRESENTATIVOS DE RESERVAS TECNICAS Y PATRIMONIO DE RIESGO.,https://www.cmfchile.cl/normativa/ncg_463_2022.pdf
2022_0469,2022-01-01,Otro,,"EJECUTA ACUERDO DEL CONSEJO DE LA COMISIÓN PARA EL MERCADO FINANCIERO QUE APRUEBA LA EMISIÓN DE LA NORMA DE CARÁCTER GENERAL QUE REGULA LA CONTRATACIÓN INDIVIDUAL Y COLECTIVA DE SEGUROS ASOCIADOS A CRÉDITOS HIPOTECARIOS DEL ARTÍCULO 40 DEL D.F.L. N° 251, LAS CONDICIONES MÍNIMAS QUE DEBERÁN CONTEMPLAR LAS BASES DE LICITACIÓN DE ÉSTOS Y LA INFORMACIÓN QUE SE DEBERÁ ENTREGAR A LOS OFERENTES, DEUDORES ASEGURADOS Y COMISIÓN PARA EL MERCADO FINANCIERO. DEROGA NORMA DE CARÁCTER GENERAL N° 330, CIRCULAR N°3.530 BANCOS (CIRCULAR N° 147 DE COOPERATIVAS Y LA CIRCULAR N° 62 DE FILIALES), CARTA CIRCULAR N°2 DEL 2012 BANCOS, (CARTA CIRCULAR N°1 COOPERATIVAS DEL 2012) Y CIRCULAR 3.537 BANCOS (CIRCULAR N° 149 COOPERATIVAS Y CIRCULAR N° 63 FILIALES).",https://www.cmfchile.cl/normativa/ncg_469_2022.pdf
2021_0462,2021-12-01,Otro,,EJECUTA ACUERDO DEL CONSEJO DE LA COMISIÓN PARA EL MERCADO FINANCIERO QUE APRUEBA NORMA DE CARÁCTER GENERAL QUE REQUIERE EL ENVÍO DE INFORMACIÓN RELATIVA A PORTABILIDAD FINANCIERA.,https://www.cmfchile.cl/normativa/ncg_462_2021.pdf
2021_0461,2021-11-12,Otro,,EJECUTA ACUERDO DEL CONSEJO DE LA COMISIÓN PARA EL MERCADO FINANCIERO QUE APRUEBA NORMA DE CARÁCTER GENERAL QUE MODIFICA LA ESTRUCTURA Y CONTENIDO DE LA MEMORIA ANUAL DE LOS EMISORES DE VALORES Y QUE MODIFICA Y DEROGA NORMAS QUE INDICA.,https://www.cmfchile.cl/normativa/ncg_461_2021.pdf
2021_2299,2021-11-05,Otro,,"EJECUTA ACUERDO DEL CONSEJO DE LA COMISIÓN PARA EL MERCADO FINANCIERO QUE APRUEBA LA EMISIÓN DE CIRCULAR QUE MODIFICA CIRCULAR N° 2137, QUE IMPARTE NORMAS SOBRE FORMA Y CONTENIDO DE LOS ESTADOS FINANCIEROS DE CORREDORES DE SEGUROS QUE NO SEAN PERSONAS NATURALES Y DE CIRCULAR QUE MODIFICA CIRCULAR N° 1652, QUE ESTABLECE FICHA ESTADISTICA CODIFICADA UNIFORME PARA INFORMAR PRODUCCION INTERMEDIADA POR LOS CORREDORES DE SEGUROS (PERSONAS NATURALES).",https://www.cmfchile.cl/normativa/cir_2299_2021.pdf
2021_2298,2021-11-05,Otro,,"EJECUTA ACUERDO DEL CONSEJO DE LA COMISIÓN PARA EL MERCADO FINANCIERO QUE APRUEBA LA EMISIÓN DE CIRCULAR QUE MODIFICA CIRCULAR N° 2137, QUE IMPARTE NORMAS SOBRE FORMA Y CONTENIDO DE LOS ESTADOS FINANCIEROS DE CORREDORES DE SEGUROS QUE NO SEAN PERSONAS NATURALES Y DE CIRCULAR QUE MODIFICA CIRCULAR N° 1652, QUE ESTABLECE FICHA ESTADISTICA CODIFICADA UNIFORME PARA INFORMAR PRODUCCION INTERMEDIADA POR LOS CORREDORES DE SEGUROS (PERSONAS NATURALES).",https://www.cmfchile.cl/normativa/cir_2298_2021.pdf
2021_0458,2021-07-30,Modificación NCG,,EJECUTA ACUERDO DEL CONSEJO DE LA COMISIÓN PARA EL MERCADO FINANCIERO QUE APRUEBA LA NORMA QUE MODIFICA LA NORMA DE CARÁCTER GENERAL N° 152 QUE IMPARTE NORMAS SOBRE ACTIVOS REPRESENTATIVOS DE RESERVAS TÉCNICAS Y PATRIMONIO DE RIESGO.,https://www.cmfchile.cl/normativa/ncg_458_2021.pdf
2021_0457,2021-07-19,Otro,,EJECUTA ACUERDO DEL CONSEJO DE LA COMISIÓN PARA EL MERCADO FINANCIERO QUE APRUEBA NORMA DE CARÁCTER GENERAL QUE SIMPLIFICA INSCRIPCIÓN DE VALORES DE OFERTA PÚBLICA.,https://www.cmfchile.cl/normativa/ncg_457_2021.pdf
2021_0456,2021-07-05,Otro,,EJECUTA ACUERDO DEL CONSEJO DE LA COMISIÓN PARA EL MERCADO FINANCIERO QUE APRUEBA NORMA DE CARÁCTER GENERAL QUE REGULA LA FIGURA DE DENUNCIANTE ANÓNIMO.,https://www.cmfchile.cl/normativa/ncg_456_2021.pdf
2021_0455,2021-06-02,Modificación NCG,,IMPARTE INSTRUCCIONES SOBRE EL SISTEMA DE CONSULTAS Y OFERTAS DE MONTOS DE PENSIÓN ESTABLECIDO POR EL ARTÍCULO 61 BIS DEL D.L. N°3.500 DE 1980. MODIFICA LA NORMA DE CARÁCTER GENERAL N°218 DE LA COMISIÓN PARA EL MERCADO FINANCIERO Y EL TÍTULO II DEL LIBRO III DEL COMPENDIO DE NORMAS DE LA SUPERINTENDENCIA DE PENSIONES.,https://www.cmfchile.cl/normativa/ncg_455_2021.pdf
2021_2290,2021-05-28,Otro,,"EJECUTA ACUERDO DEL CONSEJO DE LA COMISIÓN PARA EL MERCADO FINANCIERO QUE APRUEBA LA CIRCULAR QUE PRECISA FECHAS DE ENVÍO DE LOS NUEVOS ARCHIVOS DEL SISTEMA DE RIESGOS Y AJUSTA EL TAMAÑO DE ALGUNOS CAMPOS DE LOS ARCHIVOS R01, R07 Y R08 Y EXCLUYE LOS TRAMITES PREVISTOS EN EL INCISO PRIMERO DEL NUMERAL 3 DEL ARTÍCULO 20 DEL D.L. N°3.538 DE 1980.",https://www.cmfchile.cl/normativa/cir_2290_2021.pdf
2021_0453,2021-04-30,Modificación NCG,,"EJECUTA ACUERDO DEL CONSEJO DE LA COMISIÓN PARA EL MERCADO FINANCIERO QUE APRUEBA LA NORMA QUE MODIFICA LA NORMA DE CARÁCTER GENERAL N°323 QUE IMPARTE INSTRUCCIONES SOBRE DETERMINACIÓN DEL PATRIMONIO DE RIESGO, PATRIMONIO NETO Y OBLIGACIÓN DE INVERTIR; Y QUE EXCEPTÚA DE TRÁMITES ESTABLECIDOS EN EL ARTÍCULO 20 N°3 DEL DECRETO LEY N°3.538.",https://www.cmfchile.cl/normativa/ncg_453_2021.pdf
2021_2287,2021-03-01,Otro,,"EJECUTA ACUERDO DEL CONSEJO DE LA COMISIÓN PARA EL MERCADO FINANCIERO QUE APRUEBA LA EMISIÓN DE LA CIRCULAR QUE MODIFICA LA CIRCULAR N° 1893, QUE IMPARTE INSTRUCCIONES SOBRE PÓLIZAS DE SEGUROS COMO PLANES DE AHORRO PREVISIONAL VOLUNTARIO Y PLANES DE   AHORRO PREVISIONAL VOLUNTARIO COLECTIVO.",https://www.cmfchile.cl/normativa/cir_2287_2021.pdf
2021_0452,2021-02-22,Modificación NCG,EXCEPTÚA DE LA OBLIGACIÓN DE INSCRIPCIÓN A DETERMINADAS OFERTAS PÚBLICAS DE VALORES Y MODIFICA LA NORMA DE CARÁCTER GENERAL N°336 DE 2012 EN LOS TÉRMINOS QUE INDICA,EJECUTA ACUERDO DEL CONSEJO DE LA COMISIÓN PARA EL MERCADO FINANCIERO QUE APRUEBA NORMA DE CARÁCTER GENERAL QUE EXCEPTÚA DE LA OBLIGACIÓN DE INSCRIPCIÓN A DETERMINADAS OFERTAS PÚBLICAS DE VALORES Y MODIFICA LA NORMA DE CARÁCTER GENERAL N°336 DE 2012 EN LOS TÉRMINOS QUE INDICA.,https://www.cmfchile.cl/normativa/ncg_452_2021.pdf
2021_0451,2021-01-25,Otro,,"EJECUTA ACUERDO DEL CONSEJO DE LA COMISIÓN PARA EL MERCADO FINANCIERO QUE APRUEBA NORMA DE CARÁCTER GENERAL QUE ESTABLECE CARACTERÍSTICAS O CONDICIONES QUE SE DEBERÁN CUMPLIR, A EFECTOS DE INSCRIBIR TÍTULOS DE DEUDA BAJO LA MODALIDAD DE REGISTRO AUTOMÁTICO.",https://www.cmfchile.cl/normativa/ncg_451_2021.pdf
2020_0450,2020-11-17,Otro,,EJECUTA ACUERDO DEL CONSEJO DE LA COMISIÓN PARA EL MERCADO FINANCIERO QUE APRUEBA NORMA DE CARÁCTER GENERAL QUE AUTORIZA MEDIOS TECNOLÓGICOS PARA LA CELEBRACIÓN DE SESIONES DE DIRECTORIO Y DEROGA LA CIRCULAR N°1.530 DE 2001,https://www.cmfchile.cl/normativa/ncg_450_2020.pdf
2020_0449,2020-09-14,Otro,,"EJECUTA ACUERDO DEL CONSEJO DE LA COMISIÓN PARA EL MERCADO FINANCIERO QUE APRUEBA MODIFICACIONES A LA NORMA DE CARÁCTER GENERAL N° 446 QUE MODIFICÓ LA NORMA DE CARÁCTER GENERAL N°318 QUE IMPARTE INSTRUCCIONES SOBRE APLICACIÓN DE NORMAS IFRS EN LA CONSTITUCIÓN DE RESERVAS TÉCNICAS DE LOS SEGUROS DE RENTA VITALICIA Y DE INVALIDEZ Y SOBREVIVENCIA, DEL D.L. N°3.500 DE 1980.",https://www.cmfchile.cl/normativa/ncg_449_2020.pdf
2020_0448,2020-09-14,Otro,,"EJECUTA ACUERDO DEL CONSEJO DE LA COMISIÓN PARA EL MERCADO FINANCIERO QUE APRUEBA MODIFICACIONES A LA NORMA DE CARÁCTER GENERAL N° 445 QUE MODIFICÓ LA NORMA DE CARÁCTER GENERAL N°209 QUE IMPARTE INSTRUCCIONES RELATIVAS AL ANÁLISIS DE SUFICIENCIA DE ACTIVOS EN ENTIDADES ASEGURADORAS Y REASEGURADORAS DEL SEGUNDO GRUPO, QUE MANTENGAN OBLIGACIONES VIGENTES DE SEGUROS DE RENTA VITALICIA DEL D.L. N° 3500 DE 1980, Y QUE EXCEPTÚA DE TRÁMITES ESTABLECIDOS EN EL ARTÍCULO 20 N°3 DEL DECRETO LEY N°3.538.",https://www.cmfchile.cl/normativa/ncg_448_2020.pdf
2020_0446,2020-08-28,Otro,,"EJECUTA ACUERDO DEL CONSEJO DE LA COMISIÓN PARA EL MERCADO FINANCIERO QUE APRUEBA MODIFICACIONES A LA NORMA DE CARÁCTER GENERAL N° 209 QUE IMPARTE INSTRUCCIONES RELATIVAS AL ANÁLISIS DE SUFICIENCIA DE ACTIVOS EN ENTIDADES ASEGURADORAS Y REASEGURADORAS DEL SEGUNDO GRUPO, QUE MANTENGAN OBLIGACIONES VIGENTES DE SEGUROS DE RENTA VITALICIA DEL D.L. N° 3500 DE 1980, Y A LA NORMA DE CARÁCTER GENERAL N° 318 QUE IMPARTE INSTRUCCIONES SOBRE APLICACIÓN DE NORMAS IFRS EN LA CONSTITUCIÓN DE RESERVAS TÉCNICAS DE LOS SEGUROS DE RENTA VITALICIA Y DE INVALIDEZ Y SOBREVIVENCIA, DEL D.L. N°3.500 DE 1980.",https://www.cmfchile.cl/normativa/ncg_446_2020.pdf
2020_0445,2020-08-28,Otro,,"EJECUTA ACUERDO DEL CONSEJO DE LA COMISIÓN PARA EL MERCADO FINANCIERO QUE APRUEBA MODIFICACIONES A LA NORMA DE CARÁCTER GENERAL N° 209 QUE IMPARTE INSTRUCCIONES RELATIVAS AL ANÁLISIS DE SUFICIENCIA DE ACTIVOS EN ENTIDADES ASEGURADORAS Y REASEGURADORAS DEL SEGUNDO GRUPO, QUE MANTENGAN OBLIGACIONES VIGENTES DE SEGUROS DE RENTA VITALICIA DEL D.L. N° 3500 DE 1980, Y A LA NORMA DE CARÁCTER GENERAL N° 318 QUE IMPARTE INSTRUCCIONES SOBRE APLICACIÓN DE NORMAS IFRS EN LA CONSTITUCIÓN DE RESERVAS TÉCNICAS DE LOS SEGUROS DE RENTA VITALICIA Y DE INVALIDEZ Y SOBREVIVENCIA, DEL D.L. N°3.500 DE 1980.",https://www.cmfchile.cl/normativa/ncg_445_2020.pdf
2020_0444,2020-06-19,Modificación NCG,,EJECUTA ACUERDO DEL CONSEJO DE LA COMISIÓN PARA EL MERCADO FINANCIERO QUE APRUEBA LA EMISION DE NORMA QUE MODIFICA LA NORMA DE CARÁCTER GENERAL N°234 QUE ESTABLECE NORMAS PARA LA CONTRATACIÓN DEL SEGURO DE INVALIDEZ Y SOBREVIVENCIA; Y QUE EXCEPTÚA DE TRÁMITES ESTABLECIDOS EN EL ARTÍCULO 20 N°3 DEL DECRETO LEY N°3.538.,https://www.cmfchile.cl/normativa/ncg_444_2020.pdf
2020_0443,2020-06-15,Modificación NCG,EXIME TEMPORALMENTE DE LA PRESENTACIÓN DE CIERTOS DOCUMENTOS EN LAS SOLICITUDES DE INSCRIPCIÓN DE VALORES DE OFERTA PÚBLICA Y MODIFICA LA NORMA DE CARÁCTER GENERAL N°30,EJECUTA ACUERDO DEL CONSEJO DE LA COMISIÓN PARA EL MERCADO FINANCIERO QUE APRUEBA NORMA DE CARÁCTER GENERAL QUE EXIME TEMPORALMENTE DE LA PRESENTACIÓN DE CIERTOS DOCUMENTOS EN LAS SOLICITUDES DE INSCRIPCIÓN DE VALORES DE OFERTA PÚBLICA Y MODIFICA LA NORMA DE CARÁCTER GENERAL N°30.,https://www.cmfchile.cl/normativa/ncg_443_2020.pdf
2020_2259,2020-06-08,Otro,,"EJECUTA ACUERDO DEL CONSEJO DE LA COMISIÓN PARA EL MERCADO FINANCIERO QUE APRUEBA LA EMISIÓN DE LA CIRCULAR QUE IMPARTE NORMAS SOBRE PRESENTACIÓN EN ESTADOS FINANCIEROS DEL APORTE ENTREGADO A LOS CUERPOS DE BOMBEROS POR PARTE DE ASEGURADORAS Y MUTUALIDADES. DEROGA CIRCULAR N°1829, DE 2007.",https://www.cmfchile.cl/normativa/cir_2259_2020.pdf
2020_0442,2020-06-05,Modificación NCG,,EJECUTA ACUERDO DEL CONSEJO DE LA COMISIÓN PARA EL MERCADO FINANCIERO QUE APRUEBA LA EMISION DE NORMA QUE MODIFICA LA NORMA DE CARÁCTER GENERAL N°243 QUE ESTABLECE INSTRUCCIONES RELATIVAS A LA CONSTITUCION DE RESERVAS TECNICAS EN EL SEGURO DE INVALIDEZ Y SOBREVIVENCIA DEL D.L. N° 3.500 DE 1980; Y QUE EXCEPTÚA DE TRÁMITES ESTABLECIDOS EN EL ARTÍCULO 20 N°3 DEL DECRETO LEY N°3.538.,https://www.cmfchile.cl/normativa/ncg_442_2020.pdf
2020_0441,2020-05-13,Modificación NCG,,EJECUTA ACUERDO DEL CONSEJO DE LA COMISIÓN PARA EL MERCADO FINANCIERO QUE APRUEBA LA EMISION DE NORMA QUE MODIFICA LA NORMA DE CARÁCTER GENERAL N°234 QUE ESTABLECE NORMAS PARA LA CONTRATACIÓN DEL SEGURO DE INVALIDEZ Y SOBREVIVENCIA; Y QUE EXCEPTÚA DE TRÁMITES ESTABLECIDOS EN EL ARTÍCULO 20 N°3 DEL DECRETO LEY N°3.538.,https://www.cmfchile.cl/normativa/ncg_441_2020.pdf
2020_0440,2020-05-13,Modificación NCG,,EJECUTA ACUERDO DEL CONSEJO DE LA COMISIÓN PARA EL MERCADO FINANCIERO QUE APRUEBA LA EMISION DE NORMA QUE MODIFICA LA NORMA DE CARÁCTER GENERAL N°243 QUE ESTABLECE INSTRUCCIONES RELATIVAS A LA CONSTITUCION DE RESERVAS TECNICAS EN EL SEGURO DE INVALIDEZ Y SOBREVIVENCIA DEL D.L. N° 3.500 DE 1980; Y QUE EXCEPTÚA DE TRÁMITES ESTABLECIDOS EN EL ARTÍCULO 20 N°3 DEL DECRETO LEY N°3.538.,https://www.cmfchile.cl/normativa/ncg_440_2020.pdf
2020_0439,2020-05-07,Otro,,EJECUTA ACUERDO DEL CONSEJO DE LA COMISIÓN PARA EL MERCADO FINANCIERO QUE APRUEBA NORMATIVA QUE MODIFICA NORMA DE CARÁCTER GENERAL N° 412 SOBRE ACREDITACION DE CONOCIMIENTOS.,https://www.cmfchile.cl/normativa/ncg_439_2020.pdf
2020_0438,2020-04-30,Otro,,EJECUTA ACUERDO DEL CONSEJO DE LA COMISIÓN PARA EL MERCADO FINANCIERO QUE APRUEBA EMISIÓN DE NORMA DE CARÁCTER GENERAL QUE AUTORIZA PARTICIPANTES EN SISTEMAS DE COMPENSACIÓN Y LIQUIDACIÓN DE LA LEY N° 20.345.,https://www.cmfchile.cl/normativa/ncg_438_2020.pdf
2020_2251,2020-04-24,Otro,,"EJECUTA ACUERDO DEL CONSEJO DE LA COMISIÓN PARA EL MERCADO FINANCIERO QUE APRUEBA LA NORMA QUE MODIFICA LA CIRCULAR N° 2.236, QUE ESTABLECE NORMAS PARA EL ENVÍO DE INFORMACIÓN RELATIVA AL PROCESO DE REPARACIÓN DE VEHÍCULOS MOTORIZADOS.",https://www.cmfchile.cl/normativa/cir_2251_2020.pdf
2020_0437,2020-04-09,Modificación NCG,,"EJECUTA ACUERDO DEL CONSEJO DE LA COMISIÓN PARA EL MERCADO FINANCIERO QUE APRUEBA LA EMISION DE NORMA QUE MODIFICA LA NORMA DE CARÁCTER GENERAL N°200 QUE ESTABLECE NORMAS SOBRE OPERACIONES DE COBERTURA DE
RIESGOS FINANCIEROS, INVERSIÓN EN PRODUCTOS DERIVADOS FINANCIEROS Y
OPERACIONES DE PRÉSTAMO DE ACCIONES; Y QUE EXCEPTÚA DE TRÁMITES ESTABLECIDOS EN EL ARTÍCULO 20 N°3 DEL DECRETO LEY N°3.538.",https://www.cmfchile.cl/normativa/ncg_437_2020.pdf
2020_0435,2020-03-18,Otro,,"EJECUTA ACUERDO DEL CONSEJO DE LA COMISIÓN PARA EL MERCADO FINANCIERO QUE APRUEBA NORMA DE CARÁCTER GENERAL QUE REGULA PARTICIPACION Y VOTACION A DISTANCIA EN JUNTAS DE ACCIONISTAS, JUNTAS DE TENEDORES DE BONOS Y ASAMBLEAS DE APORTANTES, Y MODIFICA NORMA DE CARÁCTER GENERAL N°273",https://www.cmfchile.cl/normativa/ncg_435_2020.pdf
2020_0434,2020-01-01,Otro,,EJECUTA ACUERDO DEL CONSEJO DE LA COMISIÓN PARA EL MERCADO FINANCIERO QUE APRUEBA NORMA DE CARÁCTER GENERAL QUE AUTORIZA MECANISMOS PARA EL USO DE FIRMA ELECTRÓNICA EN LA SUSCRIPCIÓN DE LAS ACTAS DE DIRECTORIO DE SOCIEDADES ANÓNIMAS,https://www.cmfchile.cl/normativa/ncg_434_2020.pdf
2019_2240,2019-01-01,Otro,,"EJECUTA ACUERDO DEL CONSEJO DE LA COMISIÓN PARA EL MERCADO FINANCIERO QUE APRUEBA LA NORMA QUE MODIFICA LA CIRCULAR N° 2.236, QUE REQUIERE INFORMACIÓN A LAS COMPAÑÍAS DE SEGUROS GENERALES RESPECTO DE TIEMPOS DE REPARACIÓN DE VEHÍCULOS MOTORIZADOS CON PERDIDA PARCIAL.",https://www.cmfchile.cl/normativa/cir_2240_2019.pdf
2019_0433,2019-01-01,Otro,,"EJECUTA ACUERDO DEL CONSEJO DE LA COMISIÓN PARA EL MERCADO FINANCIERO QUE APRUEBA MODIFICACIONES A LA NORMA DE CARÁCTER GENERAL N° 209 QUE IMPARTE INSTRUCCIONES RELATIVAS AL ANÁLISIS DE SUFICIENCIA DE ACTIVOS EN ENTIDADES ASEGURADORAS Y REASEGURADORAS DEL SEGUNDO GRUPO, QUE MANTENGAN OBLIGACIONES VIGENTES DE SEGUROS DE RENTA VITALICIA DEL D.L. N° 3500 DE 1980.",https://www.cmfchile.cl/normativa/ncg_433_2019.pdf
2019_0432,2019-01-01,Otro,,"EJECUTA ACUERDO DEL CONSEJO DE LA COMISIÓN PARA EL MERCADO FINANCIERO QUE APRUEBA NORMA DE CARÁCTER GENERAL QUE AUTORIZA BIENES, DOCUMENTOS Y CONTRATOS SUSCEPTIBLES DE SER DEPOSITADOS EN LAS ENTIDADES DE DEPÓSITO Y CUSTODIA DE VALORES.",https://www.cmfchile.cl/normativa/ncg_432_2019.pdf
2019_0431,2019-01-01,Otro,,EJECUTA ACUERDO DEL CONSEJO DE LA COMISIÓN PARA EL MERCADO FINANCIERO QUE APRUEBA NORMA DE CARÁCTER GENERAL QUE IMPARTE INSTRUCCIONES SOBRE PLAZOS DE PRESENTACIÓN DE INFORMACIÓN FINANCIERA.,https://www.cmfchile.cl/normativa/ncg_431_2019.pdf
2019_0430,2019-01-01,Otro,,EJECUTA ACUERDO DEL CONSEJO DE LA COMISIÓN PARA EL MERCADO FINANCIERO QUE APRUEBA EMISIÓN DE NORMATIVA QUE INDICA.,https://www.cmfchile.cl/normativa/ncg_430_2019.pdf
2018_2236,2018-03-06,Otro,,"ESTABLECE NORMAS PARA EL ENVIO DE INFORMACION RELATIVA AL PROCESO DE REPARACION DE VEHICULOS MOTORIZADOS. APROBADA POR RESOLUCION N°793, 06.03.2018.",https://www.cmfchile.cl/normativa/cir_2236_2018.pdf
2018_2239,2018-01-01,Otro,,EJECUTA ACUERDO DEL CONSEJO DE LA COMISIÓN PARA EL MERCADO FINANCIERO QUE APRUEBA LA NORMA QUE MODIFICA LA CIRCULAR N° 1835 QUE IMPARTE INSTRUCCIONES RELATIVAS A LA FORMA Y CONTENIDO DE INFORMACIÓN SOBRE INVERSIONES Y DEL SISTEMA DE EVALUACIÓN  DEL RIESGO DE MERCADO DE CARTERA DE INVERSIONES.,https://www.cmfchile.cl/normativa/cir_2239_2018.pdf
2018_2238,2018-01-01,Otro,,EJECUTA ACUERDO DEL CONSEJO DE LA COMISIÓN PARA EL MERCADO FINANCIERO QUE APRUEBA CIRCULAR QUE MODIFICA LA CIRCULAR N°2.171 DE 2015,https://www.cmfchile.cl/normativa/cir_2238_2018.pdf
2018_2237,2018-01-01,Otro,,"EJECUTA ACUERDO DEL CONSEJO DE LA COMISIÓN PARA EL MERCADO FINANCIERO QUE APRUEBA CIRCULAR QUE INDICA A LOS ÓRGANOS DE ADMINISTRACIÓN DE LAS ENTIDADES DE INFRAESTRUCTURA SOMETIDOS A LA FISCALIZACIÓN DE ESTA COMISIÓN, QUE LOS ESTÁNDARES QUE DEBEN OBSERVAR PARA EFECTOS DE GESTIONAR ADECUADAMENTE LOS RIESGOS INHERENTES A SU GIRO Y CUMPLIR CON SUS OBLIGACIONES LEGALES, SON LOS PRINCIPIOS DE INFRAESTRUCTURAS FINANCIERAS DE MERCADO EMITIDOS POR CPMI-IOSCO.",https://www.cmfchile.cl/normativa/cir_2237_2018.pdf
2018_2234,2018-01-01,Otro,,"MODIFICA CIRCULAR N°2121 DE OCTUBRE DE 2013, QUE IMPARTE NORMAS SOBRE EL SEGURO OBLIGATORIO DE ACCIDENTES PERSONALES CAUSADOS POR VEHICULOS MOTORIZADOS CON MATRÍCULA EXTRANJERA DEL ARTÍCULO 60 DE LA LEY N°18.290, Y ESTABLECE FORMATO Y CONTENDO DEL CERTIFICADO DEL SEGURO.",https://www.cmfchile.cl/normativa/cir_2234_2018.pdf
2018_1040,2018-01-01,Otro,,"IMPARTE INSTRUCCIONES SOBRE PLAZOS DE PRESENTACIÓN DE LA INFORMACIÓN FINANCIERA CORRESPONDIENTE AL EJERCICIO 2018.
APROBADA POR RESOLUCIÓN EXENTA N°1443 DE 18-04-2018",https://www.cmfchile.cl/normativa/ofc_1040_2018.pdf
2018_0427,2018-01-01,Modificación NCG,,"EJECUTA ACUERDO DEL CONSEJO DE LA COMISIÓN PARA EL MERCADO FINANCIERO QUE APRUEBA LA NORMA QUE MODIFICA LA NORMA DE CARÁCTER GENERAL N° 200 QUE ESTABLECE NORMAS SOBRE OPERACIONES DE COBERTURA DE RIESGOS FINANCIEROS, INVERSIÓN EN PRODUCTOS DERIVADOS FINANCIEROS Y OPERACIONES DE PRÉSTAMO DE ACCIONES.",https://www.cmfchile.cl/normativa/ncg_427_2018.pdf
2018_0426,2018-01-01,Otro,,EJECUTA ACUERDO DEL CONSEJO DE LA COMISIÓN PARA EL MERCADO FINANCIERO QUE APRUEBA NORMA DE CARÁCTER GENERAL QUE DETERMINA LAS INFRACCIONES DE MENOR ENTIDAD QUE SERÁN SOMETIDAS AL PROCEDIMIENTO SIMPLIFICADO ESTABLECIDO EN EL PÁRRAFO 3 DEL TÍTULO IV DEL D.L. N°3.538.,https://www.cmfchile.cl/normativa/ncg_426_2018.pdf
2018_0425,2018-01-01,Otro,,EJECUTA ACUERDO DEL CONSEJO DE LA COMISIÓN PARA EL MERCADO FINANCIERO QUE APRUEBA LA NORMA QUE MODIFICA LA NCG N° 152 QUE IMPARTE NORMAS SOBRE ACTIVOS REPRESENTATIVOS DE RESERVAS TÉCNICAS Y PATRIMONIO DE RIESGO.,https://www.cmfchile.cl/normativa/ncg_425_2018.pdf
2017_2226,2017-01-01,Otro,,"MODIFICA CIRCULAR N°2022, DE 17 DE MAYO DE 2011, QUE IMPARTE NORMAS SOBRE FORMA, CONTENIDO Y PRESENTACION DE LOS ESTADOS FINANCIEROS DE LAS ENTIDADES ASEGURADORAS Y REASEGURADORAS.",https://www.cmfchile.cl/normativa/cir_2226_2017.pdf
2017_2219,2017-01-01,Otro,,"MODIFICA CIRCULAR N° 2131, QUE IMPARTE INSTRUCCIONES SOBRE ATENCION DE CLIENTES Y TRAMITACION DE CONSULTAS Y REGLAMOS",https://www.cmfchile.cl/normativa/cir_2219_2017.pdf
2017_0982,2017-01-01,Otro,,IMPARTE INSTRUCCIONES RELATIVAS A LA MANTENCION DE LA SUSPENSION DE LA  INCORPORACION DE NOTAS ESTRUCTURADAS Y CUALQUIER OTRO ACTIVO QUE TENGA COMO SUBYACENTE INSTRUMENTOS ESTRUCTURADOS EN LA MEDICION DE CALCE Y TSA.,https://www.cmfchile.cl/normativa/ofc_982_2017.pdf
2017_0414,2017-01-01,Otro,,"IMPARTE INSTRUCCIONES SOBRE EL SISTEMA DE CONSULTAS Y OFERTAS DE MONTOS DE PENSION ESTABLECIDO POR EL ARTÍCULO 61 BIS DEL D.L. N° 3.500, DE 1980.    MODIFICA LA NORMA DE CARACTER GENERAL N° 218 DE LA SUPERINTENDENCIA DE VALORES Y SEGUROS Y EL TÍTULO II DEL LIBRO III DEL COMPENDIO DE NORMAS DE LA SUPERINTENDENCIA DE PENSIONES.",https://www.cmfchile.cl/normativa/ncg_414_2017.pdf
2016_2217,2016-01-01,Otro,,"MODIFICA CIRCULAR 1459, QUE IMPARTE NORMAS SOBRE CERTIFICADO SEGURO OBLIGATORIO LEY N° 18490. DEROGA OFICIO CIRCULAR N° 508 DE 2009.",https://www.cmfchile.cl/normativa/cir_2217_2016.pdf
2016_2216,2016-01-01,Otro,,"IMPARTE INSTRUCCIONES SOBRE IMPLEMENTACION IFRS. MODIFICA CIRCULAR N° 2022, DE 17 DE MAYO DE 2011, QUE IMPARTE NORMAS SOBRE FORMA, CONTENIDO Y PRESENTACION DE LOS ESTADOS FINANCIEROS DE LAS ENTIDADES ASEGURADORAS Y REASEGURADORAS.",https://www.cmfchile.cl/normativa/cir_2216_2016.pdf
2016_2208,2016-01-01,Otro,,"MODIFICA CIRCULAR N° 1194, QUE ESTABLECE NORMAS PARA EL ENVIO DE INFORMACION DE SEGUROS PREVISIONALES E INDICES DE COBERTURA DEL SISTEMA DE CALCE EN MEDIOS MAGNETICOS",https://www.cmfchile.cl/normativa/cir_2208_2016.pdf
2016_2197,2016-01-01,Otro,,"IMPARTE INSTRUCCIONES SOBRE APLICACION DE TABLAS DE MORTALIDAD CB-2014, RV-2014, B-2014, MI-2014, FIJADAS POR NORMA DE CARACTER GENERAL N° 398, DE 20 DE NOVIEMBRE DE 2015.",https://www.cmfchile.cl/normativa/cir_2197_2016.pdf
2016_2195,2016-01-01,Otro,,MODIFICA CIRCULAR N° 1459 DE DICIEMBRE DE 1999 QUE IMPARTE NORMAS SOBRE CERTIFICADO SEGURO OBLIGATORIO LEY N° 18.490,https://www.cmfchile.cl/normativa/cir_2195_2016.pdf
2016_0916,2016-01-01,Otro,,MODIFICA OFICIO CIRCULAR N° 374 DE 2006,https://www.cmfchile.cl/normativa/ofc_916_2016.pdf
2016_0413,2016-01-01,Otro,,"MODIFICA NCG 306, QUE IMPARTE INSTRUCCIONES SOBRE CONSTITUCIÓN DE RESERVAS TECNICAS EN SEGUROS DISTINTOS DE LOS PREVISIONALES DEL D.L. 3500 DE 1980",https://www.cmfchile.cl/normativa/ncg_413_2016.pdf
2016_0406,2016-01-01,Otro,,"MODIFICA NCG N° 306, QUE IMPARTE INSTRUCCIONES SOBRE CONSTITUCION DE RESERVAS TECNICAS EN SEGUROS DISTINTOS DE LOS PREVISIONALES DEL D.L. N° 3.500, DE 1980.",https://www.cmfchile.cl/normativa/ncg_406_2016.pdf
2016_0405,2016-01-01,Otro,,"MODIFICA NCG N° 318, QUE IMPARTE INSTRUCCIONES SOBRE APLICACION DE NORMAS IFRS EN LA CONSTITUCION DE RESERVAS TECNICAS DE LOS SEGUROS DE RENTA VITALICIA Y DE INVALIDEZ Y SOBREVIVENCIA, DEL D.L. N° 3.500 DE 1980.",https://www.cmfchile.cl/normativa/ncg_405_2016.pdf
2016_0404,2016-01-01,Otro,,"MODIFICA NCG 306, QUE IMPARTE INSTRUCCIONES SOBRE CONSTITUCION DE RESERVAS TECNICAS EN SEGUROS DISTINTOS DE LOS PREVISIONALES DEL D.L. N° 3500, DE 1980.",https://www.cmfchile.cl/normativa/ncg_404_2016.pdf
2015_2185,2015-01-01,Otro,,MODIFICA CIRCULAR N° 2095 QUE ESTABLECE NORMAS PARA EL ENVIO DE INFORMACION DE SEGUROS DE INVALIDEZ Y SOBREVIVENCIA.,https://www.cmfchile.cl/normativa/cir_2185_2015.pdf
2015_2184,2015-01-01,Otro,,MODIFICA CIRCULAR N° 1194 QUE ESTABLECE NORMAS PARA EL ENVIO DE INFORMACION DE SEGUROS PREVISIONALES E INDICES DE COBERTURA DEL SISTEMA DE CALCE EN MEDIOS MAGNETICOS.,https://www.cmfchile.cl/normativa/cir_2184_2015.pdf
2015_2183,2015-01-01,Otro,,MODIFICA CIRCULAR N° 2180 QUE IMPARTE INSTRUCCIONES SOBRE COMERCIALIZACION DE SEGUROS CON CUENTA UNICA DE INVERSION (CUI),https://www.cmfchile.cl/normativa/cir_2183_2015.pdf
2015_2180,2015-01-01,Otro,,IMPARTE INSTRUCCIONES SOBRE COMERCIALIZACION DE SEGUROS CON CUENTA UNICA DE INVERSION (CUI),https://www.cmfchile.cl/normativa/cir_2180_2015.pdf
2015_2171,2015-01-01,Otro,,"AUTORIZA PLANES DE AHORRO PREVISIONAL VOLUNTARIO Y PLANES DE AHORRO PREVISIONAL VOLUNTARIO COLECTIVO E IMPARTE INSTRUCCIONES SOBRE LA MATERIA.
DEROGA CIRCULAR N° 1.898 DE 2008",https://www.cmfchile.cl/normativa/cir_2171_2015.pdf
2015_0868,2015-01-01,Otro,,IMPARTE INSTRUCCIONES RELATIVAS A MANTENCIÓN DE LA SUSPENSIÓN DE LA INCORPORACIÓN DE NOTAS ESTRUCTURADAS Y CUALQUIER OTRO ACTIVO QUE TENGA COMO SUBYACENTE INSTRUMENOS ESTRUCTURADOS EN LA MEDICIÓN DE CALCE Y TSA. DEROGA OFICIO CIRCULAR N° 774 DE 2013.,https://www.cmfchile.cl/normativa/ofc_868_2015.pdf
2015_0391,2015-01-01,Otro,,MODIFICA NCG 243 QUE IMPARTE INSTRUCCIONES RELATIVAS A LA CONSTITUCION DE RESERVAS TECNICAS EN SEGURO DE INVALIDEZ Y SOBREVIVENCIA DEL D.L. N° 3500 DE 1980.,https://www.cmfchile.cl/normativa/ncg_391_2015.pdf
2015_0390,2015-01-01,Otro,,"1. AUTORIZA INSTRUMENTOS BIENES Y CONTRATOS EN QUE PODRAN EFECTUARSE APORTES Y PAGARSE RESCATES.
2. DEROGA NORMA DE CARACTER GENERAL N° 312 DE 2011",https://www.cmfchile.cl/normativa/ncg_390_2015.pdf
2015_0385,2015-01-01,Otro,,"ESTABLECE NORMAS PARA LA DIFUSION DE INFORMACION RESPECTO DE LAS PRACTICAS DE GOBIERNO CORPORATIVO ADOPTADOS POR LAS SOCIEDADES ANONIMAS ABIERTAS.
DEROGA NORMA DE CARACTER GENERAL N° 341 DE 2012",https://www.cmfchile.cl/normativa/ncg_385_2015.pdf
2015_0383,2015-01-01,Otro,,AUTORIZA ACTIVIDADES COMPLEMENTARIAS A ADMINISTRADORAS DE FONDOS.  DEROGA CIRCULAR N° 1.566 DE 2001 Y SUS MODIFICACIONES,https://www.cmfchile.cl/normativa/ncg_383_2015.pdf
2015_0377,2015-01-01,Otro,,IMPARTE NORMAS SOBRE  CONTRATACION DE SEGUROS DE RENTAS VITALICIAS DEL D.L. N° 3.500 DE 1980.   REMPLAZA NORMA DE CARACTAR GENERAL N° 163 DE 21 DE JUNIO DE 2004,https://www.cmfchile.cl/normativa/ncg_377_2015.pdf
2015_0373,2015-01-01,Otro,,MODIFICA NORMA DE CARACTER GENERAL N° 209 QUE IMPARTE INSTRUCCIONES RELATIVAS AL ANALISIS DE SUFICIENCIA DE ACTIVOS (TSA) EN SEGUROS DE RENTAS VITALICIAS,https://www.cmfchile.cl/normativa/ncg_373_2015.pdf
2014_2164,2014-01-01,Otro,,MODIFICA CIRCULAR Nº 1806 QUE IMPARTE INSTRUCCIONES SOBRE PROVISIONES PARA MUTUOS HIPOTECARIOS ENDOSABLES,https://www.cmfchile.cl/normativa/cir_2164_2014.pdf
2014_2163,2014-01-01,Otro,,"MODIFICA CIRCULAR Nº 1815, QUE ESTABLECE NORMAS PARA EL ENVIO DE INFORMACION SOBRE POLIZAS DE RENTA VITALICIA PREVISIONAL DEL D.L. Nº 3.500 DE 1980.",https://www.cmfchile.cl/normativa/cir_2163_2014.pdf
2014_2161,2014-01-01,Otro,,MODIFICA CIRCULAR N° 1194 QUE ESTABLECE NORMAS PARA EL ENVIO DE INFORMACION DE SEGUROS PREVISIONALES DEL D.L. N° 3.500,https://www.cmfchile.cl/normativa/cir_2161_2014.pdf
2014_2149,2014-01-01,Otro,,MODIFICA CIRCULAR N° 2.131 QUE IMPARTE INSTRUCCIONES SOBRE ATENCION DE CLIENTES Y TRAMITACION DE CONSULTAS Y RECLAMOS,https://www.cmfchile.cl/normativa/cir_2149_2014.pdf
2014_2148,2014-01-01,Otro,,IMPARTE INSTRUCCIONES SOBRE COMERCIALIZACION TELEFONICA DE SEGUROS DEROGA CIRCULAR N° 1587,https://www.cmfchile.cl/normativa/cir_2148_2014.pdf
2014_2143,2014-01-01,Otro,,"IMPARTE NORMAS SOBRE FORMA Y CONTENIDO DE LOS ESTADOS FINANCIEROS DE LOS AGENTES ADMINISTRADORES DE MUTUOS HIPOTECARIOS ENDOSABLES.
DEROGA CIRCULARES QUE INDICA",https://www.cmfchile.cl/normativa/cir_2143_2014.pdf
2014_2138,2014-01-01,Otro,,IMPARTE INSTRUCCIONES SOBRE IMPLEMENTACION IFRS. MODIFICA CIRCULAR N° 2022 DE 17 DE MAYO DE 2011 QUE IMPARTE NORMAS SOBRE FORMA CONTENIDO Y PRESENTACION DE LOS ESTADOS FINANCIEROS DE LAS ENTIDADES ASEGURADORAS Y REASEGURADORAS,https://www.cmfchile.cl/normativa/cir_2138_2014.pdf
2014_2137,2014-01-01,Otro,,IMPARTE NORMAS SOBRE FORMA Y CONTENIDO DE LOS ESTADOS FINANCIEROS DE CORREDORES DE SEGUROS QUE NO SEAN PERSONAS NATURALES. DEROGA CIRCULARES QUE INDICA,https://www.cmfchile.cl/normativa/cir_2137_2014.pdf
2014_0826,2014-01-01,Otro,,IMPARTE INSTRUCCIONES SOBRE PLAZO DE PRESENTACION DE INFORMACION FINANCIERA CORRESPONDIENTE AL EJERCICIO 2013,https://www.cmfchile.cl/normativa/ofc_826_2014.pdf
2014_0370,2014-01-01,Otro,,"ESTABLECE REGULACIONES PARA LA FUSION, DIVISION Y TRANSFORMACION DE FONDOS O SUS SERIES.
MODIFICA SECCION III DE LA NORMA DE CARACTER GENERAL Nº 365 DE 2014
DEROGA CIRCULAR Nº 2.023 DE 2011",https://www.cmfchile.cl/normativa/ncg_370_2014.pdf
2014_0368,2014-01-01,Otro,,REGULA FORMA Y CONTENIDO DEL REGISTRO DE APORTANTES.  DEROGA CIRCULAR N° 2025 DE 2011 Y SUS MODIFICACIONES,https://www.cmfchile.cl/normativa/ncg_368_2014.pdf
2014_0366,2014-01-01,Otro,,"IMPARTE INSTRUCCIONES SOBRE LA NEGOCIACION DE VALORES EXTRANJEROS EN CHILE. 
DEROGA NORMA DE CARACTER GENERAL Nº 240 DE 2009 Y CIRCULAR Nº 1.768 DE 2005.",https://www.cmfchile.cl/normativa/ncg_366_2014.pdf
2014_0364,2014-01-01,Otro,,"ESTABLECE REQUISITOS DE INSCRIPCION DE ENTIDADES INFORMANTES DEL ARTICULO 7° DE LA LEY N° 18.045 Y DEL ARTICULO 90 DE LA LEY N° 20.712 Y OBLIGACIONES DE INFORMACION A ESAS ENTIDADES.
DEROGA NORMA DE CARACTER GENERAL N° 284 Y NORMA DE CARACTER GENERAL N° 285 DE 2010 Y CIRCULAR N° 1954 DE 2009",https://www.cmfchile.cl/normativa/ncg_364_2014.pdf
2014_0359,2014-01-01,Otro,,MODIFICA NCG N° 306 QUE IMPARTE INSTRUCCIONES SOBRE CONSTITUCION DE RESERVAS TECNICAS DE SEGUROS DISTINTOS DE LOS PREVISIONALES D.L. N° 3.500 DE 1980,https://www.cmfchile.cl/normativa/ncg_359_2014.pdf
2013_2133,2013-01-01,Otro,,IMPARTE INSTRUCCIONES SOBRE CONTABILIZACION DE CREDITOS REPROGRAMADOS SEGUN LEY N° 20572 DE 2012 Y SUS RESPECTIVAS PROVISIONES,https://www.cmfchile.cl/normativa/cir_2133_2013.pdf
2013_2131,2013-01-01,Otro,,"IMPARTE INSTRUCCIONES SOBRE ATENCION DE CLIENTES Y TRAMITACION DE CONSULTAS Y RECLAMOS.  REEMPLAZA Y DEROGA CIRCULARES N° 1487, DE 2000 Y 1760 DE 2005",https://www.cmfchile.cl/normativa/cir_2131_2013.pdf
2013_2130,2013-01-01,Otro,,"MODIFICA CIRCULAR N° 1893 DE 2008, QUE IMPARTE INSTRUCCIONES SOBRE POLIZAS DE SEGUROS COMO PLANES DE AHORRO PREVISIONAL VOLUNTARIO Y PLANES DE AHORRO PREVISIONAL VOLUNTARIO COLECTIVO",https://www.cmfchile.cl/normativa/cir_2130_2013.pdf
2013_2126,2013-01-01,Otro,,MODIFICA CIRCULAR N° 1390 QUE  IMPARTE INSTRUCCIONES RELATIVAS A INTERMEDIACION DE SEGUROS,https://www.cmfchile.cl/normativa/cir_2126_2013.pdf
2013_2124,2013-01-01,Otro,,MODIFICA CIRCULAR N°1459 DE 1999 QUE IMPARTE NORMAS SOBRE CERTIFICADO SEGURO OBLIGATORIO LEY N°18490,https://www.cmfchile.cl/normativa/cir_2124_2013.pdf
2013_2123,2013-01-01,Otro,,"IMPARTE INSTRUCCIONES SOBRE:  I. INFORMACION A INCLUIR EN POLIZAS DE SEGUROS;  II.  INFORMACION DE LAS PRIMAS Y COMISIONES;  III.  REGLAS PARA SEGUROS CONTRATADOS EN FORMA COLECTIVA,  IV.  NORMAS GENERALES SOBRE INFORMACION A ENTREGAR AL PUBLICO ACERCA DEL ASEGURADOR Y CORREDOR DE SEGUROS, Y;  V.  NORMAS SOBRE PROMOCION, PUBLICIDAD Y OFERTA DE SEGUROS Y DE BENEFICIOS ASOCIADOS A LA CONTRATACION DE POLIZAS DE SEGUROS.  REEMPLAZA Y DEROGA CIRCULARES N° 1457, DE 1999 Y N° 1759, DE 2005",https://www.cmfchile.cl/normativa/cir_2123_2013.pdf
2013_2122,2013-01-01,Otro,,"MODIFICA CIRCULAR N° 1893 DE 2008, QUE IMPARTE INSTRUCCIONES SOBRE POLIZAS DE SEGUROS COMO PLANES DE AHORRO PREVISIONAL VOLUNTARIO Y PLANES DE AHORRO PREVISIONAL VOLUNTARIO COLECTIVO",https://www.cmfchile.cl/normativa/cir_2122_2013.pdf
2013_2121,2013-01-01,Otro,,IMPARTE NORMAS SOBRE EL SEGURO OBLIGATORIO DE ACCIDENTES PERSONALES CAUSADOS POR VEHICULOS MOTORIZADOS CON MATRICULA EXTRANJERA DEL ARTICULO 60 DE LA LEY N° 18.290 Y ESTABLECE FORMATO Y CONTENIDO DEL CERTIFICADO DEL SEGURO,https://www.cmfchile.cl/normativa/cir_2121_2013.pdf
2013_2120,2013-01-01,Otro,,IMPARTE NORMAS SOBRE EL ENVIO DE INFORMACION PERIODICA RELATIVA A LOS SEGUROS DE TERREMOTO,https://www.cmfchile.cl/normativa/cir_2120_2013.pdf
2013_2118,2013-01-01,Otro,,MODIFICA CIRCULAR 2095 QUE ESTABLECE NORMAS PARA EL ENVIO DE INFORMACION DE SEGUROS DE INVALIDEZ Y SOBREVIVIENCIA,https://www.cmfchile.cl/normativa/cir_2118_2013.pdf
2013_2115,2013-01-01,Otro,,IMPARTE INSTRUCCIONES SOBRE EL ENVIO DE LAS SENTENCIAS SEÑALADAS EN EL ARTICULO 543 DEL CODIGO DE COMERCIO.,https://www.cmfchile.cl/normativa/cir_2115_2013.pdf
2013_2114,2013-01-01,Otro,,"IMPARTE INSTRUCCIONES SOBRE LA DEVOLUCION DE LA PRIMA PAGADA NO GANADA POR EL ASEGURADOR.  DEROGA CIRCUAR N° 1.762, DE 14/07/2005 Y OFICIO CIRCULAR N° 778, DE 08/02/2013",https://www.cmfchile.cl/normativa/cir_2114_2013.pdf
2013_2106,2013-01-01,Otro,,ESTABLECE OBLIGACON DE INFORMAR RESPECTO AL PROCEDIMIENTO DE LIQUIDACION DE SINIESTROS EN POLIZAS DE SEGUROS. DEROGA CIRCULAR N° 1116 DE 7 DE ABRIL DE 1993.,https://www.cmfchile.cl/normativa/cir_2106_2013.pdf
2013_2099,2013-01-01,Otro,,"MODIFICA CIRCULAR N° 1893, DE 16 DE SEPTIEMBRE DE 2008, QUE IMPARTE INSTRUCCIONES SOBRE POLIZAS DE SEGUROS COMO PLANES DE AHORRO PREVISIONAL VOLUNTARIO Y PLANES DE AHORRO PREVISIONAL VOLUNTARIO COLECTIVO",https://www.cmfchile.cl/normativa/cir_2099_2013.pdf
2013_2095,2013-01-01,Otro,,ESTABLECE NORMAS PARA EL ENVIO DE INFORMACION DE SEGUROS DE INVALIDEZ Y SOBREVIVENCIA.,https://www.cmfchile.cl/normativa/cir_2095_2013.pdf
2013_0788,2013-01-01,Otro,,IMPARTE INSTRUCCIONES SOBRE PLAZOS DE PRESENTACION DE LA INFORMACION FINANCIERA CORRESPONDIENTE AL EJERCICIO 2013,https://www.cmfchile.cl/normativa/ofc_788_2013.pdf
2013_0779,2013-01-01,Otro,,IMPARTE INSTRUCCIONES SOBRE PLAZOS DE PRESENTACION DE LA INFORMACION FINANCIERA CORRESPONDIENTE AL EJERCICIO 2013,https://www.cmfchile.cl/normativa/ofc_779_2013.pdf
2013_0354,2013-01-01,Otro,,IMPARTE INSTRUCCIONES SOBRE EL SISTEMA DE CONSULTAS Y OFERTAS DE MONTOS DE PENSION ESTABLECIDO POR EL ARTICULO 61 BIS DEL D.L. N° 3.500 DE 1980.  MODIFICA LA NORMA DE CARACTER GENERAL N° 348 DE LA SUPERINTENDENCIA DE VALORES Y SEGUROS Y LA NORMA DE CARACTER GENERAL N° 89 DE LA SUPERINTENDENCIA DE PENSIONES DE 3 DE JULIO DE 2013,https://www.cmfchile.cl/normativa/ncg_354_2013.pdf
2013_0352,2013-01-01,Otro,,"ESTABLECE NORMAS PARA LA OFERTA PUBLICA DE VALORES EXTRANJEROS EN CHILE.
DEROGA NORMAS DE CARACTER GENERAL N° 88 DE 1999, N° 217 DE 2008 Y N° 241 DE 2009",https://www.cmfchile.cl/normativa/ncg_352_2013.pdf
2013_0351,2013-01-01,Otro,,MODIFICA NCG N°152 DE 2002 QUE IMPARTE NORMAS SOBRE ACTIVOS REPRESENTATIVOS DE RESERVAS TECNICAS Y PATRIMONIO DE RIESGO,https://www.cmfchile.cl/normativa/ncg_351_2013.pdf
2013_0349,2013-01-01,Otro,,ESTABLECE NORMAS RELATIVAS AL DEPOSITO DE POLIZAS Y DISPOSICIONES MINIMAS DE LAS POLIZAS DE SEGUROS. DEROGA NORMA DE CARACTER GENERAL N° 124 DE 2001.,https://www.cmfchile.cl/normativa/ncg_349_2013.pdf
2012_2090,2012-01-01,Otro,,MODIFICA CIRCULAR N° 1893 DE 2008 QUE IMPARTE INSTRUCCIONES SOBRE POLIZAS DE SEGUROS COMO PLANES DE AHORRO PREVISIONAL VOLUNTARIO Y PLANES DE AHORRO PREVISIONAL VOLUNTARIO COLECTIVO,https://www.cmfchile.cl/normativa/cir_2090_2012.pdf
2012_2087,2012-01-01,Otro,,REQUERIMIENTO DE INFORMACION SOBRE INGRESOS OBTENIDOS POR PARTE DE LAS CLASIFICADORAS DE RIESGO.  DEROGA CIRCULAR N° 1.844 DE 2007,https://www.cmfchile.cl/normativa/cir_2087_2012.pdf
2012_2085,2012-01-01,Otro,,IMPARTE NORMAS SOBRE FORMA Y CONTENIDO DE LOS ESTADOS FINANCIEROS DE LAS CLASIFICADORAS DE RIESGO Y DEL INFORME DE GESTION ANUAL.  DEROGA CIRCULAR N° 851 DE 1989,https://www.cmfchile.cl/normativa/cir_2085_2012.pdf
2012_2080,2012-01-01,Otro,,"MODIFICA CIRCULAR N° 2052, DE 20 DE DICIEMBRE DE 2011 Y CIRCULAR N° 1893, DE 16 DE SEPTIEMBRE DE 2008, QUE IMPARTE INSTRUCCIONES SOBRE POLIZAS DE SEGUROS COMO PLANES DE AHORRO PREVISIONAL VOLUNTARIO Y PLANES DE AHORRO PREVISIONAL VOLUNTARIO COLECTIVO",https://www.cmfchile.cl/normativa/cir_2080_2012.pdf
2012_2076,2012-01-01,Otro,,"MODIFICA CIRCULAR N° 2050 DE 07 DE DICIEMBRE DE 2011 QUE IMPARTE INSTRUCCIONES SOBRE IMPLEMENTACION IFRS Y MODIFICA CIRCULAR N° 2022 DE 17 DE MAYO DE 2011 QUE IMPARTE NORMAS SOBRE FORMA, CONTENIDO Y PRESENTACION DE LOS ESTADOS FINANCIEROS DE LAS ENTIDADES ASEGURADORAS Y REASEGURADORAS",https://www.cmfchile.cl/normativa/cir_2076_2012.pdf
2012_2075,2012-01-01,Otro,,MODIFICA CIRCULAR N° 2052 DE 20 DE DICIEMBRE DE 2011 QUE MODIFICA CIRCULAR N° 1893 DE 16 DE SEPTIEMBRE DE 2008 QUE IMPARTE INSTRUCCIONES SOBRE POLIZAS DE SEGUROS COMO PLANES DE AHORRO PREVISIONAL VOLUNTARIO Y PLANES DE AHORRO PREVISIONAL VOLUNTARIO COLECTIVO,https://www.cmfchile.cl/normativa/cir_2075_2012.pdf
2012_2073,2012-01-01,Otro,,"IMPARTE INSTRUCCIONES SOBRE IMPLEMENTACION IFRS.
MODIFICA CIRCULARES N° 2022 Y N° 2050, DE 17 DE MAYO DE 2011 Y DE 07 DE DICIEMBRE DE 2011 RESPECTIVAMENTE, QUE IMPARTE NORMAS SOBRE FORMA, CONTENIDO Y PRESENTACION DE LOS ESTADOS FINANCIEROS DE LAS ENTIDADES ASEGURADORAS Y REASEGURADORAS",https://www.cmfchile.cl/normativa/cir_2073_2012.pdf
2012_2072,2012-01-01,Otro,,MODIFICA CIRCULAR N° 1194 DE 20 DE ENERO DE 1995 QUE ESTABLECE NORMAS PARA EL ENVIO DE INFORMACION DE SEGUROS PREVISIONALES DEL D.L. N° 3.500,https://www.cmfchile.cl/normativa/cir_2072_2012.pdf
2012_2067,2012-01-01,Otro,,"ESTABLECE INSTRUCCIONES PARA LA PUBLICACION DE ESTADOS FINANCIEROS BAJO IFRS.
DEROGA CIRCULAR N° 1.799 DE 10.03.2006",https://www.cmfchile.cl/normativa/cir_2067_2012.pdf
2012_2064,2012-01-01,Otro,,"DEROGA CIRCULAR N°1127, DE 1993.",https://www.cmfchile.cl/normativa/cir_2064_2012.pdf
2012_2063,2012-01-01,Otro,,MODIFICA CIRCULARES N° 1.997 DE 2010 Y N° 1.581 DE 2002 EN LOS TERMINOS QUE INDICA Y DEROGA CIRCULAR N° 1.647 DE 2003,https://www.cmfchile.cl/normativa/cir_2063_2012.pdf
2012_2057,2012-01-01,Otro,,"ESTABLECE INSTRUCCIONES PARA LA PUBLICACION DE ESTADOS FINANCIEROS BAJO IFRS.
DEROGA CIRCULAR N° 673 DE 19.12.1986",https://www.cmfchile.cl/normativa/cir_2057_2012.pdf
2012_0721,2012-01-01,Otro,,IMPARTE INSTRUCCIONES SOBRE PLAZO DE PRESENTACION DE INFORMACION FINANCIERA CORRESPONDIENTE AL EJERCICIO 2011.,https://www.cmfchile.cl/normativa/ofc_721_2012.pdf
2012_0720,2012-01-01,Otro,,MODIFICA OFICIO CIRCULAR N°479 DE 17.10.2008,https://www.cmfchile.cl/normativa/ofc_720_2012.pdf
2012_0714,2012-01-01,Otro,,IMPARTE INSTRUCCIONES SOBRE PLAZOS DE PRESENTACION DE LA INFORMACION FINANCIERA CORRESPONDIENTE AL EJERCICIO 2012,https://www.cmfchile.cl/normativa/ofc_714_2012.pdf
2012_0713,2012-01-01,Otro,,IMPARTE INSTRUCCIONES SOBRE PLAZO DE PRESENTACION DE INFORMACION FINANCIERA CORRESPONDIENTE AL EJERCICIO 2011 Y 2012,https://www.cmfchile.cl/normativa/ofc_713_2012.pdf
2012_0708,2012-01-01,Otro,,IMPARTE INSTRUCCIONES SOBRE PLAZOS DE PRESENTACION DE LA INFORMACION FINANCIERA CORRESPONDIENTE AL EJERCICIO 2012,https://www.cmfchile.cl/normativa/ofc_708_2012.pdf
2012_0341,2012-01-01,Otro,,ESTABLECE NORMAS PARA LA DIFUSION DE INFORMACION RESPECTO DE LOS ESTANDARES DE GOBIERNO CORPORATIVO ADOPTADOS POR LAS SOCIEDADES ANONIMAS ABIERTAS,https://www.cmfchile.cl/normativa/ncg_341_2012.pdf
2012_0339,2012-01-01,Otro,,"IMPARTE INSTRUCCIONES SOBRE EL SISTEMA DE CONSULTAS Y OFERTAS DE MONTOS DE PENSION ESTABLECIDO POR EL ARTICULO 61 BIS DEL D.L. N° 3.500, DE 1980.  MODIFICA LA NORMA DE CARACTER GENERAL N° 335 DE LA SUPERINTENDENCIA DE VALORES Y SEGUROS Y LA NORMA DE CARACTER GENERAL N° 43 DE LA SUPERINTENDENCIA DE PENSIONES, DE 7 DE MAYO DE 2012",https://www.cmfchile.cl/normativa/ncg_339_2012.pdf
2012_0335,2012-01-01,Otro,,"IMPARTE INSTRUCCIONES SOBRE EL SISTEMA DE CONSULTAS Y OFERTAS DE MONTOS DE PENSION ESTABLECIDO POR EL ART. 61 BIS DEL D.L. N° 3.500, DE 1980.  MODIFICA NCG N° 218, DE LA SUPERINTENDENCIA DE VALORES Y SEGUROS Y EL TITULO II DEL LIBRO III DEL COMPENDIO DE NORMAS DE LA SUPERINTENDENCIA DE PENSIONES.  DEROGA LOS OFICIOS ORDINARIOS N° 5.280, 21.878, 14.757, 8.465 Y 11.551 DE LA SUPERINTENDENCIA DE VALORES Y SEGUROS; Y LOS OFICIOS ORDINARIOS N°  12.032, 31.923,  25.094, 18.075 Y 9.559 DE LA SUPERNINTE",https://www.cmfchile.cl/normativa/ncg_335_2012.pdf
2012_0332,2012-01-01,Otro,,MODIFICA NORMAS DE CARACTER GENERAL N° 30 DE 1989 Y N° 118 DE 2001 EN LOS TERMINOS QUE INDICA Y DEROGA CIRCULAR N° 573 DE 1985,https://www.cmfchile.cl/normativa/ncg_332_2012.pdf
2011_2054,2011-01-01,Otro,,IMPARTE INSTRUCCIONES SOBRE CONTROL INTERNO Y GESTION DE RIESGOS PARA INTERMEDIARIOS DE VALORES,https://www.cmfchile.cl/normativa/cir_2054_2011.pdf
2011_2053,2011-01-01,Otro,,"MODIFICA CIRCULAR N° 2025 DE 24 DE MAYO DEL 2011, QUE REGULA FORMA Y CONTENIDO DEL REGISTRO DE PARTICIPES.",https://www.cmfchile.cl/normativa/cir_2053_2011.pdf
2011_2052,2011-01-01,Otro,,"MODIFICA CIRCULAR N° 1893, DE 16 DE SEPTIEMBRE DE 2008, QUE IMPARTE INSTRUCCIONES SOBRE POLIZAS DE SEGUROS COMO PLANES DE AHORRO PREVISIONAL VOLUNTARIO Y PLANES DE AHORRO PREVISIONAL VOLUNTARIO COLECTIVO",https://www.cmfchile.cl/normativa/cir_2052_2011.pdf
2011_2050,2011-01-01,Otro,,"IMPARTE INSTRUCCIONES SOBRE IMPLEMENTACION IFRS.
MODIFICA CIRCULAR N° 2022, DE 17 DE MAYO DE 2011, QUE IMPARTE NORMAS SOBRE FORMA, CONTENIDO Y PRESENTACION DE LOS ESTADOS FINANCIEROS DE LAS ENTIDADES ASEGURADORAS Y REASEGURADORAS",https://www.cmfchile.cl/normativa/cir_2050_2011.pdf
2011_2047,2011-01-01,Otro,,"ESTABLECE REQUISITOS PARA LA INVERSION DE FONDOS MUTUOS EN LOS INSTRUMENTOS QUE INDICA.
DEROGA CIRCULAR N° 1.516 DE 2001",https://www.cmfchile.cl/normativa/cir_2047_2011.pdf
2011_2038,2011-01-01,Otro,,"AUTORIZA VALORES PARA SER CONSIDERADOS ELEGIBLES PARA EFECTOS DE LO DISPUESTO EN ARTICULO 13 N°2 DEL D.L. 1328, DE 1976. DEROGA CIRCULAR N°1818, DE 2006.",https://www.cmfchile.cl/normativa/cir_2038_2011.pdf
2011_2033,2011-01-01,Otro,,MODIFICA CIRCULAR N° 1194 DE 20 DE ENERO DE 1995 QUE ESTABLECE NORMAS PARA EL ENVIO DE INFORMACION DE SEGUROS PREVISIONALES DEL D.L. N° 3.500,https://www.cmfchile.cl/normativa/cir_2033_2011.pdf
2011_2032,2011-01-01,Otro,,IMPARTE INSTRUCCIONES RELATIVAS A INFORMACION A LOS PARTICIPES SOBRE MODIFICACIONES QUE SE INCORPOREN EN LOS REGLAMENTOS INTERNOS Y CONTRATOS DE SUSCRIPCION DE CUOTAS DE FONDO MUTUOS.  DEROGA CIRCULAR N° 1.740 DE 2005,https://www.cmfchile.cl/normativa/cir_2032_2011.pdf
2011_2025,2011-01-01,Otro,,REGULA FORMA Y CONTENIDO DEL REGISTRO DE PARTICIPES,https://www.cmfchile.cl/normativa/cir_2025_2011.pdf
2011_2023,2011-01-01,Otro,,"ESTABLECE REGULACIONES PARA LA FUSION Y DIVISION DE FONDOS, O SUS SERIES",https://www.cmfchile.cl/normativa/cir_2023_2011.pdf
2011_2022,2011-01-01,Otro,,"IMPARTE NORMAS SOBRE FORMA CONTENIDO Y PRESENTACION DE LOS ESTADOS FINANCIEROS DE LAS ENTIDADES ASEGURADORAS Y REASEGURADORAS.
DEROGA CIRCULARES N° 103 DE 12.11.1981 N° 109 DE 14.12.1981 N° 1122 DE 24.05.1993 N° 1439 DE 10.06.1999 Y N° 1465 DE 13.01.2000",https://www.cmfchile.cl/normativa/cir_2022_2011.pdf
2011_2007,2011-01-01,Otro,,"REGISTRO PUBLICO DE PRESIDENTES, DIRECTORES, GERENTES, EJECUTIVOS PRINCIPALES, ADMINISTRADORES Y LIQUIDADORES Y SU ACTUALIZACION CONTINUA. MODIFICA OFICIO CIRCULAR N° 3572 DE 09.06.2000",https://www.cmfchile.cl/normativa/cir_2007_2011.pdf
2011_2005,2011-01-01,Otro,,MODIFICA CIRCULAR N! 1913 DE 13.09.2006 QUE IMPARTE INSTRUCCIONES SOBRE NOTAS ESPECIFICAS ADICIONALES PARA ESTADOS FINANCIEROS DE ORGANIZACIONES DEPORTIVAS PROFESIONALES,https://www.cmfchile.cl/normativa/cir_2005_2011.pdf
2011_0692,2011-01-01,Otro,,MODIFICA OFICIO CIRCULAR N° 684 DE 29.07.11,https://www.cmfchile.cl/normativa/ofc_692_2011.pdf
2011_0661,2011-01-01,Otro,,"IMPARTE INSTRUCCIONES RELATIVAS A LA INCORPORACION DE NOTAS ESTRUCTURADAS, FONDOS DE INVERSION PUBLICOS O PRIVADOS QUE TENGAN COMO UNICO ACTIVO SUBYACENTE LAS MENCIONADAS ESTRUCTURAS Y CUALQUIER OTRO ACTIVO QUE TENGA COMO SUBYACENTE INSTRUMENTOS ESTRUCTURADOS  DE LOS ANTES MENCIONADOS EN LA MEDICION DE CALCE Y TSA SEGUN CIRCULAR N° 1512 DE 02/01/2011 Y NORMA DE CARACTER GENERAL N° 209 DE 24/12/2007. DEROGA OFICIO CIRCULAR N° 570 DE 17/02/2010.",https://www.cmfchile.cl/normativa/ofc_661_2011.pdf
2011_0660,2011-01-01,Otro,,IMPARTE INSTRUCCIONES SOBRE ADOPCION DE LAS IFRS DE ENTIDADES QUE INDICA,https://www.cmfchile.cl/normativa/ofc_660_2011.pdf
2011_0325,2011-01-01,Otro,,"IMPARTE INSTRUCCIONES SOBRE SISTEMA DE GESTION DE RIESGOS DE LAS ASEGURADORAS Y EVALUACION DE SOLVENCIA DE LAS COMPAÑIAS POR PARTE DE LA SUPERINTENDENCIA. DEROGA NCG N° 130, DE 2002.",https://www.cmfchile.cl/normativa/ncg_325_2011.pdf
2011_0323,2011-01-01,Otro,,"IMPARTE INSTRUCCIONES SOBRE DETERMINACION DEL PATRIMONIO DE RIESGO, PATRIMONIO NETO Y OBLIGACION DE INVERTIR.   DEROGA CIRCULAR N° 1570 DE 22.11.2001",https://www.cmfchile.cl/normativa/ncg_323_2011.pdf
2011_0322,2011-01-01,Otro,,IMPARTE NORMAS SOBRE PRESENTACION Y TRATAMIENTO DE LA INFORMACION FINANCIERA BAJO IFRS,https://www.cmfchile.cl/normativa/ncg_322_2011.pdf
2011_0318,2011-01-01,Otro,,"IMPARTE INSTRUCCIONES SOBRE APLICACION DE NORMAS IFRS EN LA CONSTITUCION DE RESERVAS TECNICAS DE LOS SEGUROS DE RENTA VITALICIA Y DE INVALIDEZ Y SOBREVIVENCIA, DEL D.L. N°3500 DE 1980",https://www.cmfchile.cl/normativa/ncg_318_2011.pdf
2011_0316,2011-01-01,Otro,,"NORMAS SOBRE VALORIZACION DE INVERSIONES INMOBILIARIAS. DEROGA CIRCULAR N°1360 DE ENERO DE 1998, NORMA DE CARACTER GENERAL N°42 DE JULIO DE 1992 Y OFICIO CIRCULAR N°652 DE DICIEMBRE DE 2010.",https://www.cmfchile.cl/normativa/ncg_316_2011.pdf
2011_0314,2011-01-01,Otro,,"REGULA NUEVA FORMA DE USO DEL SISTEMA DE ENVIO DE INFORMACION EN LINEA PARA LA PRESENTACION DE INFORMACION LEGAL, ECONOMICA Y FINANCIERA A TRAVES DE INTERNET.   DEROGA NORMA DE CARACTER GENERAL N° 117 DE 2001",https://www.cmfchile.cl/normativa/ncg_314_2011.pdf
2011_0311,2011-01-01,Otro,,"NORMAS SOBRE VALORIZACION DE INVERSIONES.  DEROGA CIRCULAR N° 1360 DE 5 DE ENERO DE 1998, EN LO QUE CORRESPONDE A INVERSIONES FINANCIERAS",https://www.cmfchile.cl/normativa/ncg_311_2011.pdf
2011_0308,2011-01-01,Otro,,"IMPARTE INSTRUCCIONES SOBRE LAS CONDICIONES E INFORMACION MINIMA QUE DEBEN CUMPLIR LAS INVERSIONES DE LOS FONDOS MUTUOS.
DEROGA CIRCULAR N° 1.217 DE 29.05.1995 Y SUS MODIFICACIONES",https://www.cmfchile.cl/normativa/ncg_308_2011.pdf
2011_0306,2011-01-01,Otro,,"IMPARTE INSTRUCCIONES SOBRE CONSTITUCION DE RESERVAS TECNICAS EN SEGUROS DISTINTOS DE LOS SEGUROS PREVISIONALES DEL DL N° 3.500, DE 1980.  DEROGA CIRCULARES N° 376 DE 1983, N° 530 DE 1985, N° 637 DE 1986, N° 652 DE 1986, N°1126 DE 1993, N° 1510 DE 1979, N° 1540 DE 1979, N°033 DE 1981, N°1476 DE 2000, N° 1681 DE 2003 Y NORMA DE CARACTER GENERAL N° 132, DE 2002",https://www.cmfchile.cl/normativa/ncg_306_2011.pdf
2011_0304,2011-01-01,Otro,,"1.- ESTABLECE PROCEDIMIENTO DE INSCRIPCION DE TITULOS DE DEUDA EMITIDOS POR ESTADOS EXTRANJEROS, ORGANIZACIONES INTERNACIONALES O SUPRANACIONALES Y ENTIDADES EXTRANJERAS, EN EL REGISTRO DE VALORES, LA OFERTA PUBLICA DE LOS MISMOS EN CHILE, SU DIFUSION, COLOCACION Y OBLIGACIONES DE INFORMACION.
2.- DEROGA NORMA DE CARACTER GENERAL N° 193 DE 2006 Y SUS MODIFICACIONES",https://www.cmfchile.cl/normativa/ncg_304_2011.pdf
2011_0303,2011-01-01,Otro,,"NORMA APLICABLE A LAS EMISIONES DE TITULOS DE DEUDA DE SECURITIZACION, A SU INSCRIPCION EN EL REGISTRO DE VALORES, A LA DIFUSION Y PUBLICIDAD DE DICHAS EMISIONES Y A SU INFORMACION CONTINUA.  DEROGA NORMA DE CARACTER GENERAL N° 214, DE 2008",https://www.cmfchile.cl/normativa/ncg_303_2011.pdf
2010_2000,2010-01-01,Otro,,IMPARTE INSTRUCCIONES SOBRE PRESENTACION DE INFORMACION FINANCIERA BAJO IFRS DE LOS FONDOS PARA LA VIVIENDA,https://www.cmfchile.cl/normativa/cir_2000_2010.pdf
2010_1999,2010-01-01,Otro,,IMPARTE INSTRUCCIONES SOBRE PRESENTACION DE INFORMACION FINANCIERA BAJO IFRS PARA FONDOS DE INVERSION DE CAPITAL EXTRANJERO. DEROGA CIRCULAR N° 923 DEL 23 DE ENERO DE 1990.,https://www.cmfchile.cl/normativa/cir_1999_2010.pdf
2010_1998,2010-01-01,Otro,,IMPARTE INSTRUCCIONES SOBRE PRESENTACION DE INFORMACION FINANCIERA BAJO IFRS PARA FONDOS DE INVERSION. DEROGA CIRCULAR N° 1756 DEL 4 DE JULIO DE 2005.,https://www.cmfchile.cl/normativa/cir_1998_2010.pdf
2010_1995,2010-01-01,Otro,,ESTABLECE MODELO DE PRESENTACION DE ESTADOS FINANCIEROS DE ACUERDO A IFRS PARA LOS CORREDORES DE BOLSA DE PRODUCTOS. DEROGA CIRCULAR N° 1795 DE 02.03.2006,https://www.cmfchile.cl/normativa/cir_1995_2010.pdf
2010_1992,2010-01-01,Otro,,ESTABLECE MODELO DE PRESENTACION DE ESTADOS FINANCIEROS DE ACUERDO A IFRS PARA LOS INTERMEDIARIOS DE VALORES.   DEROGA CIRCULAR N°579 DE 31.12.1985,https://www.cmfchile.cl/normativa/cir_1992_2010.pdf
2010_1986,2010-01-01,Otro,,"IMPARTE INSTRUCCIONES SOBRE APLICACION DE TABLAS DE MORTALIDAD RV-2009, FIJADAS POR NORMA DE CARACTER GENERAL N° 274, DE 18 DE ENERO DE 2010",https://www.cmfchile.cl/normativa/cir_1986_2010.pdf
2010_1979,2010-01-01,Otro,,"MODIFICA CIRCULAR N° 1194, DE 20 DE ENERO DE 1995, QUE ESTABLECE NORMAS PARA EL ENVIO DE INFORMACION DE SEGUROS PREVISIONALES DEL D.L. N° 3.500",https://www.cmfchile.cl/normativa/cir_1979_2010.pdf
2010_1970,2010-01-01,Otro,,"INSTRUYE EL ENVIO DE INFORMACION RELATIVA AL SEGURO AGRICOLA.  DEROGA CIRCULAR N° 1907, DEL 22 DE DICIEMBRE DE 2008",https://www.cmfchile.cl/normativa/cir_1970_2010.pdf
2010_1968,2010-01-01,Otro,,"ESTABLECE ESTIPULACIONES COMPLEMENTARIAS A LA CIRCULAR N° 1.920 DE 2009, PARA CONTRATOS DE COMPROMISO DE COMPRA Y VENTA, Y PRECISA ALCANCE RESPECTO DE OPERACIONES BURSATILES QUE INDICA.
DEROGA CIRCULAR N° 599 DE 1986",https://www.cmfchile.cl/normativa/cir_1968_2010.pdf
2010_1959,2010-01-01,Otro,,DEROGA CIRCULAR N° 1685 DE OCTUBRE DE 2003 RELATIVA A LA INFORMACION DEL SISTEMA DE EVALUACION DEL RIESGO DE MERCADO DE LA CARTERA DE INVERSIONES DE LAS ENTIDADES ASEGURADORAS Y REASEGURADORAS,https://www.cmfchile.cl/normativa/cir_1959_2010.pdf
2010_0652,2010-01-01,Otro,,IMPARTE INSTRUCCIONES RELATIVAS A LA NORMA DE CARACTER GENERAL N° 42,https://www.cmfchile.cl/normativa/ofc_652_2010.pdf
2010_0628,2010-01-01,Otro,,IMPARTE INSTRUCCIONES RELATIVAS A ENTREGA DE INFORMACION A ASEGURADOS SOBRE LA LIQUIDACION Y PAGO DE SEGUROS QUE INDICA,https://www.cmfchile.cl/normativa/ofc_628_2010.pdf
2010_0622,2010-01-01,Otro,,IMPARTE INSTRUCCIONES SOBRE APLICACION DEL LIMITE SEÑALADO EN EL N° 4.5 DEL TITULO II DE LA NCG N° 200,https://www.cmfchile.cl/normativa/ofc_622_2010.pdf
2010_0605,2010-01-01,Otro,,IMPARTE INSTRUCCIONES RELATIVAS A LA INVERSION EN CUOTAS DE FONDOS MUTUOS O DE INVERSION CONSTITUIDOS FUERA DEL PAIS,https://www.cmfchile.cl/normativa/ofc_605_2010.pdf
2010_0602,2010-01-01,Otro,,MODIFICA ANEXOS DE OFICIO CIRCULAR N° 530 DE 3 DE AGOSTO DE 2009 Y HACE PERMANENTE EL REQUERIMIENTO,https://www.cmfchile.cl/normativa/ofc_602_2010.pdf
2010_0591,2010-01-01,Otro,,IMPARTE INSTRUCCIONES RELATIVAS A LA LIQUIDACION DE SEGUROS QUE INDICA,https://www.cmfchile.cl/normativa/ofc_591_2010.pdf
2010_0571,2010-01-01,Otro,,IMPARTE INSTRUCCIONES SOBRE IMPLEMENTACION IFRS PARA COMPAÑIAS DE SEGUROS.  MODIFICA OFICIO CIRCULAR 546 DE 13 DE OCTUBRE DE 2009,https://www.cmfchile.cl/normativa/ofc_571_2010.pdf
2010_0570,2010-01-01,Otro,,"IMPARTE INSTRUCCIONES RELATIVAS A LA INCORPORACION DE NOTAS ESTRUCTURADAS EN LA MEDICION DE CALCE Y TSA, SEGUN CIRCULAR N° 1.512, DE 2001 Y N.C.G. N° 209, DE 2007",https://www.cmfchile.cl/normativa/ofc_570_2010.pdf
2010_0301,2010-01-01,Otro,,ESTABLECE NORMAS PARA LA INSCRIPCION DE TITULOS REPRESENTATIVOS DE FACTURAS EN EL REGISTRO DE PRODUCTOS,https://www.cmfchile.cl/normativa/ncg_301_2010.pdf
2010_0286,2010-01-01,Otro,,ESTABLECE NORMAS REFERIDAS A LA PRESENTACION DE LA INFORMACION FINANCIERA BAJO IFRS DE LAS SOCIEDADES SECURITIZADORAS.  DEROGA NORMA DE CARACTER GENERAL N° 190 DE 2005,https://www.cmfchile.cl/normativa/ncg_286_2010.pdf
2010_0282,2010-01-01,Otro,,"MODIFICA NORMA DE CARACTER GENERAL N° 243 DE 03 DE FEBRERO DE 2009, QUE IMPARTE INSTRUCCIONES RELATIVAS A LA CONSTITUCION DE RESERVAS TECNICAS EN EL SEGURO DE INVALIDEZ Y SOBREVIVENCIA",https://www.cmfchile.cl/normativa/ncg_282_2010.pdf
2009_1957,2009-01-01,Otro,,"MODIFICA CIRCULAR N° 1194 DE 20 DE ENERO DE 1995, QUE ESTABLECE NORMAS PARA EL ENVIO DE INFORMACION DE SEGUROS PREVISIONALES DEL D.L. 3.500",https://www.cmfchile.cl/normativa/cir_1957_2009.pdf
2009_1956,2009-01-01,Otro,,"ESTABLE MECANISMO PARA DETERMINAR EL CUMPLIMENTO DE LAS CONDICIONES CONTENIDAS EN EL INCISO PRIMERO, DEL ARTICULO 50 BIS DE LA LEY 18.046 E INSTRUCCIONES A LOS COMITES DE DIRECTORES. DEROGA CIRCULAR N° 1526 DE 19 DE FEBRERO DE 2001",https://www.cmfchile.cl/normativa/cir_1956_2009.pdf
2009_1954,2009-01-01,Otro,,INFORMACION QUE LAS EMPRESAS PUBLICAS DEBEN REMITIR EN CONFORMIDAD A LA LEY N° 20285 SOBRE ACCESO A LA INFORMACION PUBLICA DEROGA CIRCULAR N° 1.936 DE 12 DE AGOSTO DE 2009,https://www.cmfchile.cl/normativa/cir_1954_2009.pdf
2009_1951,2009-01-01,Otro,,"1. SOLICITA INFORMACION QUE INDICA RELATIVA A COMISIONES EFECTIVAS DE FONDOS MUTUOS Y FONDOS DE INVERSION.
2. DEROGA CIRCULAR N° 1.883 DE 10 DE JULIO DE 2008 Y OFICIO CIRCULAR N° 538 DE 4 DE SEPTIEMBRE DE 2009",https://www.cmfchile.cl/normativa/cir_1951_2009.pdf
2009_1949,2009-01-01,Otro,,"ESTABLECE OBLIGACION DE INFORMAR RESPECTO A REMESAS.
DEROGA CIRCULAR N° 1.235 DE 22.08.95",https://www.cmfchile.cl/normativa/cir_1949_2009.pdf
2009_1947,2009-01-01,Otro,,"1.-ESTABLECE NORMAS DE INSCRIPCION DE CUOTAS DE FONDOS DE INVERSION EN EL REGISTRO DE VALORES, SU DIFUSION, COLOCACION Y OBLIGACIONES DE INFORMACION.
2.- DEROGA CIRCULAR N° 935 DE 1990",https://www.cmfchile.cl/normativa/cir_1947_2009.pdf
2009_1945,2009-01-01,Otro,,IMPARTE NORMAS SOBRE DETERMINACION DE LA UTILIDAD LIQUIDA DEL EJERCICIO Y TRATAMIENTO DE AJUSTES DE PRIMERA APLICACION  EN EL RESULTADO ACUMULADO PARA ENTIDADES QUE EMITAN SUS ESTADOS FINANCIEROS BAJO IFRS,https://www.cmfchile.cl/normativa/cir_1945_2009.pdf
2009_1944,2009-01-01,Otro,,"MODIFICA CIRCULAR N° 1.815, DE 17 DE OCTUBRE DE 2006, QUE ESTABLECE NORMAS PARA EL ENVIO DE INFORMACION SOBRE POLIZAS DE RENTA VITALICIA PREVISIONAL DEL D.L. N° 3.500.",https://www.cmfchile.cl/normativa/cir_1944_2009.pdf
2009_1931,2009-01-01,Otro,,COMPLEMENTA CIRCULAR N° 1.924 DE 24 DE ABRIL DE 2009 QUE IMPARTE NORMAS SOBRE PRESENTACION DE INFORMACION FINANCIERA PREPARADA BAJO IFRS DE LAS SOCIEDADES INSCRITAS EN EL REGISTRO DE VALORES,https://www.cmfchile.cl/normativa/cir_1931_2009.pdf
2009_1928,2009-01-01,Otro,,OBLIGACIONES DE LAS COMPAÑIAS DE SEGUROS DE VIDA RESPECTO DEL SISTEMA DE PENSIONES SOLIDARIAS Y LA BONIFICACION POR HIJO PARA LAS MUJERES.  DEROGA CIRCULAR N° 1512 DE LA SUPERINTEDENCIA DE PENSIONES Y CIRCULAR N° 1882 DE LA SUPERINTEDENCIA DE VALORES Y SEGUROS,https://www.cmfchile.cl/normativa/cir_1928_2009.pdf
2009_1924,2009-01-01,Otro,,IMPARTE NORMAS SOBRE PRESENTACION DE INFORMACION FINANCIERA PREPARADA BAJO IFRS DE LAS SOCIEDADES INSCRITAS EN EL REGISTRO DE VALORES,https://www.cmfchile.cl/normativa/cir_1924_2009.pdf
2009_1922,2009-01-01,Otro,,MODIFICA CIRCULAR N° 1194 DE 20 DE ENERO DE 1995 QUE ESTABLECE NORMAS PARA EL ENVIO DE INFORMACION DE SEGUROS PREVISIONALES DEL D.L. N° 3.500,https://www.cmfchile.cl/normativa/cir_1922_2009.pdf
2009_1921,2009-01-01,Otro,,"IMPARTE INSTRUCCIONES RELATIVAS A LA FORMA Y CONTENIDO DE INFORMACION SOBRE INVERSIONES Y DEL SISTEMA DE EVALUACION DEL RIESGO DE MERCADO DE LA CARTERA DE INVERSIONES.
DEROGA ANEXOS N° 1 AL N° 8 DE CIRCULAR N° 1.122.
DEROGA CIRCULAR N° 1.607",https://www.cmfchile.cl/normativa/cir_1921_2009.pdf
2009_1919,2009-01-01,Otro,,"MODIFICA CIRCULAR N° 1893, DE 16 DE SEPTIEMBRE DE 2008 QUE IMPARTE INSTRUCCIONES SOBRE POLIZAS DE SEGUROS COMO PLANES DE AHORRO PREVISIONAL VOLUNTARIO Y PLANES DE AHORRO PREVISIONAL VOLUNTARIO COLECTIVO",https://www.cmfchile.cl/normativa/cir_1919_2009.pdf
2009_1917,2009-01-01,Otro,,"MODIFICA CIRCULAR N° 1893, DE 16 DE SEPTIEMBRE DE 2008, QUE IMPARTE INSTRUCCIONES SOBRE POLIZAS DE SEGUROS COMO PLANES DE AHORRO PREVISIONAL VOLUNTARIO Y PLANES DE AHORRO PREVISIONAL VOLUNTARIO COLECTIVO",https://www.cmfchile.cl/normativa/cir_1917_2009.pdf
2009_0560,2009-01-01,Otro,,"IMPARTE INSTRUCCIONES RELATIVAS A LOS DIRECTORES, COMITES Y DIRECTORES INDEPENDIENTES, POR APLICACION DE LAS DISPOSICIONES INTRODUCIDAS POR LA LEY N° 20.382 A LA LEY N° 18.046.",https://www.cmfchile.cl/normativa/ofc_560_2009.pdf
2009_0550,2009-01-01,Otro,,IMPARTE INSTRUCCIONES SOBRE 2ª ENCUESTA ACERCA DEL ESTADO DE AVANCE DEL PROCESO DE CONVERGENCIA A IFRS.,https://www.cmfchile.cl/normativa/ofc_550_2009.pdf
2009_0546,2009-01-01,Otro,,IMPARTE INSTRUCCIONES SOBRE IMPLEMENTACION IFRS,https://www.cmfchile.cl/normativa/ofc_546_2009.pdf
2009_0530,2009-01-01,Otro,,MODIFICA ANEXOS DE OFICIO CIRCULAR N°498 DE 20 DE ENERO DE 2009,https://www.cmfchile.cl/normativa/ofc_530_2009.pdf
2009_0508,2009-01-01,Otro,,"IMPARTE INSTRUCCIONES RELATIVAS A INFORMACION A PROPORCIONAR AL PUBLICO SOBRE EL PRECIO DEL SEGURO OBLIGATORIO DE ACCIDENTES PERSONALES (SOAP) ESTABLECIDO POR LEY N°18.490, DE 1986",https://www.cmfchile.cl/normativa/ofc_508_2009.pdf
2009_0502,2009-01-01,Otro,,"IMPARTE INSTRUCCIONES RELATIVAS A LA INCORPORACION DE BIENES RAICES HABITACIONALES COMO INVERSION REPRESENTATIVA, SEGUN NORMA DE CARACTER GENERAL N° 152 DE 2002",https://www.cmfchile.cl/normativa/ofc_502_2009.pdf
2009_0501,2009-01-01,Otro,,"IMPARTE INSTRUCCIONES RELATIVAS A LA INCORPORACION DE NOTAS ESTRUCTURADAS EN LA MEDICION DE CALCE Y TSA, SEGUN CIRCULAR N° 1512, DE 2001 Y NCG N° 209, DE 2007",https://www.cmfchile.cl/normativa/ofc_501_2009.pdf
2009_0498,2009-01-01,Otro,,IMPARTE NORMAS SOBRE INFORMACION ADICIONAL QUE DEBERAN ENTREGAR LAS ENTIDADES INSCRITAS EN EL REGISTRO DE VALORES  QUE ADOPTEN IFRS.,https://www.cmfchile.cl/normativa/ofc_498_2009.pdf
2009_0270,2009-01-01,Otro,,"ESTABLECE NORMAS PARA LA PUBLICIDAD DE POLITICAS Y PROCEDIMIENTOS RELATIVOS A LA ADQUISICION O ENAJENACION DE VALORES DE LA ENTIDAD Y AL MANEJO Y DIVULGACION DE INFORMACION PARA EL MERCADO.
DEROGA NORMA DE CARACTER GENERAL N° 211 DE 2008",https://www.cmfchile.cl/normativa/ncg_270_2009.pdf
2009_0269,2009-01-01,Otro,,"IMPARTE INSTRUCCIONES SOBRE FORMA DE ENVIO Y CONTENIDO DE LA INFORMACION REQUERIDA POR LOS ARTICULOS 12 Y 20 DE LA LEY 18.045.
DEROGA CIRCULARES N° 585 DE 1986 Y N° 1531 DE 2001",https://www.cmfchile.cl/normativa/ncg_269_2009.pdf
2009_0267,2009-01-01,Otro,,"IMPARTE INSTRUCCIONES SOBRE FORMA Y CONTENIDO DE LOS ESTADOS FINANCIEROS DE LAS SOCIEDADES ADMINISTRADORAS DE SISTEMAS DE COMPENSACION Y LIQUIDACION DE INSTRUMENTOS FINANCIEROS Y DE LOS FONDOS DE RESERVA Y DE GARANTIA, REGULADOS POR LA LEY N° 20.345.",https://www.cmfchile.cl/normativa/ncg_267_2009.pdf
2009_0264,2009-01-01,Otro,,"MODIFICA NORMA DE CARACTER GENERAL N° 152 DE 2002, QUE IMPARTE NORMAS SOBRE ACTIVOS REPRESENTATIVOS DE SERVAS TECNICAS Y PATRIMONIO DE RIESGO. DEROGA OFICIO CIRCULAR N° 502 DE 4 DE FEBRERO DE 2009",https://www.cmfchile.cl/normativa/ncg_264_2009.pdf
2009_0251,2009-01-01,Otro,,"IMPARTE INSTRUCCIONES RELATIVAS A LA CONSTITUCION, CAMBIOS DE PROPIEDAD ACCIONARIA EN ENTIDADES ASEGURADORAS Y REASEGURADORAS EN CHILE Y ESTABLECIMIENTO DE SUCURSALES POR COMPAÑIAS CONSTITUIDAS EN EL EXTRANJERO",https://www.cmfchile.cl/normativa/ncg_251_2009.pdf
2009_0245,2009-01-01,Otro,,MODIFICA NORMA DE CARACTER GENERAL N° 243 DE 03 DE FEBRERO DE 2009 QUE IMPARTE INSTRUCCIONES RELATIVAS A LA CONSTITUCION DE RESERVAS TECNICAS EN EL SEGURO DE INVALIDEZ Y SOBREVIVENCIA DEL D.L. N° 3.500 DE 1980,https://www.cmfchile.cl/normativa/ncg_245_2009.pdf
2009_0243,2009-01-01,Otro,,"IMPARTE INSTRUCCIONES RELATIVAS A LA CONSTITUCION DE RESERVAS TECNICAS EN EL SEGURO DE INVALIDEZ Y SOBREVIVENCIA DEL D.L. N° 3.500, DE 1980.  DEROGA CIRCULAR N° 967, DE AGOSTO DE 1990",https://www.cmfchile.cl/normativa/ncg_243_2009.pdf
2009_0241,2009-01-01,Otro,,"ESTABLECE NORMAS PARA LA INSCRIPCION DE TITULOS EMITIDOS POR VEHICULOS DE INVERSION COLECTIVA Y CUOTAS DE FONDOS DE INVERSION REGIDOS POR LA LEY 18.815, EN EL REGISTRO DE VALORES EXTRANJEROS.  SU OFERTA PUBLICA, DIFUSION Y COLOCACION EN CHILE Y OBLIGACIONES DE INFORMACION.  DEROGA NCG N° 87 Y SUS MODIFICACIONES",https://www.cmfchile.cl/normativa/ncg_241_2009.pdf
2009_0240,2009-01-01,Otro,,IMPARTE INSTRUCCIONES SOBRE LA OFERTA PUBLICA DE VALORES EXTRANJEROS EN BOLSAS DE VALORES Y FUERA DE ELLAS.  DEROGA NCG N° 83 Y SUS MODIFICACIONES,https://www.cmfchile.cl/normativa/ncg_240_2009.pdf
2009_0235,2009-01-01,Otro,,IMPARTE NORMAS SOBRE CUSTODIA DE VALORES PARA LAS ADMINISTRADORAS DE FONDOS QUE SE INDICA,https://www.cmfchile.cl/normativa/ncg_235_2009.pdf
2008_1907,2008-01-01,Otro,,"INSTRUYE EL ENVIO DE INFORMACION RELATIVA AL SEGURO AGRICOLA.   DEROGA CIRCULAR N° 1769, DEL 26 DE AGOSTO DE 2005 MODIFICADA POR CIRCULAR N° 1787 DEL 28 DE DICIEMBRE DE 2005",https://www.cmfchile.cl/normativa/cir_1907_2008.pdf
2008_1905,2008-01-01,Otro,,"IMPARTE INSTRUCCIONES SOBRE EL CALCULO DE LA RESERVA DEL SEGURO DE INVALIDEZ Y SOBREVIVENCIA DEL D.L. N° 3.500, DE 1980",https://www.cmfchile.cl/normativa/cir_1905_2008.pdf
2008_1901,2008-01-01,Otro,,IMPARTE NORMAS SOBRE INFORMACION ADICIONAL QUE DEBERA CONTENER LA INFORMACION FINANCIERA DE ACUERDO A IFRS,https://www.cmfchile.cl/normativa/cir_1901_2008.pdf
2008_1898,2008-01-01,Otro,,"AUTORIZA PLANES DE AHORRO PREVISIONAL VOLUNTARIO Y PLANES DE AHORRO PREVISIONAL VOLUNTARIO COLECTIVO, QUE OFREZCAN INSTITUCIONES QUE SEÑALA E IMPARTE INSTRUCCIONES SOBRE LA MATERIA. DEROGA CIRCULARES N°S. 1.567, 1.589 Y 1.597 Y OFICIO CIRCULAR N° 217 DE 2004.",https://www.cmfchile.cl/normativa/cir_1898_2008.pdf
2008_1896,2008-01-01,Otro,,INSTRUYE EL ENVIO DE INFORMACION RELATIVA A PRESTAMOS A PERSONAS NATURALES Y JURIDICAS. DEROGA CIRCULAR N° 1671 DE 24 DE JUNIO DE 2003,https://www.cmfchile.cl/normativa/cir_1896_2008.pdf
2008_1893,2008-01-01,Otro,,IMPARTE INSTRUCCIONES SOBRE POLIZAS DE SEGUROS COMO PLANES DE AHORRO PREVISIONAL VOLUNTARIO Y PLANES DE AHORRO PREVISIONAL VOLUNTARIO COLECTIVO. DEROGA CIRCULAR 1691 DE 18 DE DICIEMBRE DE 2003,https://www.cmfchile.cl/normativa/cir_1893_2008.pdf
2008_1883,2008-01-01,Otro,,"1) SOLICITA INFORMACION DE FONDOS MUTUOS Y FONDOS DE INVERSION
2) DEROGA CIRCULAR N° 1.755 DE 04 DE JULIO DE 2005",https://www.cmfchile.cl/normativa/cir_1883_2008.pdf
2008_1872,2008-01-01,Otro,,"MODIFICA CIRCULAR N° 1857 DE 2007, QUE IMPARTE INSTRUCCIONES SOBRE APLICACION DE TABLAS DE MORTALIDAD B-2006 Y MI-2006, FIJADAS POR NORMA DE CARACTER GENERAL N° 207, DE 31.08.2007",https://www.cmfchile.cl/normativa/cir_1872_2008.pdf
2008_1869,2008-01-01,Otro,,IMPARTE INSTRUCCIONES SOBRE LA IMPLEMENTACION DE MEDIDAS RELATIVAS A LA GESTION DE RIESGOS Y CONTROL INTERNO EN LAS ADMINISTRADORAS DE FONDOS,https://www.cmfchile.cl/normativa/cir_1869_2008.pdf
2008_1862,2008-01-01,Otro,,DEFINE ALCANCE Y ESTABLECE REQUISITOS A LOS INTERMEDIARIOS DE VALORES PARA EL EJERCICIO DE LA ACTIVIDAD DE ADMINISTRACION DE CARTERA DE TERCEROS.  DEROGA CIRCULAR N° 619 DE FECHA 29.05.1986,https://www.cmfchile.cl/normativa/cir_1862_2008.pdf
2008_0493,2008-01-01,Otro,,IMPARTE INSTRUCCIONES SOBRE LA MATERIA QUE SE INDICA,https://www.cmfchile.cl/normativa/ofc_493_2008.pdf
2008_0491,2008-01-01,Otro,,IMPARTE INSTRUCCIONES SOBRE LA MATERIA QUE INDICA,https://www.cmfchile.cl/normativa/ofc_491_2008.pdf
2008_0475,2008-01-01,Otro,,IMPARTE INSTRUCCIONES SOBRE CUESTIONARIO ACERCA DE AVANCE  DEL PROCESO DE CONVERGENCIA A IFRS,https://www.cmfchile.cl/normativa/ofc_475_2008.pdf
2008_0468,2008-01-01,Otro,,MODIFICA OFICIO CIRCULAR N° 417 DE 02 DE NOVIEMBRE DE 2007,https://www.cmfchile.cl/normativa/ofc_468_2008.pdf
2008_0440,2008-01-01,Otro,,MODIFICA OFICIO CIRCULAR N° 439 DE 22 DE FEBRERO DE 2008 SOBRE INFORMACION DE PRECIOS DEL SEGURO OBLIGATORIO DE ACCIDENTES PERSONALES CAUSADOS POR VEHICULOS MOTORIZADOS LEY N° 18.490,https://www.cmfchile.cl/normativa/ofc_440_2008.pdf
2008_0234,2008-01-01,Otro,,"NORMAS PARA LA CONTRATACION DEL SEGURO DE INVALIDEZ Y SOBREVIVENCIA.  DEROGA CIRCULAR N° 521 Y SUS MODIFICACIONES POSTERIORES, CONTENIDAS EN LAS CIRCULARES N° 648, 1.014 Y 1.082, DE LA EX SUPERINTENDENCIA DE ADMINISTRADORAS DE FONDOS DE PENSIONES, HOY SUPERINTENDENCIA DE PENSIONES",https://www.cmfchile.cl/normativa/ncg_234_2008.pdf
2008_0233,2008-01-01,Otro,,ESTABLECE FORMA Y OPORTUNIDAD PARA ACREDITAR LOS REQUISITOS PARA ACCEDER A LOS BENEFICIOS DEL D.L. N° 1.757.  DEROGA NORMA DE CARACTER GENERAL N° 180 DE 2006,https://www.cmfchile.cl/normativa/ncg_233_2008.pdf
2008_0232,2008-01-01,Otro,,"MODIFICA NCG N° 200 DE 2006, QUE IMPARTE INSTRUCCIONES SOBRE OPERACIONES DE COBERTURA DE RIESGOS FINANCIEROS, INVERSION EN PRODUCTOS DERIVADOS FINANCIEROS Y OPERACIONES DE PRESTAMO DE ACCIONES",https://www.cmfchile.cl/normativa/ncg_232_2008.pdf
2008_0230,2008-01-01,Otro,,MODIFICA NORMA DE CARACTER GENERAL N° 163 DE 21 DE JUNIO DE 2004 QUE IMPARTE INSTRUCCIONES SOBRE CONTRATACION DE SEGUROS DE RENTAS VITALICIAS DEL D.L. N° 3.500 DE 1980.,https://www.cmfchile.cl/normativa/ncg_230_2008.pdf
2008_0229,2008-01-01,Otro,,"MODIFICA NORMA DE CARACTER GENERAL N° 163, DE 21 DE JUNIO DE 2004, LA CUAL IMPARTE NORMAS SOBRE CONTRATACION DE SEGUROS DE RENTAS VITALICIAS DEL D.L. N° 3.500, DE 1980.",https://www.cmfchile.cl/normativa/ncg_229_2008.pdf
2008_0221,2008-01-01,Otro,,"IMPARTE INSTRUCCIONES SOBRE LA ASESORIA PREVISIONAL, EL CONTRATO DE ASESORIA PREVISIONAL Y LA INSCRIPCION EN EL REGISTRO DE ASESORES PREVISIONALES ESTABLECIDO POR EL TITULO XVII DEL D.L. N° 3.500, DE 1980",https://www.cmfchile.cl/normativa/ncg_221_2008.pdf
2008_0219,2008-01-01,Otro,,IMPARTE INSTRUCCIONES RELATIVAS A FILIALES ADMINISTRADORAS DE FONDOS DE PENSIONES,https://www.cmfchile.cl/normativa/ncg_219_2008.pdf
2008_0218,2008-01-01,Otro,,"IMPARTE INSTRUCCIONES SOBRE SISTEMA DE CONSULTAS Y OFERTAS DE MONTOS DE PENSION ESTABLECIDO POR EL ARTICULO 61 BIS DEL D.L. N° 3.500, DE 1980.  DEROGA NORMA DE CARACTER GENERAL N° 162 DE LA SUPERINTENDENCIA DE VALORES Y SEGUROS Y CIRCULAR N° 1291 DE LA EX SUPERINTENDENCIA DE ADMINISTRADORAS DE FONDOS DE PENSIONES",https://www.cmfchile.cl/normativa/ncg_218_2008.pdf
2008_0216,2008-01-01,Otro,,DEFINE INVERSIONISTAS CALIFICADOS PARA EFECTOS QUE SE SEÑALA.  DEROGA NORMA DE CARACTER GENERAL N° 119 DE 2001,https://www.cmfchile.cl/normativa/ncg_216_2008.pdf
2008_0211,2008-01-01,Otro,,ESTABLECE NORMAS PARA LA PUBLICIDAD DE POLITICAS Y PROCEDIMIENTOS RELATIVOS AL MANEJO Y DIVULGACION DE INFORMACION PARA EL MERCADO,https://www.cmfchile.cl/normativa/ncg_211_2008.pdf
2007_1857,2007-01-01,Otro,,IMPARTE INSTRUCCIONES SOBRE APLICACION DE TABLAS DE MORTALIDAD B-2006 Y MI-2006 FIJADAS POR NORMA DE CARACTER GENERAL N° 207 DE 31.08.2007,https://www.cmfchile.cl/normativa/cir_1857_2007.pdf
2007_1850,2007-01-01,Otro,,IMPARTE INSTRUCCIONES SOBRE PRESENTACION DE INFORMACION DIARIA DE LOS FONDOS MUTUOS.   DEROGA CIRCULAR N° 1.548 DEL 03 DE JULIO DE 2001,https://www.cmfchile.cl/normativa/cir_1850_2007.pdf
2007_1835,2007-01-01,Otro,,IMPARTE INSTRUCCIONES RELATIVAS A LA FORMA Y CONTENIDO DE INFORMACION SOBRE INVERSIONES Y DEL SISTEMA DE EVALUACION DEL RIESGO DE MERCADO DE LA CARTERA DE INVERSIONES,https://www.cmfchile.cl/normativa/cir_1835_2007.pdf
2007_1829,2007-01-01,Otro,,"IMPARTE NORMAS SOBRE PRESENTACION EN FECU DE SEGUROS GENERALES, DEL APORTE ENTREGADO A LOS CUERPOS DE BOMBEROS POR ESTAS ENTIDADES.
MODIFICA CIRCULAR N° 1122 DEL 24 DE MAYO DE 1993.",https://www.cmfchile.cl/normativa/cir_1829_2007.pdf
2007_1828,2007-01-01,Otro,,"GARANTIA ESTATAL POR PENSION MINIMA PARA PENSIONADOS ACOGIDOS A LA MODALIDAD DE RENTA VITALICIA.   NORMAS PARA SU REQUERIMIENTO.  DEROGA CIRCULAR N°1008 DE LA SUPERINTENDENCIA DE VALORES Y SEGUROS, CIRCULAR N° 679 DE LA SUPERINTENDENCIA DE ADMINISTRADORAS DE FONDOS DE PENSIONES Y CIRCULAR S/N° DE LA TESORERIA GENERAL DE LA REPUBLICA",https://www.cmfchile.cl/normativa/cir_1828_2007.pdf
2007_1826,2007-01-01,Otro,,ESTABLECE NORMAS PARA DETERMINAR LA RENTABILIDAD DEL FONDO PARA LA BONIFICACION POR RETIRO,https://www.cmfchile.cl/normativa/cir_1826_2007.pdf
2007_0417,2007-01-01,Otro,,IMPARTE INSTRUCCIONES SOBRE LA FORMA DE PRESENTAR MODIFICACIONES A LOS REGLAMENTOS INTERNOS Y CONTRATOS DE SUSCRIPCION DE CUOTAS DE FONDOS MUTUOS,https://www.cmfchile.cl/normativa/ofc_417_2007.pdf
2007_0416,2007-01-01,Otro,,IMPARTE INSTRUCCIONES RELATIVAS A LA CIRCULAR N° 1360 DE 1998 SOBRE VALORIZACION DE INVERSIONES Y N° 1835 DE 2007 SOBRE ENVIO DE INFORMACION DE INVERSIONES,https://www.cmfchile.cl/normativa/ofc_416_2007.pdf
2007_0209,2007-01-01,Otro,,IMPARTE INSTRUCCIONES RELATIVAS AL ANALISIS DE SUFICIENCIA DE ACTIVOS EN ENTIDADES ASEGURADORAS Y REASEGURADORAS DEL SEGUNDO GRUPO QUE MANTENGAN OBLIGACIONES VIGENTES DE SEGUROS DE RENTA VITALICIA DEL D.L. N° 3500 DE 1980.  DEROGA LAS NORMAS DE CARACTER GENERAL N° 188 DE 2005 Y N° 194 DE 2006,https://www.cmfchile.cl/normativa/ncg_209_2007.pdf
2007_0206,2007-01-01,Otro,,"ESTABLECE NORMAS PARA LA INSCRIPCION DE FACTURAS, EN EL REGISTRO DE PRODUCTOS.   DEROGA NORMA DE CARACTER GENERAL N° 189 DE 02.12.2006",https://www.cmfchile.cl/normativa/ncg_206_2007.pdf
2006_1816,2006-01-01,Otro,,"IMPARTE INSTRUCCIONES SOBRE PLAZO PARA EMISION DE TITULOS DE ACCIONES, REGISTRO DE TRASPASOS Y MEDIDAS DE SEGURIDAD, SALDOS ACCIONARIOS Y HORARIO DE FUNCIONAMIENTO DE LOS DEPARTAMENTOS DE ACCIONES.  DEROGA CIRCULAR N° 1494, OFICIOS CIRCULARES N° 5845, 1863 Y 1463",https://www.cmfchile.cl/normativa/cir_1816_2006.pdf
2006_1815,2006-01-01,Otro,,"ESTABLECE NORMAS PARA EL ENVIO DE INFORMACION SOBRE POLIZAS DE RENTA VITALICIA PREVISIONAL DEL D.L. N° 3.500 DE 1980.  DEROGA CIRCULAR N° 1508, DE 29 DE NOVIEMBRE DE 2000",https://www.cmfchile.cl/normativa/cir_1815_2006.pdf
2006_1813,2006-01-01,Otro,,IMPARTE INSTRUCCIONES SOBRE NOTAS ESPECIFICAS ADICIONALES PARA ESTADOS FINANCIEROS DE ORGANIZACIONES DEPORTIVAS PROFESIONALES,https://www.cmfchile.cl/normativa/cir_1813_2006.pdf
2006_1809,2006-01-01,Otro,,IMPARTE INSTRUCCIONES SOBRE PREVENCION DE LAVADO DE ACTIVOS Y DE FINANCIAMIENTO DEL TERRORISMO,https://www.cmfchile.cl/normativa/cir_1809_2006.pdf
2006_1806,2006-01-01,Otro,,IMPARTE INSTRUCCIONES SOBRE PROVISIONES PARA MUTUOS HIPOTECARIOS ENDOSABLES,https://www.cmfchile.cl/normativa/cir_1806_2006.pdf
2006_1804,2006-01-01,Otro,,IMPARTE INSTRUCCIONES SOBRE PARTICIPACION EN FONDOS MUTUOS DE LAS PERSONAS QUE SE INDICA Y DEROGA CIRCULAR N° 1.172 DE 1994,https://www.cmfchile.cl/normativa/cir_1804_2006.pdf
2006_1797,2006-01-01,Otro,,NORMA LA ADQUISICION DE INSTRUMENTOS CON PROMESA DE VENTA PARA LOS FONDOS MUTUOS Y DEROGA CIRCULAR N° 1.347 DE 1997,https://www.cmfchile.cl/normativa/cir_1797_2006.pdf
2006_0348,2006-01-01,Otro,,IMPARTE INSTRUCCIONES SOBRE CONTENIDO DE CUADRO DATOS VARIOS DE FECU,https://www.cmfchile.cl/normativa/ofc_348_2006.pdf
2006_0204,2006-01-01,Otro,,NORMA LA INVERSION DE LOS FONDOS MUTUOS EN INSTRUMENTOS DERIVADOS.  DEROGA NORMA DE CARACTER GENERAL N° 71 Y SUS MODIFICACIONES,https://www.cmfchile.cl/normativa/ncg_204_2006.pdf
2006_0200,2006-01-01,Otro,,"ESTABLECE NORMAS SOBRE OPERACIONES DE COBERTURA DE RIESGOS FINANCIEROS, INVERSION EN PRODUCTOS DERIVADOS FINANCIEROS Y OPERACIONES DE PRESTAMO DE ACCIONES.  DEROGA NORMA DE CARACTER GENERAL N° 64, DE 6 DE NOVIEMBRE DE 1995 Y OFICIO CIRCULAR N° 3449, DE 6 DE JULIO DE 1998",https://www.cmfchile.cl/normativa/ncg_200_2006.pdf
2006_0197,2006-01-01,Otro,,"ESTABLECE NORMAS PARA CORREDORES DE SEGUROS EXTRANJEROS O COMPAÑIAS DE SEGUROS EXTRANJERAS QUE INTERMEDIEN Y COMERCIALICEN EN CHILE SEGUROS DE TRANSPORTE MARITIMO INTERNACIONAL, AVIACION COMERCIAL INTERNACIONAL Y MERCANCIAS EN TRANSITO INTERNACIONAL",https://www.cmfchile.cl/normativa/ncg_197_2006.pdf
2006_0192,2006-01-01,Otro,,"IMPARTE INSTRUCCIONES SOBRE SISTEMA DE CONSULTAS Y OFERTAS DE MONTOS DE PENSION ESTABLECIDO POR EL ARTICULO 61 BIS DEL D.L. N° 3.500, DE 1980.  MODIFICA CIRCULAR 1291 DE LA SUPERINTENDENCIA DE ADMINISTRADORAS DE FONDOS DE PENSIONES, Y NCG 162, DE LA SUPERINTENDENCIA DE VALORES Y SEGUROS",https://www.cmfchile.cl/normativa/ncg_192_2006.pdf
2005_1786,2005-01-01,Otro,,"IMPARTE INSTRUCCIONES RELATIVAS A LA TRAMITACION, APLICACION Y RENDICION DE CUENTAS DE LOS RECURSOS PROVENIENTES DEL ITEM 33-01-001 ""INVERSIONES DE CUERPOS DE BOMBEROS"", DEL PRESUPUESTO FISCAL.
DEROGA CIRCULAR N° 1704 DE 2004",https://www.cmfchile.cl/normativa/cir_1786_2005.pdf
2005_1785,2005-01-01,Otro,,"IMPARTE INSTRUCCIONES PARA LA TRAMITACION, APLICACION Y RENDICION DE CUENTAS DE RECURSOS DEL ITEM 24-01-002 ""AYUDAS EXTRAORDINARIAS, REPARACIONES Y MANTENCIONES DE CUERPOS DE BOMBEROS"" PROVENIENTES DEL PRESUPUESTO FISCAL.
DEROGA CIRCULAR N° 1703 DE 2004",https://www.cmfchile.cl/normativa/cir_1785_2005.pdf
2005_1784,2005-01-01,Otro,,"IMPARTE INSTRUCCIONES RELATIVAS A LA TRAMITACION, APLICACION Y RENDICION DE CUENTAS DE LOS RECURSOS PROVENIENTES DEL ITEM 24-01-001 ""GASTOS DE OPERACION DE CUERPOS DE BOMBEROS "",  DEL PRESUPUESTO FISCAL
DEROGA CIRCULAR 1702",https://www.cmfchile.cl/normativa/cir_1784_2005.pdf
2005_1782,2005-01-01,Otro,,IMPARTE INSTRUCCIONES SOBRE PRESENTACION Y DIFUSION DE INFORMACION ESTADISTICA DE LOS COSTOS ASOCIADOS A LA INVERSION EN FONDOS MUTUOS,https://www.cmfchile.cl/normativa/cir_1782_2005.pdf
2005_1772,2005-01-01,Otro,,MODIFICA CIRCULAR N° 1194 DE 20 DE ENERO DE 1995.   DEROGA CIRCULAR N° 1446 DE 18 DE ENERO DE 1999,https://www.cmfchile.cl/normativa/cir_1772_2005.pdf
2005_1770,2005-01-01,Otro,,IMPARTE NORMAS SOBRE FORMA Y CONTENIDO DE LOS ESTADOS FINANCIEROS DE LA JUNTA NACIONAL DE CUERPOS DE BOMBEROS DE CHILE,https://www.cmfchile.cl/normativa/cir_1770_2005.pdf
2005_1769,2005-01-01,Otro,,INSTRUYE EL ENVIO DE INFORMACION RELATIVA AL SEGURO AGRICOLA.   DEROGA CIRCULAR N° 1669 DEL 12 DE JUNIO DE 2003,https://www.cmfchile.cl/normativa/cir_1769_2005.pdf
2005_1765,2005-01-01,Otro,,"1.- ESTABLECE PROCEDIMIENTO PARA REGULARIZAR EXCESO DE INVERSION EN CUOTAS DE FONDOS MUTUOS DE PERSONAS SEÑALADAS EN EL ARTICULO 12 A DEL D.L. N° 1.328.
2.- DEROGA CIRCULAR N° 1.173 DE 1994",https://www.cmfchile.cl/normativa/cir_1765_2005.pdf
2005_1763,2005-01-01,Otro,,IMPARTE INSTRUCCIONES RELATIVAS AL REEMBOLSO Y DEVOLUCION DE PRIMA Y AL PAGO DE COMISIONES POR PARTE DE LAS COMPAÑIAS DE SEGUROS,https://www.cmfchile.cl/normativa/cir_1763_2005.pdf
2005_1759,2005-01-01,Otro,,IMPARTE INSTRUCCIONES SOBRE INFORMACION Y ATENCION A LOS ASEGURADOS DE SEGUROS CONTRATADOS EN FORMA COLECTIVA,https://www.cmfchile.cl/normativa/cir_1759_2005.pdf
2005_1754,2005-01-01,Otro,,"1.- INSTRUYE SOBRE PLANES DE INVERSION CON SISTEMAS DE APORTES REGULADOS POR CONTRATOS DE SUSCRIPCION DE CUOTAS.
2.- DEROGA CIRCULAR N° 1.608 DE 2002",https://www.cmfchile.cl/normativa/cir_1754_2005.pdf
2005_1751,2005-01-01,Otro,,IMPARTE INSTRUCCIONES SOBRE EXIGENCIA DE EXAMEN PARA DETECTAR EL VIRUS DE INMUNODEFICIENCIA HUMANA (VIH) EN SEGUROS QUE INDICA,https://www.cmfchile.cl/normativa/cir_1751_2005.pdf
2005_1741,2005-01-01,Otro,,IMPARTE INSTRUCCIONES SOBRE CONTABILIDAD EN MONEDA EXTRANJERA PARA FONDOS DE INVERSION,https://www.cmfchile.cl/normativa/cir_1741_2005.pdf
2005_1740,2005-01-01,Otro,,IMPARTE INSTRUCCIONES RELATIVAS A MODIFICACION DE ASPECTOS RELEVANTES QUE SE INCORPOREN EN LOS REGLAMENTOS INTERNOS Y CONTRATOS DE SUSCRIPCION DE CUOTAS DE FONDOS MUTUOS,https://www.cmfchile.cl/normativa/cir_1740_2005.pdf
2005_1738,2005-01-01,Otro,,"1.- DICTA INSTRUCCIONES RELATIVAS A LA DETERMINACION DE LA BASE PARA EL CALCULO DE LA REMUNERACION DIARIA DE LA SOCIEDAD ADMINISTRADORA
2.- DEROGA CIRCULAR N° 782 DE 1988",https://www.cmfchile.cl/normativa/cir_1738_2005.pdf
2005_0324,2005-01-01,Otro,,MODIFICA OFICIO CIRCULAR N° 312 DE 23.09.2005,https://www.cmfchile.cl/normativa/ofc_324_2005.pdf
2005_0312,2005-01-01,Otro,,MODIFICA OFICIO CIRCULAR N° 299 DE 23 DE JUNIO DE 2005,https://www.cmfchile.cl/normativa/ofc_312_2005.pdf
2005_0299,2005-01-01,Otro,,MODIFICA OFICIO CIRCULAR N° 285 DE 23 DE MARZO DE 2005,https://www.cmfchile.cl/normativa/ofc_299_2005.pdf
2005_0285,2005-01-01,Otro,,MODIFICA OFICIO CIRCULAR N° 269 DE 29 DE DICIEMBRE DE 2004,https://www.cmfchile.cl/normativa/ofc_285_2005.pdf
2005_0275,2005-01-01,Otro,,IMPARTE INSTRUCCIONES SOBRE INFORMACION A INCLUIR EN LAS POLIZAS DE RENTAS VITALICIAS,https://www.cmfchile.cl/normativa/ofc_275_2005.pdf
2005_0272,2005-01-01,Otro,,IMPARTE INSTRUCCIONES SOBRE EL CIERRE DE TRANSACCIONES BURSATILES ANTE DIFUSION DE HECHOS ESENCIALES,https://www.cmfchile.cl/normativa/ofc_272_2005.pdf
2005_0190,2005-01-01,Otro,,"ESTABLECE NORMAS A QUE DEBE SUJETARSE LA CONTABILIDAD DE LAS SOCIEDADES SECURITIZADORAS Y DE LOS PATRIMONIOS SEPARADOS.
DEROGA NORMA DE CARACTER GENERAL N° 59 DE 1995",https://www.cmfchile.cl/normativa/ncg_190_2005.pdf
2005_0189,2005-01-01,Otro,,"ESTABLECE NORMAS PARA LA INSCRIPCION DE CONTRATOS SOBRE PRODUCTOS AGROPECUARIOS QUE CONSTEN EN FACTURAS, EN EL REGISTRO DE PRODUCTOS",https://www.cmfchile.cl/normativa/ncg_189_2005.pdf
2005_0188,2005-01-01,Otro,,"IMPARTE INSTRUCCIONES RELATIVAS AL ANALISIS DE SUFICIENCIA DE ACTIVOS EN ENTIDADES ASEGURADORAS Y REASEGURADORAS DEL SEGUNDO GRUPO, QUE MANTENGAN OBLIGACIONES VIGENTES DE SEGUROS DE RENTA VITALICIA DEL D.L. N° 3500 DE 1980",https://www.cmfchile.cl/normativa/ncg_188_2005.pdf
2005_0187,2005-01-01,Otro,,ESTABLECE REQUISITOS PARA LA REALIZACION DE OPERACIONES DE VENTA CORTA Y PRESTAMO DE VALORES POR CUENTA DE FONDOS DE INVERSION.   DEROGA NORMA DE CARACTER GENERAL N° 109 DE 22.01.01,https://www.cmfchile.cl/normativa/ncg_187_2005.pdf
2005_0186,2005-01-01,Otro,,ESTABLECE NORMAS PARA LA INSCRIPCION DE PRODUCTOS AGROPECUARIOS Y DE TITULOS REPRESENTATIVOS DE PRODUCTOS EN EL REGISTRO DE PRODUCTOS,https://www.cmfchile.cl/normativa/ncg_186_2005.pdf
2005_0182,2005-01-01,Otro,,ESTABLECE NORMAS PARA INSCRIPCION EN REGISTRO DE CORREDORES DE BOLSA DE PRODUCTOS AGROPECUARIOS,https://www.cmfchile.cl/normativa/ncg_182_2005.pdf
2005_0181,2005-01-01,Otro,,IMPARTE INSTRUCCIONES RELATIVAS A DISPOSICIONES CONTENIDAD EN LA LETRA H) DEL ARTICULO 162 DE LA LEY N° 18.045 DE MERCADO DE VALORES,https://www.cmfchile.cl/normativa/ncg_181_2005.pdf
2004_1720,2004-01-01,Otro,,IMPARTE INSTRUCCIONES RELATIVAS AL ENVIO DE INFORMACION SOBRE INSTRUMENTOS DE TERCEROS MANTENIDOS EN CUSTODIA POR PARTE DE LOS INTERMEDIARIOS DE VALORES Y SOBRE LOS INSTRUMENTOS DE SU CARTERA PROPIA,https://www.cmfchile.cl/normativa/cir_1720_2004.pdf
2004_1711,2004-01-01,Otro,,DICTA NORMAS GENERALES PARA CONTABILIDAD EN MONEDA EXTRANJERA.  DEROGA CIRCULAR N° 331 DE 15 DE JULIO DE 1983,https://www.cmfchile.cl/normativa/cir_1711_2004.pdf
2004_1704,2004-01-01,Otro,,"IMPARTE INSTRUCCIONES RELATIVAS A LA APLICACION Y RENDICION DE CUENTAS DE LOS RECURSOS DEL PRESUPUESTO FISCAL PROVENIENTES DEL ITEM 33-85-012 ""INVERSIONES DE CUERPOS DE BOMBEROS""",https://www.cmfchile.cl/normativa/cir_1704_2004.pdf
2004_1703,2004-01-01,Otro,,"IMPARTE INSTRUCCIONES RELATIVAS A LA PRESENTACION DE ANTECEDENTES DESTINADOS A OBTENER RECURSOS Y LA CORRESPONDIENTE RENDICION DE LOS FONDOS DEL PRESUPUESTO FISCAL PROVENIENTES DE LOS ITEMS 121-25-31-171 ""AYUDAS EXTRAORDINARIAS, REPARACIONES Y MANTENCIONES DE CUERPOS DE BOMBEROS"" Y 121-33-85-013 ""AYUDAS EXTRAORDINARIAS, ADQUISICIONES Y CONSTRUCCIONES MENORES DE CUARTELES DE BOMBEROS""",https://www.cmfchile.cl/normativa/cir_1703_2004.pdf
2004_1702,2004-01-01,Otro,,"IMPARTE INSTRUCCIONES RELATIVAS A LA APLICACION Y RENDICION DE CUENTAS DE LOS RECURSOS DEL PRESUPUESTO FISCAL PROVENIENTES DEL ITEM 25-31-170 ""GASTOS DE OPERACION DE CUERPOS DE BOMBEROS""",https://www.cmfchile.cl/normativa/cir_1702_2004.pdf
2004_0269,2004-01-01,Otro,,MODIFICA OFICIO CIRCULAR N° 254 DE 05.10.2004,https://www.cmfchile.cl/normativa/ofc_269_2004.pdf
2004_0262,2004-01-01,Otro,,IMPARTE INSTRUCCIONES SOBRE FUNCIONAMIENTO DE ENTIDADES PARA FERIADO PARCIAL DE 19 DE NOVIEMBRE DE 2004,https://www.cmfchile.cl/normativa/ofc_262_2004.pdf
2004_0257,2004-01-01,Otro,,"IMPARTE INSTRUCCIONES SOBRE OFERTAS DE RENTAS VITALICIAS EFECTUADAS EN EL SISTEMA DE CONSULTAS Y OFERTAS DE MONTOS DE PENSION DEL ART. 61 BIS DEL D.L. N° 3.500, DE 1980.",https://www.cmfchile.cl/normativa/ofc_257_2004.pdf
2004_0254,2004-01-01,Otro,,MODIFICA OFICIO CIRCULAR N° 239 DE 01.07.2004,https://www.cmfchile.cl/normativa/ofc_254_2004.pdf
2004_0239,2004-01-01,Otro,,MODIFICA OFICIO CIRCULAR N° 227 DE 19.03.2004,https://www.cmfchile.cl/normativa/ofc_239_2004.pdf
2004_0227,2004-01-01,Otro,,MODIFICA OFICIO CIRCULAR N° 213 DE 19.12.2003,https://www.cmfchile.cl/normativa/ofc_227_2004.pdf
2004_0164,2004-01-01,Otro,,ESTABLECE NORMAS PARA CORREDORES DE SEGUROS DE RENTAS VITALICIAS DEL D.L. N° 3.500 DE 1980.  DEROGA Y REEMPLAZA NORMA DE CARACTER N° 102 DE 28.12.2000,https://www.cmfchile.cl/normativa/ncg_164_2004.pdf
2004_0163,2004-01-01,Otro,,IMPARTE NORMAS SOBRE CONTRATACION DE SEGUROS DE RENTAS VITALICIA DEL D.L. N° 3.500 DE 1980.  DEROGA NORMA  DE CARACTER GENERAL N° 153 DE 17.01.2003; CIRCULARES N° 746 DE 06.11.1987; N° 777 DE 02.02.1988; N° 1403 DE 18.08.1998; N° 1502 DE 06.10.2000; N° 1555 DE 23.08.2001 Y N° 1641 DE 03.01.2003; Y OFICIOS CIRCULARES N° 1344 DE 02.04.1996; N° 6488 DE 12.11.1999 Y N° 214 DE 07.01.2004,https://www.cmfchile.cl/normativa/ncg_163_2004.pdf
2004_0162,2004-01-01,Otro,,"IMPARTE INSTRUCCIONES SOBRE SISTEMA DE CONSULTAS Y OFERTAS DE MONTOS DE PENSION ESTABLECIDO POR EL ARTICULO 61 BIS DEL D.L. 3.500,  DE 1980",https://www.cmfchile.cl/normativa/ncg_162_2004.pdf
2020_2271,2003-09-10,Otro,,"EJECUTA ACUERDO DEL CONSEJO DE LA COMISIÓN PARA EL MERCADO FINANCIERO QUE APRUEBA LA EMISIÓN DE CIRCULAR QUE ESTABLECE NORMAS SOBRE FORMA DE ACREDITAR CONOCIMIENTOS SOBRE EL COMERCIO DE SEGUROS Y DE LA POSTULACIÓN AL REGISTRO DE AUXILIARES DEL COMERCIO DE SEGUROS, COMO CORREDOR DE SEGUROS GENERALES Y DE VIDA O LIQUIDADOR DE SINIESTROS Y DEROGA CIRCULAR N°1679, DE 10 DE SEPTIEMBRE DE 2003 Y OFICIO CIRCULAR N°863, DE 06 DE ENERO DE 2015.",https://www.cmfchile.cl/normativa/cir_2271_2020.pdf
2003_1696,2003-01-01,Otro,,INFORMES FINANCIEROS PARA LA INVERSION DE LOS FONDOS DE PENSIONES EN VALORES DE OFERTA PUBLICA DE SOCIEDADES ANONIMAS. DEROGA CIRCULAR N° 1632 DE 28 DE NOVIEMBRE DE 2002,https://www.cmfchile.cl/normativa/cir_1696_2003.pdf
2003_1694,2003-01-01,Otro,,"IMPARTE INSTRUCCIONES SOBRE CONTABILIZACION DE CREDITOS REPROGRAMADOS SEGUN LEY N° 19.848 DE 2002, MODIFICADA POR LA LEY N° 19.899 DE 2003 Y SUS RESPECTIVAS PROVISIONES",https://www.cmfchile.cl/normativa/cir_1694_2003.pdf
2003_1693,2003-01-01,Otro,,IMPARTE INSTRUCCIONES SOBRE PRESENTACION DE INFORMACION DE INVERSIONES DE FONDOS MUTUOS,https://www.cmfchile.cl/normativa/cir_1693_2003.pdf
2003_1692,2003-01-01,Otro,,IMPARTE INSTRUCCIONES SOBRE PRESENTACION DE INFORMACION DE COMPRAS Y VENTAS EFECTUADAS POR LOS FONDOS MUTUOS,https://www.cmfchile.cl/normativa/cir_1692_2003.pdf
2003_1691,2003-01-01,Otro,,IMPARTE INSTRUCCIONES SOBRE POLIZAS DE SEGUROS COMO PLANES DE AHORRO PREVISIONAL VOLUNTARIO. DEROGA N° 1 DE CIRCULAR N° 1567 DE 7 DE NOVIEMBRE DE 2001 Y CIRCULAR N° 1590 DE 6 DE FEBRERO DE 2002,https://www.cmfchile.cl/normativa/cir_1691_2003.pdf
2003_1685,2003-01-01,Otro,,IMPARTE INSTRUCCIONES RELATIVAS A INFORMACION DEL SISTEMA DE EVALUACION DEL RIESGO DE MERCADO DE LA CARTERA DE INVERSIONES DE LAS ENTIDADES ASEGURADORAS Y REASEGURADORAS.   DEROGA CIRCULAR N° 1658 DE 27 DE MARZO DE 2003,https://www.cmfchile.cl/normativa/cir_1685_2003.pdf
2003_1681,2003-01-01,Otro,,IMPARTE INSTRUCCIONES SOBRE CONSTITUCION DE RESERVA TECNICA DE PRIMA NO GANADA EN SEGUROS A PRIMA UNICA ACCESORIOS A CREDITOS,https://www.cmfchile.cl/normativa/cir_1681_2003.pdf
2003_1680,2003-01-01,Otro,,IMPARTE INSTRUCCIONES SOBRE PREVENCION Y CONTROL DE OPERACIONES CON RECURSOS ILICITOS,https://www.cmfchile.cl/normativa/cir_1680_2003.pdf
2003_1679,2003-01-01,Otro,,"ESTABLECE NORMAS SOBRE FORMA DE ACREDITAR CONOCIMIENTOS SOBRE EL COMERCIO DE SEGUROS Y DE LA POSTULACION AL REGISTRO DE AUXILIARES DEL COMERCIO DE SEGUROS, COMO CORREDOR DE SEGURO GENERALES Y DE VIDA O LIQUIDADOR DE SINIESTROS.  DEROGA CIRCULAR N° 1537, DE 27 DE MARZO DE 2001",https://www.cmfchile.cl/normativa/cir_1679_2003.pdf
2003_1674,2003-01-01,Otro,,"INSTRUYE ENVIO DE INFORMACION MENSUAL DE MUTUOS HIPOTECARIOS ENDOSABLES.   DEROGA CIRCULAR N° 1.451, DE 19 DE OCTUBRE DE 1999",https://www.cmfchile.cl/normativa/cir_1674_2003.pdf
2003_1669,2003-01-01,Otro,,"INSTRUYE EL ENVIO DE INFORMACION RELATIVA AL SEGURO AGRICOLA, DEROGA CIRCULAR N° 1550, DE 20 DE JULIO DE 2001",https://www.cmfchile.cl/normativa/cir_1669_2003.pdf
2003_1658,2003-01-01,Otro,,IMPARTE INSTRUCCIONES RELATIVAS A INFORMACION DEL SISTEMA DE EVALUACION DEL RIESGO DE MERCADO DE LA CARTERA DE INVERSIONES DE LAS ENTIDADES ASEGURADORAS Y REASEGURADORAS,https://www.cmfchile.cl/normativa/cir_1658_2003.pdf
2003_1647,2003-01-01,Otro,,IMPARTE INSTRUCCIONES PARA LA PUBLICACION DE LOS ESTADOS FINANCIEROS ANUALES DE FONDOS MUTUOS.  DEROGA CIRCULAR N° 1.334 DE 1997,https://www.cmfchile.cl/normativa/cir_1647_2003.pdf
2003_1643,2003-01-01,Otro,,"MODIFICA CIRCULAR N° 1.030, DE 26 DE AGOSTO DE 1991, SOBRE NOMINA DE GRUPOS EMPRESARIALES.  DEROGA CIRCULAR N° 1.605 DE 03 DE JUNIO DE 2002",https://www.cmfchile.cl/normativa/cir_1643_2003.pdf
2003_0213,2003-01-01,Otro,,MODIFICA OFICIO CIRCULAR N° 197 DE 17.09.2003,https://www.cmfchile.cl/normativa/ofc_213_2003.pdf
2003_0197,2003-01-01,Otro,,MODIFICA OFICIO CIRCULAR N° 181 DE  25.06.2003,https://www.cmfchile.cl/normativa/ofc_197_2003.pdf
2003_0181,2003-01-01,Otro,,MODIFICA OFICIO CIRCULAR N° 162 DE 19 DE MARZO DE 2003,https://www.cmfchile.cl/normativa/ofc_181_2003.pdf
2003_0169,2003-01-01,Otro,,IMPARTE INSTRUCCIONES RELATIVAS A LA APLICACION DE GASTOS EN POLIZAS AUTORIZADAS COMO PLANES DE AHORRO PREVISIONAL VOLUNTARIO,https://www.cmfchile.cl/normativa/ofc_169_2003.pdf
2003_0163,2003-01-01,Otro,,"COMPLEMENTA OFICIO CIRCULAR N° 161 E IMPARTE INSTRUCCIONES RELATIVAS A OFICIOS CIRCULARES N° 155, 159 Y 160, TODOS DE MARZO DE 2003",https://www.cmfchile.cl/normativa/ofc_163_2003.pdf
2003_0162,2003-01-01,Otro,,MODIFICA OFICIO CIRCULAR N° 141 DE 30.12.2002,https://www.cmfchile.cl/normativa/ofc_162_2003.pdf
2003_0161,2003-01-01,Otro,,"IMPARTE INSTRUCCIONES RELATIVAS A OFICIOS CIRCULARES N° 155, 159 Y 160, TODOS DE MARZO DE 2003",https://www.cmfchile.cl/normativa/ofc_161_2003.pdf
2003_0160,2003-01-01,Otro,,IMPARTE INSTRUCCIONES RELATIVAS A OFICIO CIRCULAR N° 155 Y OFICIO CIRCULAR N° 159,https://www.cmfchile.cl/normativa/ofc_160_2003.pdf
2003_0150,2003-01-01,Otro,,IMPARTE INSTRUCCIONES SOBRE MEDICION Y RECONOCIMIENTO DE DETERIORO DE VALOR DE LOS ACTIVOS,https://www.cmfchile.cl/normativa/ofc_150_2003.pdf
2002_1637,2002-01-01,Otro,,MODIFICA Y ADJUNTA ANEXO DE CIRCULAR N° 1.487 DE 17.07.2000 QUE IMPARTE INSTRUCCIONES SOBRE TRAMITACION DE CONSULTAS Y RECLAMOS RELATIVAS A SEGUROS,https://www.cmfchile.cl/normativa/cir_1637_2002.pdf
2002_1633,2002-01-01,Otro,,"1.-  ESTABLECE MODELO ESTANDARIZADO DE REGLAMENTO INTERNO Y CONTRATO DE SUSCRIPCION DE CUOTAS DE FONDOS MUTUOS.  DEROGA CIRCULAR N° 1.219 DEL 29.05.95 Y LETRA F. DE LA CIRCULAR N° 1.608 DEL 05.07.2002       
2.- DEFINE PROCEDIMIENTO DE APROBACION  DE LOS REFERIDOS ANTECEDENTES",https://www.cmfchile.cl/normativa/cir_1633_2002.pdf
2002_1632,2002-01-01,Otro,,"INFORMES FINANCIEROS PARA LA INVERSION DE LOS FONDOS DE PENSIONES EN ACCIONES DE SOCIEDADES ANONIMAS, DEROGA CIRCULAR N° 1226 DE 1995 Y OFICIO CIRCULAR N° 3407 DE 1995 Y N° 4211 DE 2000",https://www.cmfchile.cl/normativa/cir_1632_2002.pdf
2002_1621,2002-01-01,Otro,,"IMPARTE NORMAS SOBRE FORMA, CONTENIDO Y PRESENTACION DE LOS ESTADOS FINANCIEROS DE LOS AGENTES ADMINISTRADORES DE MUTUOS HIPOTECARIOS ENDOSABLES.   DEROGA OFICIO CIRCULAR N° 2346, DE 19.04.99",https://www.cmfchile.cl/normativa/cir_1621_2002.pdf
2002_1608,2002-01-01,Otro,,"1.- ESTABLECE INSTRUCCIONES SOBRE PUBLICIDAD A SOCIEDADES QUE ADMINISTREN A  FONDOS MUTUOS Y SOBRE INFORMACION A PARTICIPES.
2.- INSTRUYE SOBRE PLANES DE INVERSION CON SISTEMAS DE APORTES REGULADOS POR CONTRATO DE SUSCRIPCION DE CUOTAS.
3.- DEROGA CIRCULAR Nº 1307, DE 1996",https://www.cmfchile.cl/normativa/cir_1608_2002.pdf
2002_1607,2002-01-01,Otro,,"NORMA RESPECTO DE LA FORMA Y CONTENIDO DEL INVENTARIO DE INVERSIONES
DEROGA CIRCULAR Nº 1.318, PARA SEGUROS DE VIDA",https://www.cmfchile.cl/normativa/cir_1607_2002.pdf
2002_1605,2002-01-01,Otro,,ACTUALIZA NOMINA DE CIRCULAR Nº 1.030 DE 28 DE AGOSTO DE 1991.  DEROGA CIRCULAR Nº 1.573 DE 29 DE NOVIEMBRE DE 2001,https://www.cmfchile.cl/normativa/cir_1605_2002.pdf
2002_1602,2002-01-01,Otro,,IMPARTE INSTRUCCIONES SOBRE FORMA Y CONTENIDO DE LOS ESTADOS FINANCIEROS DE LAS SOCIEDADES DE CORRETAJE DE SEGUROS Y SU ENVIO A TRAVES DEL SISTEMA DE ENVIO DE INFORMACION EN LINEA (SEIL),https://www.cmfchile.cl/normativa/cir_1602_2002.pdf
2002_1590,2002-01-01,Otro,,IMPARTE INSTRUCCIONES RELATIVAS A LOS SEGUROS AUTORIZADOS COMO PLANES DE AHORRO PREVISIONAL VOLUNTARIO,https://www.cmfchile.cl/normativa/cir_1590_2002.pdf
2002_1589,2002-01-01,Otro,,IMPARTE INSTRUCCIONES RELATIVAS A LOS PLANES DE AHORRO PREVISIONAL VOLUNTARIO QUE OFREZCAN INSTITUCIONES QUE SEÑALA,https://www.cmfchile.cl/normativa/cir_1589_2002.pdf
2002_1587,2002-01-01,Otro,,IMPARTE INSTRUCCIONES SOBRE PROMOCIÓN Y OFERTA DE SEGUROS A TRAVÉS SISTEMAS DE COMUNICACIÓN A DISTANCIA.,https://www.cmfchile.cl/normativa/cir_1587_2002.pdf
2002_1583,2002-01-01,Otro,,ESTABLECE NORMAS PARA LIQUIDADORES DE SINIESTROS RELATIVAS A: 1) GARANTIA QUE DEBEN CONSTITUIR LOS LIQUIDADORES DE SEGUROS; 2) FORMA DE ACREDITAR INGRESOS POR LOS LIQUIDAD0RES; 3) OBLIGACIONES DE LAS ENTIDADES ASEGURADORAS. 4) OTRAS MATERIAS. DEROGA CIRCULARES QUE INDICA.,https://www.cmfchile.cl/normativa/cir_1583_2002.pdf
2002_1581,2002-01-01,Otro,,INSTRUYE SOBRE PUBLICACION TRIMESTRAL DE LA CARTERA DE INVERSIONES DE LOS FONDOS MUTUOS.  DEROGA CIRCULAR Nº 716 DE 1987 Y CIRCULAR Nº 888 DE 1989,https://www.cmfchile.cl/normativa/cir_1581_2002.pdf
2002_0152,2002-01-01,Otro,,"IMPARTE NORMAS SOBRE ACTIVOS REPRESENTATIVOS DE RESERVAS TECNICAS Y PATRIMONIO DE RIESGO.  DEROGA NORMA DE CARACTER GENERAL N° 75 DE 22 DE MAYO DE 1997 Y NORMA DE CARACTER GENERAL N° 151, DE 30 DE OCTUBRE DE 2002",https://www.cmfchile.cl/normativa/ncg_152_2002.pdf
2002_0148,2002-01-01,Otro,,IMPARTE INSTRUCCIONES RELATIVAS AL SISTEMA DE EVALUACION DEL RIESGO DE MERCADO DE LA CARTERA DE INVERSIONES DE LAS ENTIDADES ASEGURADORAS Y REASEGURADORAS,https://www.cmfchile.cl/normativa/ncg_148_2002.pdf
2002_0144,2002-01-01,Otro,,"MODIFICA NORMA DE CARACTER GENERAL Nº 136 DE 04.04.2002, QUE IMPARTE INSTRUCCIONES RELATIVAS AL OTORGAMIENTO Y ADQUISICION DE MUTUOS HIPOTECARIOS ENDOSABLES POR PARTE DE LAS ENTIDADES ASEGURADORAS Y REASEGURADORAS",https://www.cmfchile.cl/normativa/ncg_144_2002.pdf
2002_0141,2002-01-01,Otro,,MODIFICA OFICIO CIRCULAR N° 124 DE 30 DE SEPTIEMBRE DE 2002,https://www.cmfchile.cl/normativa/ofc_141_2002.pdf
2002_0139,2002-01-01,Otro,,"NORMAS RELATIVAS A LA CONTRATACION DE REASEGUROS Y REGISTRO DE CORREDORES DE REASEGURO.  DEROGA CIRCULAR Nº 756, DE 31 DE DICIEMBRE DE 1987",https://www.cmfchile.cl/normativa/ncg_139_2002.pdf
2002_0136,2002-01-01,Otro,,"ESTABLECE NORMAS RELATIVAS AL OTORGAMIENTO Y ADQUISICION DE MUTUOS HIPOTECARIOS ENDOSABLES POR LAS ENTIDADES ASEGURADORAS Y REASEGURADORAS Y AL REGISTRO Y OPERACIONES DE LOS AGENTES ADMINISTRADORES DE MUTUOS HIPOTECARIOS ENDOSABLES.  DEROGA CIRCULAR Nº 1339, DE 1997 Y OFICIO CIRCULAR Nº 4618, DE 2000",https://www.cmfchile.cl/normativa/ncg_136_2002.pdf
2002_0135,2002-01-01,Otro,,IMPARTE INSTRUCCIONES RELATIVAS A LA CONSTITUCION DE FILIALES EMISORAS DE TARJETAS DE CREDITO,https://www.cmfchile.cl/normativa/ncg_135_2002.pdf
2002_0132,2002-01-01,Otro,,IMPARTE INSTRUCCIONES RELATIVAS A LA CONSTITUCIÓN DE RESERVAS TECNICAS EN SEGUROS DE VIDA CON CUENTAS DE INVERSIÓN.,https://www.cmfchile.cl/normativa/ncg_132_2002.pdf
2002_0130,2002-01-01,Otro,,IMPARTE INSTRUCCIONES SOBRE FORMA Y PERIOCIDAD DE INFORMACION SOBRE POLITICAS  GENERALES DE ADMINISTRACION DE LAS ENTIDADES ASEGURADORAS Y REASEGURADORAS.,https://www.cmfchile.cl/normativa/ncg_130_2002.pdf
2002_0124,2002-01-01,Otro,,MODIFICA OFICIO CIRCULAR N° 107 DE 18.06.2002,https://www.cmfchile.cl/normativa/ofc_124_2002.pdf
2002_0119,2002-01-01,Otro,,IMPARTE INSTRUCCIONES SOBRE REQUISITOS DE CLASIFICACION DE RIESGOS EN REASEGURADORES EXTRANJEROS,https://www.cmfchile.cl/normativa/ofc_119_2002.pdf
2002_0111,2002-01-01,Otro,,ESTABLECE NORMAS PARA EL ENVIO DE INFORMACION REFERIDA AL SEGURO OBLIGATORIO LEY Nº 18.490,https://www.cmfchile.cl/normativa/ofc_111_2002.pdf
2002_0107,2002-01-01,Otro,,MODIFICA OFICIO CIRCULAR Nº 92 DE 22 DE MARZO DE 2002,https://www.cmfchile.cl/normativa/ofc_107_2002.pdf
2002_0098,2002-01-01,Otro,,ESTABLECE REQUISITOS DE INFORMACION QUE INDICA Y MODIFICA OFICIO CIRCULAR Nº 04456 DE 2000,https://www.cmfchile.cl/normativa/ofc_98_2002.pdf
2002_0092,2002-01-01,Otro,,MODIFICA OFICIO CIRCULAR Nº 075 DE 18.12.2001,https://www.cmfchile.cl/normativa/ofc_92_2002.pdf
2001_1575,2001-01-01,Otro,,AUTORIZA ACTIVIDADES COMPLEMENTARIAS DE INSTITUCIONES QUE SEÑALA,https://www.cmfchile.cl/normativa/cir_1575_2001.pdf
2001_1573,2001-01-01,Otro,,"ACTUALIZA NOMINA DE CIRCULAR Nº 1.030, DE 28 DE AGOSTO DE 1991.   DEROGA CIRCULAR Nº 1.547 DE 13 DE JUNIO DE 2001",https://www.cmfchile.cl/normativa/cir_1573_2001.pdf
2001_1570,2001-01-01,Otro,,"DETERMINACION DEL PATRIMONIO DE RIESGO, PATRIMONIO NETO Y OBLIGACION DE INVERTIR.  DEROGA CIRCULAR Nº 743 DE 1987",https://www.cmfchile.cl/normativa/cir_1570_2001.pdf
2001_1562,2001-01-01,Otro,,IMPARTE INSTRUCCIONES SOBRE NORMAS DE OPERACION A LOS OPERADORES DIRECTOS DE LOS CORREDORES DE BOLSA,https://www.cmfchile.cl/normativa/cir_1562_2001.pdf
2001_1550,2001-01-01,Otro,,"INSTRUYE EL ENVIO DE INFORMACION RELATIVA AL SEGURO AGRICOLA.  DEROGA CIRCULAR Nº 1.532, DE 19 DE MARZO DE 2001",https://www.cmfchile.cl/normativa/cir_1550_2001.pdf
2001_1548,2001-01-01,Otro,,"SOLICITA INFORMACION DIARIA DE FONDOS MUTUOS.
DEROGA CIRCULAR Nº 1.193 DEL 16 DE ENERO DE 1995",https://www.cmfchile.cl/normativa/cir_1548_2001.pdf
2001_1547,2001-01-01,Otro,,"ACTUALIZA NOMINA DE CIRCULAR Nº 1.030, DE 28 DE AGOSTO DE 1991.
DEROGA CIRCULAR Nº 1.527 DE 22 DE FEBRERO DE 2001",https://www.cmfchile.cl/normativa/cir_1547_2001.pdf
2001_1537,2001-01-01,Otro,,"ESTABLECE NORMA GENERAL SOBRE ACREDITACION DE CONOCIMIENTOS DE SEGUROS PARA LOS POSTULANTES AL REGISTRO DE AUXILIARES DEL COMERCIO DE SEGUROS, COMO CORREDOR DE SEGUROS GENERALES Y DE VIDA O LIQUIDADOR DE SINIESTROS.
DEROGA CIRCULAR Nº 1475 DE 21 DE MARZO DE 2000",https://www.cmfchile.cl/normativa/cir_1537_2001.pdf
2001_1534,2001-01-01,Otro,,"MODIFICA CIR. 1) Nº 1.207, ESTABLECE NORMAS PARA DETERMINAR EL PATRIMONIO MINIMO DE LA ADMINISTRADORA; 2) CIR. Nº 1.258, SOBRE DETERMINACION DEL VALOR ECONOMICO DE CUOTAS; 3) CIR. Nº 1.351, QUE ESTABLECE CONDICIONES A CUMPLIR EN VENTAS DE VIVIENDAS ARRENDADAS CON PROMESA DE COMPRAVENTA; OFC. Nº  3.394/98, ACLARA ALCANCE DEL ART. 7º DE LA LEY 18.815.
5) DEROGA OFC 178, DE 13.01.1998, QUE AUTORIZA VALORIZACION ECONOMICA DE CUOTAS DE FONDOS QUE INDICA",https://www.cmfchile.cl/normativa/cir_1534_2001.pdf
2001_1530,2001-01-01,Otro,,IMPARTE NORMAS SOBRE PARTICIPACION DE DIRECTORES A SESIONES POR MEDIOS TECNOLOGICOS,https://www.cmfchile.cl/normativa/cir_1530_2001.pdf
2001_1520,2001-01-01,Otro,,DEROGA CIRCULAR Nº 842 Y SUS MODIFICACIONES RELATIVA A INFORMACION SOBRE CONTRATOS Y NEGOCIOS FACULTATIVOS DE REASEGURO,https://www.cmfchile.cl/normativa/cir_1520_2001.pdf
2001_1513,2001-01-01,Otro,,"MODIFICA CIRCULAR Nº 481 DE 04 DE FEBRERO DE 1985, Y DEROGA CIRCULAR Nº 1209 DE 07 DE ABRIL DE 1995",https://www.cmfchile.cl/normativa/cir_1513_2001.pdf
2001_1512,2001-01-01,Otro,,"IMPARTE INSTRUCCIONES SOBRE CONSTITUCION DE RESERVAS TECNICAS Y VALORIZACION DE ACTIVOS Y PASIVOS EN RELACION AL CALCE DE ACTIVOS Y PASIVOS.  DEROGA CIRCULARES Nº 1143 DE 1993, 1285 DE 1996, 1363 DE 1998 Y  OFICIO CIRCULAR Nº 1613 DE 1990 (NOTA: NO SE ENCUENTRA VIGENTE, SIN PERJUICIO DE APLICACION VOLUNTARIA A CONTAR ESTADOS FINANCIEROS AL 31 DE DICIEMBRE DE 2000)",https://www.cmfchile.cl/normativa/cir_1512_2001.pdf
2001_0123,2001-01-01,Otro,,IMPARTE INSTRUCCIONES RELATIVAS A LA CONSTITUCION DE FILIALES ADMINISTRADORAS GENERALES DE FONDOS POR PARTE DE LAS ENTIDADES ASEGURADORAS DEL SEGUNDO GRUPO,https://www.cmfchile.cl/normativa/ncg_123_2001.pdf
2001_0118,2001-01-01,Otro,,"ESTABLECE NORMAS PARA LA INSCRIPCION EN EL REGISTRO DE VALORES, DE SOCIEDADES ANONIMAS Y SUS ACCIONES, QUE SERAN TRANSADAS EN LOS MERCADOS PARA EMPRESAS EMERGENTES QUE REGULEN LAS BOLSAS DE VALORES, ASIMISMO, NORMAS DE DIFUSION, COLOCACION Y OBLIGACIONES DE INFORMACION CONTINUA",https://www.cmfchile.cl/normativa/ncg_118_2001.pdf
2001_0115,2001-01-01,Otro,,"MODIFICA NORMA DE CARACTER GENERAL Nº 102, DE 28 DE DICIEMBRE DE 2000, QUE ESTABLECE NORMAS PARA CORREDORES DE SEGUROS DE RENTAS VITALICIAS DEL D.L. Nº 3.500, DE 1980",https://www.cmfchile.cl/normativa/ncg_115_2001.pdf
2001_0104,2001-01-01,Otro,,"ESTABLECE NORMAS RESPECTO DE TOMA DE CONTROL Y DE LAS OFERTAS PUBLICAS DE ADQUISICION DE ACCIONES (OPAS).
DEROGA CIRCULAR Nº 608, DE 1986",https://www.cmfchile.cl/normativa/ncg_104_2001.pdf
2001_0075,2001-01-01,Otro,,MODIFICA OFICIO CIRCULAR Nº 064 DE 14 DE SEPTIEMBRE DE 2001,https://www.cmfchile.cl/normativa/ofc_75_2001.pdf
2001_0064,2001-01-01,Otro,,MODIFICA OFICIO CIRCULAR Nº 048 DE 26 DE JUNIO DE 2001,https://www.cmfchile.cl/normativa/ofc_64_2001.pdf
2001_0043,2001-01-01,Otro,,IMPARTE INSTRUCCIONES RELATIVAS A FORMATO DE PRESENTACION DE LA FICHA ESTADISTICA CODIFICADA UNIFORME (FECU),https://www.cmfchile.cl/normativa/ofc_43_2001.pdf
2000_7919,2000-01-01,Otro,,IMPARTE INSTRUCCIONES SOBRE COLOR EN CERTIFICADO DEL SEGURO OBLIGATORIO DE ACCIDENTES PERSONALES.,https://www.cmfchile.cl/normativa/ofc_7919_2000.pdf
2000_7197,2000-01-01,Otro,,IMPARTE INSTRUCCIONES RELATIVAS A INCLUSION EN REGLAMENTOS INTERNOS Y SOLICITUDES DE INVERSION DE FONDOS MUTUOS DE MODALIDADES DE EXENCION AL COBRO DE COMISION DE COLOCACION DIFERIDA AL RESCATE.,https://www.cmfchile.cl/normativa/ofc_7197_2000.pdf
2000_6589,2000-01-01,Otro,,"IMPARTE INSTRUCCIONES RELATIVAS A LA PUBLICIDAD O PROMOCION QUE REALICEN INTERMEDIARIOS DE VALORES DE LOS SERVICIOS SOBRE VALORES EXTRANJEROS AUTORIZADOS POR CIRCULARES QUE SE INDICAN.
(NOTA: LAS CIRCULARES REFERIDAS SON LAS Nº 1046, DE 1991, Y Nº 1493, DE 2000)",https://www.cmfchile.cl/normativa/ofc_6589_2000.pdf
2000_4981,2000-01-01,Otro,,IMPARTE INSTRUCCIONES RELATIVAS A LA PREPARACION Y EMISION DEL FORMATO DE LA FICHA ESTADISTICA CODIFICADA UNIFORME (FECU),https://www.cmfchile.cl/normativa/ofc_4981_2000.pdf
2000_4618,2000-01-01,Otro,,IMPARTE INSTRUCCIONES RELATIVAS A SOLICITUDES DE CREDITOS HIPOTECARIOS (AMH),https://www.cmfchile.cl/normativa/ofc_4618_2000.pdf
2000_3636,2000-01-01,Otro,,IMPARTE INSTRUCCIONES SOBRE PAGARES CUPONES DE EMISION REAJUSTABLES OPCIONALES (CERO) EMITIDOS POR EL BANCO CENTRAL DE CHILE (ES),https://www.cmfchile.cl/normativa/ofc_3636_2000.pdf
2000_1508,2000-01-01,Otro,,"ESTABLECE NORMAS PARA EL ENVIO DE INFORMACION SOBRE POLIZAS DE RENTA VITALICIA PREVISIONAL DEL D.L. Nº 3.500 DE 1980.  DEROGA CIRCULAR Nº 963, DE 29 DE AGOSTO DE 1990.",https://www.cmfchile.cl/normativa/cir_1508_2000.pdf
2000_1504,2000-01-01,Otro,,"IMPARTE INSTRUCCIONES RELATIVAS AL ARTICULO 24 LETRA E),
Nº 3, NºS. III Y IV DEL D.F.L. Nº 251, DE 1931. DEROGA CIRCULAR 
Nº 1352, DE 23 DE OCTUBRE DE 1997.",https://www.cmfchile.cl/normativa/cir_1504_2000.pdf
2000_1501,2000-01-01,Otro,,"IMPARTE NORMAS SOBRE FORMA Y CONTENIDO DE LOS ESTADOS FINANCIEROS DE LAS SOCIEDADES INSCRITAS EN EL REGISTRO DE VALORES. DEROGA CIRCULAR Nº 239 DE 1982.
(NOTA: ENTRA EN VIGENCIA Y DEROGA CIRCULAR QUE INDICA A PARTIR DE LOS ESTADOS FINANCIEROS AL 31 DE DICIEMBRE DE 2000)",https://www.cmfchile.cl/normativa/cir_1501_2000.pdf
2000_1494,2000-01-01,Otro,,"IMPARTE INSTRUCCIONES SOBRE PLAZOS PARA EMISION DE TITULOS, REGISTRO DE TRASPASOS, EMISION DE CARTOLAS Y HORARIO DE DEPARTAMENTO DE ACCIONES (SAA E IV)",https://www.cmfchile.cl/normativa/cir_1494_2000.pdf
2000_1487,2000-01-01,Otro,,IMPARTE INSTRUCCIONES SOBRE TRAMITACION DE CONSULTAS Y RECLAMOS RELATIVAS A SEGUROS (MS),https://www.cmfchile.cl/normativa/cir_1487_2000.pdf
2000_1484,2000-01-01,Otro,,IMPARTE INSTRUCCIONES SOBRE PREVENCION Y CONTROL DE OPERACIONES CON RECURSOS ILICITOS. LEY NRO 19.366 (ES),https://www.cmfchile.cl/normativa/cir_1484_2000.pdf
2000_1478,2000-01-01,Otro,,IMPARTE INSTRUCCIONES SOBRE VALIDACION FISICA DEL MEDIO MAGNETICO QUE RESPALDA LA INFORMACION FINANCIERA (SIRV O SRNL18.046 SALVO ES),https://www.cmfchile.cl/normativa/cir_1478_2000.pdf
2000_1474,2000-01-01,Otro,,ESTABLECE NORMAS PARA LA VALORIZACION Y CONTABILIZACION DE OPERACIONES DE VENTA CORTA Y PRESTAMO DE ACCIONES (IV),https://www.cmfchile.cl/normativa/cir_1474_2000.pdf
2000_1466,2000-01-01,Otro,,IMPARTE INSTRUCCIONES SOBRE TRATAMIENTO CONTABLE DEL IMPUESTO A LA RENTA E IMPUESTOS DIFERIDOS(EF),https://www.cmfchile.cl/normativa/cir_1466_2000.pdf
2000_0102,2000-01-01,Otro,,ESTABLECE NORMAS PARA CORREDORES DE SEGUROS DE RENTAS VITALICIAS DEL D.L. Nº 3.500 DE 1980.,https://www.cmfchile.cl/normativa/ncg_102_2000.pdf
2000_0091,2000-01-01,Otro,,ESTABLECE NORMAS PARA AGENTES DE VENTAS DE SEGUROS DE RENTAS VITALICIAS DEL SEGUNDO GRUPO (ESG2),https://www.cmfchile.cl/normativa/ncg_91_2000.pdf
1999_2346,1999-01-01,Otro,,IMPARTE INSTRUCCIONES SOBRE ENVIO DE ESTADOS FINANCIEROS (AMH),https://www.cmfchile.cl/normativa/ofc_2346_1999.pdf
1999_1457,1999-01-01,Otro,,"IMPARTE INSTRUCCIONES SOBRE: 1) INFORMACION A INCLUIR EN POLIZAS DE SEGUROS, 2) REGLAS MINIMAS PARA SEGUROS CONTRATADOS EN FORMA COLECTIVA, 3) NORMAS GENERALES DE PUBLICIDAD, Y 4) NORMAS SOBRE PROMOCION, PUBLICIDAD Y OFERTA DE SEGUROS Y BENEFICIOS ASOCIADOS (ES Y CS)",https://www.cmfchile.cl/normativa/cir_1457_1999.pdf
1999_1450,1999-01-01,Otro,,IMPARTE INSTRUCCIONES SOBRE TRATAMIENTO CONTABLE DEL IMPUESTO A LA RENTA Y GASTOS DIFERIDOS(EF),https://www.cmfchile.cl/normativa/cir_1450_1999.pdf
1999_1439,1999-01-01,Otro,,"IMPARTE NORMAS SOBRE FORMA, CONTENIDO Y PRESENTACION DE LOS ESTADOS FINANCIEROS DE LAS ENTIDADES ASEGURADORAS Y REASEGURADORAS DEL  SEGUNDO GRUPO (ESG2)",https://www.cmfchile.cl/normativa/cir_1439_1999.pdf
1999_1423,1999-01-01,Otro,,"IMPARTE INSTRUCCIONES SOBRE LA FORMA DE ENTREGA DE LA INFORMACION FINANCIERA A ESTA SUPERINTENDENCIA . MODIFICA CIRCULAR NRO 579, DE 1985 (IV)",https://www.cmfchile.cl/normativa/cir_1423_1999.pdf
1999_0083,1999-01-01,Otro,,IMPARTE INSTRUCCIONES SOBRE LA OFERTA PUBLICA DE VALORES EXTRANJEROS EN LAS BOLSAS DE VALORES (BV Y CB),https://www.cmfchile.cl/normativa/ncg_83_1999.pdf
1999_0066,1999-01-01,Otro,,"IMPARTE INSTRUCCIONES RELATIVAS AL DENOMINADO ""PROBLEMA DEL AÑO 2000""",https://www.cmfchile.cl/normativa/ofc_66_1999.pdf
1998_4575,1998-01-01,Otro,,"IMPARTE INSTRUCCIONES RELATIVAS AL DENOMINADO ""PROBLEMAS DEL AÑO 2000""",https://www.cmfchile.cl/normativa/ofc_4575_1998.pdf
1998_4574,1998-01-01,Otro,,"IMPARTE INSTRUCCIONES RELATIVAS AL DENOMINADO ""PROBLEMAS DEL AÑO 2000""",https://www.cmfchile.cl/normativa/ofc_4574_1998.pdf
1998_4573,1998-01-01,Otro,,"IMPARTE INSTRUCCIONES RELATIVAS LA DENOMINADO ""PROBLEMA DEL AÑO 2000""",https://www.cmfchile.cl/normativa/ofc_4573_1998.pdf
1998_4572,1998-01-01,Otro,,IMPARTE INSTRUCCIONES RELATIVAS AL DENOMINADO PROBLEMA DEL AÑO 2000,https://www.cmfchile.cl/normativa/ofc_4572_1998.pdf
1998_1404,1998-01-01,Otro,,"CIRCULAR CONJUNTA SSS NRO 1669, SAFP NRO 1037 Y SVS NRO 1404. INCORPORACION DE PENSIONADOS A LAS CAJAS DE COMPENSACION DE ASIGNACION FAMILIAR (C.C.A.F.). IMPARTE INSTRUCCIONES SOBRE PROCEDIMIENTOS DE AFILIACION Y DESAFILIACION Y MODOS DE HACER EFECTIVOS LOS DESCUENTOS QUE PROCEDAN A LAS PENSIONES DE LOS PENSIONADOS AFILIADOS(ESG2)",https://www.cmfchile.cl/normativa/cir_1404_1998.pdf
1998_1390,1998-01-01,Otro,,IMPARTE INSTRUCCIONES RELATIVAS A INTERMEDIACION DE SEGUROS (ES Y CS),https://www.cmfchile.cl/normativa/cir_1390_1998.pdf
1998_1389,1998-01-01,Otro,,"REFUNDE Y MODIFICA NORMAS SOBRE INFORMACION A INCLUIR EN POLIZAS RESPECTO A COBERTURAS, PRIMAS Y COMISIONES E IMPARTE INSTRUCCIONES SOBRE INFORMACION A PROPORCIONAR EN SEGUROS CONTRATADOS EN FORMA COLECTIVA (ES Y CS)",https://www.cmfchile.cl/normativa/cir_1389_1998.pdf
1998_1383,1998-01-01,Otro,,IMPARTE INSTRUCCIONES SOBRE TRATAMIENTO CONTABLE DEL IMPUESTO A LA RENTA Y GASTOS DIFERIDOS (EF),https://www.cmfchile.cl/normativa/cir_1383_1998.pdf
1998_1382,1998-01-01,Otro,,IMPARTE INSTRUCCIONES SOBRE FORMA DE ENTREGA DE LA INFORMACION FINANCIERA A ESTA SUPERINTENDENCIA (SIRV SALVO ES),https://www.cmfchile.cl/normativa/cir_1382_1998.pdf
1998_1375,1998-01-01,Otro,,IMPARTE NORMAS SOBRE INFORMACION PARA OPERACIONES CON ADRS Y OTRAS OBLIGACIONES (SAA QUE OPERAN CON ADRS),https://www.cmfchile.cl/normativa/cir_1375_1998.pdf
1997_1352,1997-01-01,Otro,,IMPARTE INSTRUCCIONES RELATIVAS AL ARTICULO 4 LETRA E) NRO 3 NROS. III Y IV DEL D.F.L. NRO 251 (ES),https://www.cmfchile.cl/normativa/cir_1352_1997.pdf
1996_2628,1996-01-01,Otro,,MODIFICA OFICIO CIRCULAR NRO 2225 (CSG1-2),https://www.cmfchile.cl/normativa/ofc_2628_1996.pdf
1996_1266,1996-01-01,Otro,,IMPARTE INSTRUCCIONES SOBRE ENVIO DE INFORMACION DE INTERMEDIACION ANUAL DE SEGUROS EFECTUADA POR CORREDORES DE SEGUROS Y VENTA DIRECTA (ES),https://www.cmfchile.cl/normativa/cir_1266_1996.pdf
2024_0520,1995-11-06,Modificación NCG,,"EJECUTA ACUERDO DEL CONSEJO DE LA COMISIÓN PARA EL MERCADO FINANCIERO QUE APRUEBA LA EMISIÓN DE LA NORMATIVA QUE MODIFICA LA NORMA DE CARÁCTER GENERAL N°200 QUE ESTABLECE NORMAS SOBRE OPERACIONES DE COBERTURA DE RIESGOS FINANCIEROS, INVERSIÓN EN PRODUCTOS DERIVADOS FINANCIEROS Y OPERACIONES DE PRÉSTAMO DE ACCIONES, Y LA CIRCULAR QUE MODIFICA LA CIRCULAR N°1512 QUE IMPARTE INSTRUCCIONES SOBRE CONSTITUCIÓN DE RESERVAS TÉCNICAS Y VALORIZACIÓN DE  ACTIVOS Y PASIVOS EN RELACIÓN AL CALCE DE ACTIVOS Y PASIVOS.",https://www.cmfchile.cl/normativa/ncg_520_2024.pdf
1995_1241,1995-01-01,Otro,,IMPARTE NORMAS SOBRE VALORIZACION Y CONTABILIZACION DE INVERSIONES EN FILIALES EXTRANJERAS DE SU MISMO OBJETO EXCLUSIVO  (ES),https://www.cmfchile.cl/normativa/cir_1241_1995.pdf
1995_1222,1995-01-01,Otro,,IMPARTE NORMAS SOBRE FORMA Y CONTENIDO DE LOS ESTADOS FINANCIEROS DE LOS FONDOS SOLIDARIOS DE CREDITO UNIVERSITARIO (FSCU),https://www.cmfchile.cl/normativa/cir_1222_1995.pdf
1995_1221,1995-01-01,Otro,,IMPARTE INSTRUCCIONES SOBRE CONTABILIZACION DE CREDITOS REPROGRAMADOS Y SUS RESPECTIVAS PROVISIONES (FSCU),https://www.cmfchile.cl/normativa/cir_1221_1995.pdf
1995_0839,1995-01-01,Otro,,"IMPARTE INSTRUCCIONES RELATIVAS A APLICACION CIRCULAR CONJUNTA NRO 678 SAFP, 1009 SVS Y TESORERIA, SOBRE BENEFICIOS GARANTIZADOS POR EL ESTADO (CSG2)",https://www.cmfchile.cl/normativa/ofc_839_1995.pdf
1994_1177,1994-01-01,Otro,,IMPARTE INSTRUCCIONES SOBRE CONFECCION DEL REGISTRO ESPECIAL DE VALORES DE TERCEROS A NOMBRE DE INTERMEDIARIOS DE VALORES O DE BOLSAS DE VALORES (IV Y BV),https://www.cmfchile.cl/normativa/cir_1177_1994.pdf
1994_1174,1994-01-01,Otro,,"IMPARTE INSTRUCCIONES SOBRE FORMA Y CONTENIDO DE INFORMACION DE COLOCACION, RESCATE Y TRANSFERENCIA DE CUOTAS DE FONDOS DE INVERSION (AFI)",https://www.cmfchile.cl/normativa/cir_1174_1994.pdf
1994_1172,1994-01-01,Otro,,"IMPARTE INSTRUCCIONES SOBRE FORMA Y CONTENIDO DE INFORMACION DE COLOCACION, RESCATE Y TRANSFERENCIA DE CUOTAS DE FONDOS MUTUOS (AFM)",https://www.cmfchile.cl/normativa/cir_1172_1994.pdf
1994_1146,1994-01-01,Otro,,"IMPARTE INSTRUCCIONES SOBRE PRESENTACION DE PRODUCCION ANUAL, INTERMEDIADA POR CORREDORES DE SEGUROS Y DE LA PROVENIENTE DE VENTA DIRECTA (ES)",https://www.cmfchile.cl/normativa/cir_1146_1994.pdf
1993_1118,1993-01-01,Otro,,IMPARTE INSTRUCCIONES SOBRE IMPUESTOS DIFERIDOS (EPF),https://www.cmfchile.cl/normativa/cir_1118_1993.pdf
1992_1068,1992-01-01,Otro,,"IMPARTE INSTRUCCIONES SOBRE PUBLICACION, PUBLICIDAD Y PROMOCION DE LA CLASIFICACION DE OBLIGACIONES DE COMPAÑIAS DE SEGUROS (ES Y CS)",https://www.cmfchile.cl/normativa/cir_1068_1992.pdf
1992_1058,1992-01-01,Otro,,"IMPARTE INSTRUCCIONES SOBRE CONTABILIZACION DE CREDITOS REPROGRAMADOS SEGUN LEY NRO 19.083. MODIFICA CIRCULAR NRO 817, DE 1988 (FCU)",https://www.cmfchile.cl/normativa/cir_1058_1992.pdf
1992_0042,1992-01-01,Otro,,IMPARTE NORMAS SOBRE TASACION DE BIENES RAICES URBANOS NO HABITACIONALES (ES),https://www.cmfchile.cl/normativa/ncg_42_1992.pdf
1991_1042,1991-01-01,Otro,,"IMPARTE INSTRUCCIONES SOBRE  APLICACION DE CIRCULAR NRO 1041, DE 1991 (ESG2)",https://www.cmfchile.cl/normativa/cir_1042_1991.pdf
1991_1041,1991-01-01,Otro,,IMPARTE INSTRUCCIONES SOBRE VALORIZACION DE ACTIVOS Y PASIVOS EN RELACION A SU CALCE EN EL TIEMPO (ESG2),https://www.cmfchile.cl/normativa/cir_1041_1991.pdf
1991_1040,1991-01-01,Otro,,IMPARTE INSTRUCCIONES RELATIVAS A LA CONSTITUCION DE RESERVAS CATASTROFICAS DE TERREMOTO (ESG1),https://www.cmfchile.cl/normativa/cir_1040_1991.pdf
1991_0986,1991-01-01,Otro,,IMPARTE INSTRUCCIONES SOBRE TRATAMIENTO CONTABLE DEL IMPUESTO A LA RENTA (EF),https://www.cmfchile.cl/normativa/cir_986_1991.pdf
1990_0967,1990-01-01,Otro,,"IMPARTE INSTRUCCIONES RELATIVAS A CONSTITUCION DE RESERVAS DE LOS SEGUROS ESTABLECIDOS EN EL D.L. 3.500, COBERTURA VIGENTE A CONTAR 1 DE AGOSTO DE 1990 (ESG2)",https://www.cmfchile.cl/normativa/cir_967_1990.pdf
1990_0956,1990-01-01,Otro,,IMPARTE INSTRUCCIONES SOBRE PROVISION IMPUESTO DE 1& CATEGORIA (EF),https://www.cmfchile.cl/normativa/cir_956_1990.pdf
1990_0951,1990-01-01,Otro,,IMPARTE NORMAS SOBRE INFORMACION PARA OPERACIONES CON ADRS Y OTRAS OBLIGACIONES (SAA QUE OPERAN CON ADRS),https://www.cmfchile.cl/normativa/cir_951_1990.pdf
1990_0918,1990-01-01,Otro,,IMPARTE NORMAS SOBRE CERTIFICADO SEGURO OBLIGATORIO LEY NRO 18.490 (ES Y CS),https://www.cmfchile.cl/normativa/cir_918_1990.pdf
1989_0905,1989-01-01,Otro,,"IMPARTE INSTRUCCIONES SOBRE APLICACION DE CIRCULAR NRO 873, DE 1989 (ESG2)",https://www.cmfchile.cl/normativa/cir_905_1989.pdf
1989_0851,1989-01-01,Otro,,IMPARTE NORMAS SOBRE FORMA Y CONTENIDO DE LOS ESTADOS FINANCIEROS DE CLASIFICADORAS DE RIESGO (ECRF),https://www.cmfchile.cl/normativa/cir_851_1989.pdf
1989_0845,1989-01-01,Otro,,IMPARTE NORMAS SOBRE GASTOS ADMINISTRATIVOS QUE PODRAN CARGARSE A LOS FONDOS DE CREDITO UNIVERSITARIO (FCU.),https://www.cmfchile.cl/normativa/cir_845_1989.pdf
1988_0819,1988-01-01,Otro,,IMPARTE NORMAS SOBRE REQUISITOS DE INFORMACION QUE DEBEN CUMPLIR LOS ADMINISTRADORES GENERALES DE LOS FONDOS DE CREDITO UNIVERSITARIO (FCU),https://www.cmfchile.cl/normativa/cir_819_1988.pdf
1988_0817,1988-01-01,Otro,,IMPARTE NORMAS SOBRE FORMA Y CONTENIDO DE LOS ESTADOS FINANCIEROS DE LOS FONDOS DE CREDITO UNIVERSITARIO (FCU),https://www.cmfchile.cl/normativa/cir_817_1988.pdf
1988_0778,1988-01-01,Otro,,IMPARTE INSTRUCCIONES RELATIVAS A CONSTITUCION DE RESERVAS TECNICAS DE LOS SEGUROS ESTABLECIDOS EN EL D.L. 3.500 (ESG2),https://www.cmfchile.cl/normativa/cir_778_1988.pdf
1987_0727,1987-01-01,Otro,,ESTABLECE NORMAS PARA ENVIO INFORMACION DE SEGUROS PREVISIONALES EN MEDIOS MAGNETICOS (ESG2),https://www.cmfchile.cl/normativa/cir_727_1987.pdf
1986_0660,1986-01-01,Otro,,"IMPARTE INSTRUCCIONES SOBRE FORMA Y CONTENIDO DE INFORMACION RELATIVA AL REPARTO DE DIVIDENDOS, REPARTO DE CAPITAL, CANJE DE ACCIONES Y EMISION DE ACCIONES LIBERADAS DE PAGO. INSTRUYE SOBRE PLAZO Y CONTENIDO DE PUBLICACIONES RELATIVAS A DICHAS MATERIAS (SAF  SALVO SACS, SACR, SACIV Y SACEVOP QUE NO TENGAN SUS ACCIONES EMITIDAS INSCRITAS EN BOLSAS DE VALORES)",https://www.cmfchile.cl/normativa/cir_660_1986.pdf
1986_0614,1986-01-01,Otro,,IMPARTE INSTRUCCIONES SOBRE CONTENIDO COMUNICACION INFORMANDO AL SERVICIO DE LA CITACION A JUNTA DE ACCIONISTAS (SAF),https://www.cmfchile.cl/normativa/cir_614_1986.pdf
1986_0585,1986-01-01,Otro,,"IMPARTE INSTRUCCIONES SOBRE FORMA Y CONTENIDO DE INFORMACION SOBRE TRANSACCIONES DE ACCIONES, COMPROMISOS Y OPCIONES DE COMPRA O VENTA DE ACCIONES EFECTUADAS POR PERSONAS Y ENTIDADES QUE INDICA.(SAA, AFM Y EIRV)",https://www.cmfchile.cl/normativa/cir_585_1986.pdf
1985_0562,1985-01-01,Otro,,"IMPARTE INSTRUCCIONES SOBRE MATERIAS QUE INDICA: 1) CONSULTAS FORMULADAS POR ASEGURADORAS Y REASEGURADORAS AL SERVICIO, 2) INFORMES DE MODELOS DE POLIZAS * (TACITAMENTE DEROGADA)(ES)",https://www.cmfchile.cl/normativa/cir_562_1985.pdf
1985_0529,1985-01-01,Otro,,IMPARTE INSTRUCCIONES SOBRE VALORIZACION DE ACTIVOS Y PASIVOS EXPRESADOS EN MONEDA EXTRANJERA (EF),https://www.cmfchile.cl/normativa/cir_529_1985.pdf
1985_0528,1985-01-01,Otro,,IMPARTE INSTRUCCIONES RELATIVAS A CONSTITUCION DE RESERVAS TECNICAS DE LOS SEGUROS ESTABLECIDOS EN EL D.L. 3.500 (ESG2),https://www.cmfchile.cl/normativa/cir_528_1985.pdf
1985_0514,1985-01-01,Otro,,"ESTABLECE NORMAS PARA LOS INTERMEDIARIOS SOBRE VALORIZACION DE INVERSIONES EN VALORES MOBILIARIOS, COMPROMISOS DE COMPRA, VENTAS CON COMPROMISO DE RETROCOMPRA, COMPROMISOS DE VENTA Y COMPRAS CON COMPROMISO DE RETROVENTA (IV)",https://www.cmfchile.cl/normativa/cir_514_1985.pdf
1984_0425,1984-01-01,Otro,,IMPARTE INSTRUCCIONES RELATIVAS A CONSTITUCION DE RESERVAS TECNICAS DE LOS SEGUROS ESTABLECIDOS EN EL D.L. 3.500 (ESG2),https://www.cmfchile.cl/normativa/cir_425_1984.pdf
1983_0292,1983-01-01,Otro,,IMPARTE NORMAS SOBRE CONFECCION Y PRESENTACION DE ANEXO NRO 11 (PRODUCCION Y REMUNERACION DE CORREDORES DE SEGUROS)(ES),https://www.cmfchile.cl/normativa/cir_292_1983.pdf
1982_0240,1982-01-01,Otro,,"IMPARTE INSTRUCCIONES SOBRE FORMA Y CONTENIDO DE INFORMACION SOBRE TRANSACCIONES DE ACCIONES EFECTUADAS POR ACCIONISTAS MAYORITARIOS, DIRECTORES, GERENTE GENERAL, GERENTES Y LIQUIDADORES (SAA, AFM Y EIRV)",https://www.cmfchile.cl/normativa/cir_240_1982.pdf
1982_0239,1982-01-01,Otro,,IMPARTE NORMAS SOBRE FORMA Y CONTENIDO DE LOS ESTADOS FINANCIEROS DE LAS SOCIEDADES INSCRITAS EN EL REGISTRO DE VALORES (SIRV SALVO ES)),https://www.cmfchile.cl/normativa/cir_239_1982.pdf
1982_0183,1982-01-01,Otro,,COMPLEMENTA O.C. 3251 QUE IMPARTE INSTRUCCIONES SOBRE AGENTES COLOCADORES DE CUOTAS DE FONDOS MUTUOS (AFM),https://www.cmfchile.cl/normativa/cir_183_1982.pdf
1981_0109,1981-01-01,Otro,,"IMPARTE INSTRUCCIONES SOBRE FORMA REVELAR TRANSACCIONES ENTRE PARTES RELACIONADAS (VERSION MODIFICADA Y PUESTA AL DIA DE CIRCULAR 1610)(SIBV Y RV, AFM Y ES)",https://www.cmfchile.cl/normativa/cir_109_1981.pdf
1981_0101,1981-01-01,Otro,,"IMPARTE INSTRUCCIONES SOBRE PRESENTACION DE GASTOS FINANCIEROS (SIBV Y RV, AFM)",https://www.cmfchile.cl/normativa/cir_101_1981.pdf
1981_0086,1981-01-01,Otro,,"IMPARTE NORMAS SOBRE FORMA Y CONTENIDO DE LOS ESTADOS FINANCIEROS PRESENTADOS POR LAS EMPRESAS QUE SEÑALA (FIJA TEXTO CIRCULAR  NRO 1460)(SIBV Y RV, AFM)",https://www.cmfchile.cl/normativa/cir_86_1981.pdf
1981_0031,1981-01-01,Otro,,IMPARTE INSTRUCCIONES SOBRE APROBACION DE PLANES DE INVERSION Y BENEFICIOS ANEXOS A LOS MISMOS (AFM),https://www.cmfchile.cl/normativa/cir_31_1981.pdf
1979_3251,1979-07-06,Otro,,IMPARTE INSTRUCCIONES SOBRE AGENTES COLOCADORES DE CUOTAS DE FONDOS MUTUOS,https://www.cmfchile.cl/normativa/ofc_3251_1979.pdf
0000_0000,,Otro,,MODIFICA OFICIO CIRCULAR Nº 69 DE 05 DE ENERO DE 2001,https://www.cmfchile.cl/normativa/ofc_141_2001_01.pdf
